[NX v22.6.2 Daemon Client] - 2026-04-02T05:07:05.610Z - [Client] Starting new daemon server in background
[NX v22.6.2 Daemon Client] - 2026-04-02T05:07:05.615Z - [Client] Waiting for server (max: 6000 attempts, 10ms interval)
[NX v22.6.2 Daemon Server] - 2026-04-02T05:07:05.821Z - New daemon starting from: /Users/thilinashashimalsenarath/Documents/thunder/frontend/node_modules/.pnpm/nx@22.6.2_@swc-node+register@1.11.1_@swc+core@1.15.21_@swc+helpers@0.5.18__@swc+types@0_cee606a162dedb814fdc44e450ef6d9c/node_modules/nx/src/daemon/server/server.js
[NX v22.6.2 Daemon Server] - 2026-04-02T05:07:05.821Z - New daemon __dirname: /Users/thilinashashimalsenarath/Documents/thunder/frontend/node_modules/.pnpm/nx@22.6.2_@swc-node+register@1.11.1_@swc+core@1.15.21_@swc+helpers@0.5.18__@swc+types@0_cee606a162dedb814fdc44e450ef6d9c/node_modules/nx/src/daemon/server
[NX v22.6.2 Daemon Server] - 2026-04-02T05:07:05.821Z - New daemon nxVersion: 22.6.2
[NX v22.6.2 Daemon Server] - 2026-04-02T05:07:05.822Z - New daemon getInstalledNxVersion(): 22.6.2
[NX v22.6.2 Daemon Server] - 2026-04-02T05:07:05.823Z - Time taken for 'workspace context init' 0.8642080000000192ms
[NX v22.6.2 Daemon Server] - 2026-04-02T05:07:05.825Z - [Server] Starting outdated check interval (20ms)
[NX v22.6.2 Daemon Server] - 2026-04-02T05:07:05.826Z - Started listening on: /private/var/folders/hb/3my_1qdj0w149mpd7vs6mkn80000gn/T/c77705ffecfa6135bfda/d.sock
[NX v22.6.2 Daemon Server] - 2026-04-02T05:07:05.828Z - [WATCHER]: Subscribed to changes within: /Users/thilinashashimalsenarath/Documents/thunder/frontend (native)
[NX v22.6.2 Daemon Server] - 2026-04-02T05:07:05.828Z - [LATEST-NX]: Pulling latest Nx...
Fetching nx...
[NX v22.6.2 Daemon Client] - 2026-04-02T05:07:05.832Z - [Client] Server available after 19 attempts
[NX v22.6.2 Daemon Client] - 2026-04-02T05:07:05.832Z - [Client] Daemon server started, pid=74315
[NX v22.6.2 Daemon Client] - 2026-04-02T05:07:05.833Z - [Messenger] Setting up socket listeners
[NX v22.6.2 Daemon Client] - 2026-04-02T05:07:05.833Z - [Messenger] listen() complete
[NX v22.6.2 Daemon Client] - 2026-04-02T05:07:05.833Z - [Messenger] Sending message type: REQUEST_PROJECT_GRAPH
[NX v22.6.2 Daemon Client] - 2026-04-02T05:07:05.834Z - [Messenger] Message sent
[NX v22.6.2 Daemon Server] - 2026-04-02T05:07:06.952Z - [AI-AGENTS]: Starting agent configuration status computation
[NX v22.6.2 Daemon Server] - 2026-04-02T05:07:06.966Z - Established a connection. Number of open connections: 1
[NX v22.6.2 Daemon Server] - 2026-04-02T05:07:06.968Z - Time taken for 'loadSpecifiedNxPlugins' 8.689791999999898ms
[NX v22.6.2 Daemon Server] - 2026-04-02T05:07:06.968Z - Established a connection. Number of open connections: 2
[NX v22.6.2 Daemon Server] - 2026-04-02T05:07:06.970Z - Closed a connection. Number of open connections: 1
[NX v22.6.2 Daemon Server] - 2026-04-02T05:07:06.972Z - Received raw message of length 32
[NX v22.6.2 Daemon Server] - 2026-04-02T05:07:06.973Z - Received json message of type REQUEST_PROJECT_GRAPH
[NX v22.6.2 Daemon Server] - 2026-04-02T05:07:06.973Z - [REQUEST]: Client Request for Project Graph Received
Time taken for 'plugin worker 74327 code loading' 252.490292ms
[NX v22.6.2 Daemon Server] - 2026-04-02T05:07:07.270Z - Time taken for 'start-plugin-worker:/Users/thilinashashimalsenarath/Documents/thunder/frontend/node_modules/.pnpm/nx@22.6.2_@swc-node+register@1.11.1_@swc+core@1.15.21_@swc+helpers@0.5.18__@swc+types@0_cee606a162dedb814fdc44e450ef6d9c/node_modules/nx/src/plugins/js' 313.173041ms
[NX v22.6.2 Daemon Server] - 2026-04-02T05:07:07.270Z - Time taken for 'start-plugin-worker:/Users/thilinashashimalsenarath/Documents/thunder/frontend/node_modules/.pnpm/nx@22.6.2_@swc-node+register@1.11.1_@swc+core@1.15.21_@swc+helpers@0.5.18__@swc+types@0_cee606a162dedb814fdc44e450ef6d9c/node_modules/nx/src/plugins/package-json' 309.70845800000006ms
[NX v22.6.2 Daemon Server] - 2026-04-02T05:07:07.270Z - Time taken for 'start-plugin-worker:/Users/thilinashashimalsenarath/Documents/thunder/frontend/node_modules/.pnpm/nx@22.6.2_@swc-node+register@1.11.1_@swc+core@1.15.21_@swc+helpers@0.5.18__@swc+types@0_cee606a162dedb814fdc44e450ef6d9c/node_modules/nx/src/plugins/project-json/build-nodes/project-json' 308.15820800000006ms
Time taken for 'plugin worker 74329 code loading' 254.846458ms
Time taken for 'plugin worker 74328 code loading' 254.82654099999996ms
[NX v22.6.2 Daemon Server] - 2026-04-02T05:07:07.394Z - Time taken for 'Load Nx Plugin: /Users/thilinashashimalsenarath/Documents/thunder/frontend/node_modules/.pnpm/nx@22.6.2_@swc-node+register@1.11.1_@swc+core@1.15.21_@swc+helpers@0.5.18__@swc+types@0_cee606a162dedb814fdc44e450ef6d9c/node_modules/nx/src/plugins/package-json' 438.52333299999987ms
[NX v22.6.2 Daemon Server] - 2026-04-02T05:07:07.400Z - Time taken for 'Load Nx Plugin: /Users/thilinashashimalsenarath/Documents/thunder/frontend/node_modules/.pnpm/nx@22.6.2_@swc-node+register@1.11.1_@swc+core@1.15.21_@swc+helpers@0.5.18__@swc+types@0_cee606a162dedb814fdc44e450ef6d9c/node_modules/nx/src/plugins/project-json/build-nodes/project-json' 443.47083299999986ms
[NX v22.6.2 Daemon Server] - 2026-04-02T05:07:23.988Z - [REQUEST]: Updated workspace context based on watched changes, recomputing project graph...
[NX v22.6.2 Daemon Server] - 2026-04-02T05:07:23.988Z - [REQUEST]: 
[NX v22.6.2 Daemon Server] - 2026-04-02T05:07:23.988Z - [REQUEST]: 
[NX v22.6.2 Daemon Server] - 2026-04-02T05:07:24.047Z - Reusing in-memory cached project graph because no files changed.
[NX v22.6.2 Daemon Server] - 2026-04-02T05:07:24.051Z - Time taken for 'loadDefaultNxPlugins' 460.607125ms
[NX v22.6.2 Daemon Server] - 2026-04-02T05:07:24.051Z - Time taken for 'Load Nx Plugin: /Users/thilinashashimalsenarath/Documents/thunder/frontend/node_modules/.pnpm/nx@22.6.2_@swc-node+register@1.11.1_@swc+core@1.15.21_@swc+helpers@0.5.18__@swc+types@0_cee606a162dedb814fdc44e450ef6d9c/node_modules/nx/src/plugins/js' 460.49287500000014ms
[NX v22.6.2 Daemon Server] - 2026-04-02T05:07:24.051Z - Time taken for 'hash changed files from watcher' 16571.555709ms
[NX v22.6.2 Daemon Server] - 2026-04-02T05:07:24.056Z - [LATEST-NX]: Successfully pulled latest Nx to /private/var/folders/hb/3my_1qdj0w149mpd7vs6mkn80000gn/T/tmp-74315-QaqchVhnfVF0
[NX v22.6.4 Daemon Server] - 2026-04-02T05:07:24.761Z - [NX-CONSOLE]: Using local implementation (NX_USE_LOCAL=true or inner call)
DEBUG nx::native::ide::install: Detected editor: Unknown
Time taken for 'nx/js/dependencies-and-lockfile:createNodes' 104.39450000000215ms
[NX v22.6.2 Daemon Server] - 2026-04-02T05:07:24.765Z - [NX-CONSOLE]: Console status check completed, shouldPrompt: false
Time taken for 'nx/core/package-json:createNodes' 725.8229169999977ms
[NX v22.6.2 Daemon Server] - 2026-04-02T05:07:25.209Z - Time taken for 'build-project-configs' 739.4330420000006ms
[NX v22.6.2 Daemon Server] - 2026-04-02T05:07:25.210Z - Time taken for 'createNodes:merge' 6.740000000001601ms
[NX v22.6.2 Daemon Server] - 2026-04-02T05:07:25.210Z - Time taken for 'native-file-deps' 0.01079100000060862ms
[NX v22.6.2 Daemon Server] - 2026-04-02T05:07:25.210Z - Time taken for 'get-workspace-files' 194.36458299999867ms
[NX v22.6.2 Daemon Server] - 2026-04-02T05:07:25.210Z - Time taken for 'get-all-workspace-files' 8.099083999997674ms
[NX v22.6.2 Daemon Server] - 2026-04-02T05:07:25.210Z - Time taken for 'read cache' 0.13799999999901047ms
DEBUG nx::native::ide::install: Editor command 'code' is installed
DEBUG nx::native::ide::install: Editor command 'code-insiders' not found
DEBUG nx::native::ide::install: Checking if Nx Console extension is installed with: code --list-extensions
Time taken for 'build typescript dependencies' 141.48579200000313ms
[NX v22.6.2 Daemon Server] - 2026-04-02T05:07:25.800Z - [SYNC]: collect registered sync generators
[NX v22.6.2 Daemon Server] - 2026-04-02T05:07:25.881Z - Wrote project graph cache to /Users/thilinashashimalsenarath/Documents/thunder/frontend/.nx/workspace-data/project-graph.json
[NX v22.6.2 Daemon Server] - 2026-04-02T05:07:25.881Z - Serializing response for REQUEST_PROJECT_GRAPH message in json mode
[NX v22.6.2 Daemon Server] - 2026-04-02T05:07:25.881Z - Responding to REQUEST_PROJECT_GRAPH message
[NX v22.6.2 Daemon Server] - 2026-04-02T05:07:25.882Z - [REQUEST]: Responding to the client. project-graph
[NX v22.6.2 Daemon Server] - 2026-04-02T05:07:25.883Z - Time taken for 'total for creating and serializing project graph' 18907.821207999998ms
[NX v22.6.2 Daemon Server] - 2026-04-02T05:07:25.883Z - Time taken for 'total execution time for createProjectGraph()' 793.7198750000025ms
[NX v22.6.2 Daemon Server] - 2026-04-02T05:07:25.883Z - Time taken for 'createDependencies' 662.1647909999992ms
[NX v22.6.2 Daemon Server] - 2026-04-02T05:07:25.883Z - Time taken for 'nx/js/dependencies-and-lockfile:createDependencies' 661.6747920000016ms
[NX v22.6.2 Daemon Server] - 2026-04-02T05:07:25.883Z - Time taken for 'createMetadata' 0.040334000001166714ms
[NX v22.6.2 Daemon Server] - 2026-04-02T05:07:25.883Z - Time taken for 'serialize graph' 6.602582999999868ms
[NX v22.6.2 Daemon Server] - 2026-04-02T05:07:25.883Z - Time taken for 'write cache' 79.61779200000092ms
[NX v22.6.2 Daemon Server] - 2026-04-02T05:07:25.890Z - Done responding to the client project-graph
[NX v22.6.2 Daemon Server] - 2026-04-02T05:07:25.890Z - Handled json message REQUEST_PROJECT_GRAPH. Handling time: 18908. Response time: 9.
[NX v22.6.2 Daemon Client] - 2026-04-02T05:07:25.891Z - [Messenger] Received message, length: 1251133
[NX v22.6.2 Daemon Client] - 2026-04-02T05:07:25.903Z - [Messenger] Sending message type: PRE_TASKS_EXECUTION
[NX v22.6.2 Daemon Client] - 2026-04-02T05:07:25.903Z - [Messenger] Message sent
[NX v22.6.2 Daemon Server] - 2026-04-02T05:07:25.903Z - Received raw message of length 741
[NX v22.6.2 Daemon Server] - 2026-04-02T05:07:25.904Z - Received json message of type PRE_TASKS_EXECUTION
[NX v22.6.2 Daemon Server] - 2026-04-02T05:07:25.905Z - Serializing response for PRE_TASKS_EXECUTION message in json mode
[NX v22.6.2 Daemon Server] - 2026-04-02T05:07:25.905Z - Responding to PRE_TASKS_EXECUTION message
[NX v22.6.2 Daemon Server] - 2026-04-02T05:07:25.905Z - [REQUEST]: Responding to the client. handleRunPreTasksExecution
[NX v22.6.2 Daemon Server] - 2026-04-02T05:07:25.905Z - Done responding to the client handleRunPreTasksExecution
[NX v22.6.2 Daemon Server] - 2026-04-02T05:07:25.906Z - Handled json message PRE_TASKS_EXECUTION. Handling time: 1. Response time: 1.
[NX v22.6.2 Daemon Client] - 2026-04-02T05:07:25.905Z - [Messenger] Received message, length: 2
[NX v22.6.2 Daemon Server] - 2026-04-02T05:07:25.906Z - Time taken for 'preTasksExecution' 0.8724159999983385ms
[NX v22.6.2 Daemon Client] - 2026-04-02T05:07:26.030Z - [Messenger] Sending message type: HASH_TASKS
[NX v22.6.2 Daemon Client] - 2026-04-02T05:07:26.031Z - [Messenger] Message sent
[NX v22.6.2 Daemon Server] - 2026-04-02T05:07:26.033Z - Received raw message of length 21648
[NX v22.6.2 Daemon Server] - 2026-04-02T05:07:26.033Z - Received json message of type HASH_TASKS
[NX v22.6.2 Daemon Server] - 2026-04-02T05:07:26.034Z - Reusing in-memory cached project graph because no files changed.
DEBUG nx::native::tasks::hash_planner: get_plans_internal COMPLETED in 12.78925ms - processed 13 tasks (setup: 7.781416ms, parallel_planning: 4.994917ms)
DEBUG nx::native::tasks::hashers::hash_workspace_files: Hashing workspace fileset with inputs: Adding "11270979969866030128" (".gitignore") to hash
DEBUG nx::native::tasks::hashers::hash_workspace_files: Hashing workspace fileset with inputs: Adding "11270979969866030128" (".gitignore") to hash
DEBUG nx::native::tasks::hashers::hash_workspace_files: Hashing workspace fileset with inputs: Adding "11270979969866030128" (".gitignore") to hash
DEBUG nx::native::tasks::hashers::hash_workspace_files: Hashing workspace fileset with inputs: Adding "11270979969866030128" (".gitignore") to hash
DEBUG nx::native::tasks::hashers::hash_workspace_files: Hashing workspace fileset with inputs: Adding "11270979969866030128" (".gitignore") to hash
DEBUG nx::native::tasks::hashers::hash_workspace_files: Hashing workspace fileset with inputs: Adding "11270979969866030128" (".gitignore") to hash
DEBUG nx::native::tasks::hashers::hash_workspace_files: Hashing workspace fileset with inputs: Adding "11270979969866030128" (".gitignore") to hash
DEBUG nx::native::tasks::hashers::hash_workspace_files: Hashing workspace fileset with inputs: Adding "11270979969866030128" (".gitignore") to hash
DEBUG nx::native::tasks::hashers::hash_workspace_files: Hashing workspace fileset with inputs: Adding "3553820021084211887" ("nx.json") to hash
DEBUG nx::native::tasks::hashers::hash_workspace_files: Hashing workspace fileset with inputs: Hash Value: "10665259820010788507"
DEBUG nx::native::tasks::hashers::hash_workspace_files: Hashing workspace fileset with inputs: Adding "3553820021084211887" ("nx.json") to hash
DEBUG nx::native::tasks::hashers::hash_workspace_files: Hashing workspace fileset with inputs: Hash Value: "10665259820010788507"
DEBUG nx::native::tasks::hashers::hash_workspace_files: Hashing workspace fileset with inputs: Adding "3553820021084211887" ("nx.json") to hash
DEBUG nx::native::tasks::hashers::hash_workspace_files: Hashing workspace fileset with inputs: Hash Value: "10665259820010788507"
DEBUG nx::native::tasks::hashers::hash_workspace_files: Hashing workspace fileset with inputs: Adding "3553820021084211887" ("nx.json") to hash
DEBUG nx::native::tasks::hashers::hash_workspace_files: Hashing workspace fileset with inputs: Hash Value: "10665259820010788507"
DEBUG nx::native::tasks::hashers::hash_workspace_files: Hashing workspace fileset with inputs: Adding "3553820021084211887" ("nx.json") to hash
DEBUG nx::native::tasks::hashers::hash_workspace_files: Hashing workspace fileset with inputs: Hash Value: "10665259820010788507"
DEBUG nx::native::tasks::hashers::hash_workspace_files: Hashing workspace fileset with inputs: Adding "3553820021084211887" ("nx.json") to hash
DEBUG nx::native::tasks::hashers::hash_workspace_files: Hashing workspace fileset with inputs: Hash Value: "10665259820010788507"
DEBUG nx::native::tasks::hashers::hash_workspace_files: Hashing workspace fileset with inputs: Adding "3553820021084211887" ("nx.json") to hash
DEBUG nx::native::tasks::hashers::hash_workspace_files: Hashing workspace fileset with inputs: Hash Value: "10665259820010788507"
DEBUG nx::native::tasks::hashers::hash_workspace_files: Hashing workspace fileset with inputs: Adding "3553820021084211887" ("nx.json") to hash
DEBUG nx::native::tasks::hashers::hash_workspace_files: Hashing workspace fileset with inputs: Hash Value: "10665259820010788507"
DEBUG nx::native::tasks::task_hasher: hash_plans COMPLETED in 73.207ms - processed 13 plans (setup: 1.2015ms, hashing: 72.0035ms, assembly: 9.785ms)
[NX v22.6.2 Daemon Server] - 2026-04-02T05:07:26.136Z - Serializing response for HASH_TASKS message in json mode
[NX v22.6.2 Daemon Server] - 2026-04-02T05:07:26.138Z - Responding to HASH_TASKS message
[NX v22.6.2 Daemon Server] - 2026-04-02T05:07:26.138Z - [REQUEST]: Responding to the client. handleHashTasks
[NX v22.6.2 Daemon Server] - 2026-04-02T05:07:26.141Z - Done responding to the client handleHashTasks
[NX v22.6.2 Daemon Server] - 2026-04-02T05:07:26.141Z - Handled json message HASH_TASKS. Handling time: 103. Response time: 5.
[NX v22.6.2 Daemon Client] - 2026-04-02T05:07:26.141Z - [Messenger] Received message, length: 466568
[NX v22.6.2 Daemon Client] - 2026-04-02T05:07:26.233Z - [Messenger] Sending message type: GET_ESTIMATED_TASK_TIMINGS
[NX v22.6.2 Daemon Client] - 2026-04-02T05:07:26.233Z - [Messenger] Message sent
[NX v22.6.2 Daemon Server] - 2026-04-02T05:07:26.233Z - Received raw message of length 705
[NX v22.6.2 Daemon Server] - 2026-04-02T05:07:26.233Z - Received json message of type GET_ESTIMATED_TASK_TIMINGS
[NX v22.6.2 Daemon Server] - 2026-04-02T05:07:26.280Z - Serializing response for GET_ESTIMATED_TASK_TIMINGS message in json mode
[NX v22.6.2 Daemon Server] - 2026-04-02T05:07:26.280Z - Responding to GET_ESTIMATED_TASK_TIMINGS message
[NX v22.6.2 Daemon Server] - 2026-04-02T05:07:26.280Z - [REQUEST]: Responding to the client. handleGetEstimatedTaskTimings
[NX v22.6.2 Daemon Server] - 2026-04-02T05:07:26.280Z - Done responding to the client handleGetEstimatedTaskTimings
[NX v22.6.2 Daemon Server] - 2026-04-02T05:07:26.280Z - Handled json message GET_ESTIMATED_TASK_TIMINGS. Handling time: 47. Response time: 0.
[NX v22.6.2 Daemon Client] - 2026-04-02T05:07:26.280Z - [Messenger] Received message, length: 2
DEBUG nx::native::ide::install: Nx Console extension is not installed
DEBUG nx::native::ide::install: Editor command 'cursor' not found
DEBUG nx::native::ide::install: Checking if Nx Console extension is installed with: cursor --list-extensions
DEBUG nx::native::ide::install: Command 'cursor' not found, cannot check extension status
[NX v22.6.2 Daemon Server] - 2026-04-02T05:07:26.528Z - [AI-AGENTS]: Agent configuration status computation completed: 0 fully configured, 0 outdated, 0 partially configured, 5 non-configured
[NX v22.6.2 Daemon Server] - 2026-04-02T05:07:30.069Z - [WATCHER]: Processing file changes in outputs
[NX v22.6.2 Daemon Client] - 2026-04-02T05:07:32.926Z - [Messenger] Sending message type: RECORD_OUTPUTS_HASH
[NX v22.6.2 Daemon Client] - 2026-04-02T05:07:32.927Z - [Messenger] Message sent
[NX v22.6.2 Daemon Server] - 2026-04-02T05:07:32.927Z - Received raw message of length 243
[NX v22.6.2 Daemon Server] - 2026-04-02T05:07:32.928Z - Received json message of type RECORD_OUTPUTS_HASH
[NX v22.6.2 Daemon Server] - 2026-04-02T05:07:32.931Z - Serializing response for RECORD_OUTPUTS_HASH message in json mode
[NX v22.6.2 Daemon Server] - 2026-04-02T05:07:32.931Z - Responding to RECORD_OUTPUTS_HASH message
[NX v22.6.2 Daemon Server] - 2026-04-02T05:07:32.931Z - [REQUEST]: Responding to the client. recordOutputsHash
[NX v22.6.2 Daemon Server] - 2026-04-02T05:07:32.931Z - Done responding to the client recordOutputsHash
[NX v22.6.2 Daemon Server] - 2026-04-02T05:07:32.932Z - Handled json message RECORD_OUTPUTS_HASH. Handling time: 3. Response time: 0.
[NX v22.6.2 Daemon Client] - 2026-04-02T05:07:32.932Z - [Messenger] Received message, length: 2
[NX v22.6.2 Daemon Server] - 2026-04-02T05:07:32.935Z - [WATCHER]: Processing file changes in outputs
[NX v22.6.2 Daemon Server] - 2026-04-02T05:07:32.997Z - [WATCHER]: Processing file changes in outputs
[NX v22.6.2 Daemon Client] - 2026-04-02T05:07:33.487Z - [Messenger] Sending message type: RECORD_OUTPUTS_HASH
[NX v22.6.2 Daemon Client] - 2026-04-02T05:07:33.487Z - [Messenger] Message sent
[NX v22.6.2 Daemon Server] - 2026-04-02T05:07:33.487Z - Received raw message of length 236
[NX v22.6.2 Daemon Server] - 2026-04-02T05:07:33.487Z - Received json message of type RECORD_OUTPUTS_HASH
[NX v22.6.2 Daemon Server] - 2026-04-02T05:07:33.490Z - Serializing response for RECORD_OUTPUTS_HASH message in json mode
[NX v22.6.2 Daemon Server] - 2026-04-02T05:07:33.490Z - Responding to RECORD_OUTPUTS_HASH message
[NX v22.6.2 Daemon Server] - 2026-04-02T05:07:33.490Z - [REQUEST]: Responding to the client. recordOutputsHash
[NX v22.6.2 Daemon Server] - 2026-04-02T05:07:33.490Z - Done responding to the client recordOutputsHash
[NX v22.6.2 Daemon Server] - 2026-04-02T05:07:33.490Z - Handled json message RECORD_OUTPUTS_HASH. Handling time: 3. Response time: 0.
[NX v22.6.2 Daemon Client] - 2026-04-02T05:07:33.490Z - [Messenger] Received message, length: 2
[NX v22.6.2 Daemon Server] - 2026-04-02T05:07:33.505Z - [WATCHER]: Processing file changes in outputs
[NX v22.6.2 Daemon Server] - 2026-04-02T05:07:33.556Z - [WATCHER]: Processing file changes in outputs
[NX v22.6.2 Daemon Server] - 2026-04-02T05:07:35.773Z - [WATCHER]: Processing file changes in outputs
[NX v22.6.2 Daemon Server] - 2026-04-02T05:07:35.941Z - [WATCHER]: Processing file changes in outputs
[NX v22.6.2 Daemon Server] - 2026-04-02T05:07:37.156Z - [WATCHER]: Processing file changes in outputs
[NX v22.6.2 Daemon Client] - 2026-04-02T05:07:37.161Z - [Messenger] Sending message type: RECORD_OUTPUTS_HASH
[NX v22.6.2 Daemon Client] - 2026-04-02T05:07:37.161Z - [Messenger] Message sent
[NX v22.6.2 Daemon Server] - 2026-04-02T05:07:37.161Z - Received raw message of length 207
[NX v22.6.2 Daemon Server] - 2026-04-02T05:07:37.161Z - Received json message of type RECORD_OUTPUTS_HASH
[NX v22.6.2 Daemon Server] - 2026-04-02T05:07:37.163Z - Serializing response for RECORD_OUTPUTS_HASH message in json mode
[NX v22.6.2 Daemon Server] - 2026-04-02T05:07:37.163Z - Responding to RECORD_OUTPUTS_HASH message
[NX v22.6.2 Daemon Server] - 2026-04-02T05:07:37.163Z - [REQUEST]: Responding to the client. recordOutputsHash
[NX v22.6.2 Daemon Server] - 2026-04-02T05:07:37.163Z - Done responding to the client recordOutputsHash
[NX v22.6.2 Daemon Server] - 2026-04-02T05:07:37.163Z - Handled json message RECORD_OUTPUTS_HASH. Handling time: 2. Response time: 0.
[NX v22.6.2 Daemon Client] - 2026-04-02T05:07:37.163Z - [Messenger] Received message, length: 2
[NX v22.6.2 Daemon Server] - 2026-04-02T05:07:37.222Z - [WATCHER]: Processing file changes in outputs
[NX v22.6.2 Daemon Server] - 2026-04-02T05:07:39.889Z - [WATCHER]: Processing file changes in outputs
[NX v22.6.2 Daemon Server] - 2026-04-02T05:07:40.058Z - [WATCHER]: Processing file changes in outputs
[NX v22.6.2 Daemon Client] - 2026-04-02T05:07:40.059Z - [Messenger] Sending message type: RECORD_OUTPUTS_HASH
[NX v22.6.2 Daemon Client] - 2026-04-02T05:07:40.059Z - [Messenger] Message sent
[NX v22.6.2 Daemon Server] - 2026-04-02T05:07:40.060Z - Received raw message of length 244
[NX v22.6.2 Daemon Server] - 2026-04-02T05:07:40.060Z - Received json message of type RECORD_OUTPUTS_HASH
[NX v22.6.2 Daemon Server] - 2026-04-02T05:07:40.063Z - Serializing response for RECORD_OUTPUTS_HASH message in json mode
[NX v22.6.2 Daemon Server] - 2026-04-02T05:07:40.063Z - Responding to RECORD_OUTPUTS_HASH message
[NX v22.6.2 Daemon Server] - 2026-04-02T05:07:40.063Z - [REQUEST]: Responding to the client. recordOutputsHash
[NX v22.6.2 Daemon Server] - 2026-04-02T05:07:40.063Z - Done responding to the client recordOutputsHash
[NX v22.6.2 Daemon Server] - 2026-04-02T05:07:40.063Z - Handled json message RECORD_OUTPUTS_HASH. Handling time: 3. Response time: 0.
[NX v22.6.2 Daemon Client] - 2026-04-02T05:07:40.063Z - [Messenger] Received message, length: 2
[NX v22.6.2 Daemon Server] - 2026-04-02T05:07:40.127Z - [WATCHER]: Processing file changes in outputs
[NX v22.6.2 Daemon Server] - 2026-04-02T05:07:43.701Z - [WATCHER]: Processing file changes in outputs
[NX v22.6.2 Daemon Client] - 2026-04-02T05:07:44.030Z - [Messenger] Sending message type: RECORD_OUTPUTS_HASH
[NX v22.6.2 Daemon Client] - 2026-04-02T05:07:44.030Z - [Messenger] Message sent
[NX v22.6.2 Daemon Server] - 2026-04-02T05:07:44.030Z - Received raw message of length 199
[NX v22.6.2 Daemon Server] - 2026-04-02T05:07:44.030Z - Received json message of type RECORD_OUTPUTS_HASH
[NX v22.6.2 Daemon Server] - 2026-04-02T05:07:44.032Z - Serializing response for RECORD_OUTPUTS_HASH message in json mode
[NX v22.6.2 Daemon Server] - 2026-04-02T05:07:44.032Z - Responding to RECORD_OUTPUTS_HASH message
[NX v22.6.2 Daemon Server] - 2026-04-02T05:07:44.032Z - [REQUEST]: Responding to the client. recordOutputsHash
[NX v22.6.2 Daemon Server] - 2026-04-02T05:07:44.032Z - Done responding to the client recordOutputsHash
[NX v22.6.2 Daemon Server] - 2026-04-02T05:07:44.032Z - Handled json message RECORD_OUTPUTS_HASH. Handling time: 2. Response time: 0.
[NX v22.6.2 Daemon Client] - 2026-04-02T05:07:44.032Z - [Messenger] Received message, length: 2
[NX v22.6.2 Daemon Server] - 2026-04-02T05:07:44.058Z - [WATCHER]: Processing file changes in outputs
[NX v22.6.2 Daemon Server] - 2026-04-02T05:07:46.325Z - [WATCHER]: Processing file changes in outputs
[NX v22.6.2 Daemon Client] - 2026-04-02T05:07:49.295Z - [Messenger] Sending message type: RECORD_OUTPUTS_HASH
[NX v22.6.2 Daemon Client] - 2026-04-02T05:07:49.295Z - [Messenger] Message sent
[NX v22.6.2 Daemon Server] - 2026-04-02T05:07:49.295Z - Received raw message of length 223
[NX v22.6.2 Daemon Server] - 2026-04-02T05:07:49.295Z - Received json message of type RECORD_OUTPUTS_HASH
[NX v22.6.2 Daemon Server] - 2026-04-02T05:07:49.297Z - Serializing response for RECORD_OUTPUTS_HASH message in json mode
[NX v22.6.2 Daemon Server] - 2026-04-02T05:07:49.297Z - Responding to RECORD_OUTPUTS_HASH message
[NX v22.6.2 Daemon Server] - 2026-04-02T05:07:49.297Z - [REQUEST]: Responding to the client. recordOutputsHash
[NX v22.6.2 Daemon Server] - 2026-04-02T05:07:49.297Z - Done responding to the client recordOutputsHash
[NX v22.6.2 Daemon Server] - 2026-04-02T05:07:49.297Z - Handled json message RECORD_OUTPUTS_HASH. Handling time: 2. Response time: 0.
[NX v22.6.2 Daemon Client] - 2026-04-02T05:07:49.297Z - [Messenger] Received message, length: 2
[NX v22.6.2 Daemon Server] - 2026-04-02T05:07:49.331Z - [WATCHER]: Processing file changes in outputs
[NX v22.6.2 Daemon Server] - 2026-04-02T05:07:51.061Z - [WATCHER]: Processing file changes in outputs
[NX v22.6.2 Daemon Server] - 2026-04-02T05:07:51.167Z - [WATCHER]: Processing file changes in outputs
[NX v22.6.2 Daemon Client] - 2026-04-02T05:07:51.979Z - [Messenger] Sending message type: RECORD_OUTPUTS_HASH
[NX v22.6.2 Daemon Client] - 2026-04-02T05:07:51.979Z - [Messenger] Message sent
[NX v22.6.2 Daemon Server] - 2026-04-02T05:07:51.979Z - Received raw message of length 204
[NX v22.6.2 Daemon Server] - 2026-04-02T05:07:51.979Z - Received json message of type RECORD_OUTPUTS_HASH
[NX v22.6.2 Daemon Server] - 2026-04-02T05:07:51.982Z - Serializing response for RECORD_OUTPUTS_HASH message in json mode
[NX v22.6.2 Daemon Server] - 2026-04-02T05:07:51.982Z - Responding to RECORD_OUTPUTS_HASH message
[NX v22.6.2 Daemon Server] - 2026-04-02T05:07:51.982Z - [REQUEST]: Responding to the client. recordOutputsHash
[NX v22.6.2 Daemon Server] - 2026-04-02T05:07:51.982Z - Done responding to the client recordOutputsHash
[NX v22.6.2 Daemon Server] - 2026-04-02T05:07:51.982Z - Handled json message RECORD_OUTPUTS_HASH. Handling time: 3. Response time: 0.
[NX v22.6.2 Daemon Client] - 2026-04-02T05:07:51.982Z - [Messenger] Received message, length: 2
[NX v22.6.2 Daemon Server] - 2026-04-02T05:07:52.016Z - [WATCHER]: Processing file changes in outputs
[NX v22.6.2 Daemon Server] - 2026-04-02T05:07:52.115Z - [WATCHER]: Processing file changes in outputs
[NX v22.6.2 Daemon Client] - 2026-04-02T05:07:52.171Z - [Messenger] Sending message type: RECORD_OUTPUTS_HASH
[NX v22.6.2 Daemon Client] - 2026-04-02T05:07:52.171Z - [Messenger] Message sent
[NX v22.6.2 Daemon Server] - 2026-04-02T05:07:52.171Z - Received raw message of length 207
[NX v22.6.2 Daemon Server] - 2026-04-02T05:07:52.171Z - Received json message of type RECORD_OUTPUTS_HASH
[NX v22.6.2 Daemon Server] - 2026-04-02T05:07:52.176Z - Serializing response for RECORD_OUTPUTS_HASH message in json mode
[NX v22.6.2 Daemon Server] - 2026-04-02T05:07:52.176Z - Responding to RECORD_OUTPUTS_HASH message
[NX v22.6.2 Daemon Server] - 2026-04-02T05:07:52.176Z - [REQUEST]: Responding to the client. recordOutputsHash
[NX v22.6.2 Daemon Server] - 2026-04-02T05:07:52.176Z - Done responding to the client recordOutputsHash
[NX v22.6.2 Daemon Server] - 2026-04-02T05:07:52.176Z - Handled json message RECORD_OUTPUTS_HASH. Handling time: 5. Response time: 0.
[NX v22.6.2 Daemon Client] - 2026-04-02T05:07:52.176Z - [Messenger] Received message, length: 2
[NX v22.6.2 Daemon Server] - 2026-04-02T05:07:52.194Z - [WATCHER]: Processing file changes in outputs
[NX v22.6.2 Daemon Server] - 2026-04-02T05:07:52.249Z - [WATCHER]: Processing file changes in outputs
[NX v22.6.2 Daemon Server] - 2026-04-02T05:07:53.496Z - [WATCHER]: Processing file changes in outputs
[NX v22.6.2 Daemon Client] - 2026-04-02T05:07:54.284Z - [Messenger] Sending message type: RECORD_OUTPUTS_HASH
[NX v22.6.2 Daemon Client] - 2026-04-02T05:07:54.284Z - [Messenger] Message sent
[NX v22.6.2 Daemon Server] - 2026-04-02T05:07:54.284Z - Received raw message of length 203
[NX v22.6.2 Daemon Server] - 2026-04-02T05:07:54.284Z - Received json message of type RECORD_OUTPUTS_HASH
[NX v22.6.2 Daemon Server] - 2026-04-02T05:07:54.286Z - Serializing response for RECORD_OUTPUTS_HASH message in json mode
[NX v22.6.2 Daemon Server] - 2026-04-02T05:07:54.286Z - Responding to RECORD_OUTPUTS_HASH message
[NX v22.6.2 Daemon Server] - 2026-04-02T05:07:54.286Z - [REQUEST]: Responding to the client. recordOutputsHash
[NX v22.6.2 Daemon Server] - 2026-04-02T05:07:54.286Z - Done responding to the client recordOutputsHash
[NX v22.6.2 Daemon Server] - 2026-04-02T05:07:54.286Z - Handled json message RECORD_OUTPUTS_HASH. Handling time: 2. Response time: 0.
[NX v22.6.2 Daemon Client] - 2026-04-02T05:07:54.287Z - [Messenger] Received message, length: 2
[NX v22.6.2 Daemon Server] - 2026-04-02T05:07:54.304Z - [WATCHER]: Processing file changes in outputs
[NX v22.6.2 Daemon Server] - 2026-04-02T05:07:56.008Z - [WATCHER]: Processing file changes in outputs
[NX v22.6.2 Daemon Server] - 2026-04-02T05:07:56.151Z - [WATCHER]: Processing file changes in outputs
[NX v22.6.2 Daemon Client] - 2026-04-02T05:07:57.084Z - [Messenger] Sending message type: RECORD_OUTPUTS_HASH
[NX v22.6.2 Daemon Client] - 2026-04-02T05:07:57.084Z - [Messenger] Message sent
[NX v22.6.2 Daemon Server] - 2026-04-02T05:07:57.084Z - Received raw message of length 232
[NX v22.6.2 Daemon Server] - 2026-04-02T05:07:57.084Z - Received json message of type RECORD_OUTPUTS_HASH
[NX v22.6.2 Daemon Server] - 2026-04-02T05:07:57.086Z - Serializing response for RECORD_OUTPUTS_HASH message in json mode
[NX v22.6.2 Daemon Server] - 2026-04-02T05:07:57.086Z - Responding to RECORD_OUTPUTS_HASH message
[NX v22.6.2 Daemon Server] - 2026-04-02T05:07:57.086Z - [REQUEST]: Responding to the client. recordOutputsHash
[NX v22.6.2 Daemon Server] - 2026-04-02T05:07:57.087Z - Done responding to the client recordOutputsHash
[NX v22.6.2 Daemon Server] - 2026-04-02T05:07:57.087Z - Handled json message RECORD_OUTPUTS_HASH. Handling time: 2. Response time: 1.
[NX v22.6.2 Daemon Client] - 2026-04-02T05:07:57.087Z - [Messenger] Received message, length: 2
[NX v22.6.2 Daemon Server] - 2026-04-02T05:07:57.114Z - [WATCHER]: Processing file changes in outputs
[NX v22.6.2 Daemon Server] - 2026-04-02T05:07:59.491Z - [WATCHER]: Processing file changes in outputs
[NX v22.6.2 Daemon Client] - 2026-04-02T05:07:59.526Z - [Messenger] Sending message type: RECORD_OUTPUTS_HASH
[NX v22.6.2 Daemon Client] - 2026-04-02T05:07:59.526Z - [Messenger] Message sent
[NX v22.6.2 Daemon Server] - 2026-04-02T05:07:59.526Z - Received raw message of length 235
[NX v22.6.2 Daemon Server] - 2026-04-02T05:07:59.526Z - Received json message of type RECORD_OUTPUTS_HASH
[NX v22.6.2 Daemon Server] - 2026-04-02T05:07:59.529Z - Serializing response for RECORD_OUTPUTS_HASH message in json mode
[NX v22.6.2 Daemon Server] - 2026-04-02T05:07:59.529Z - Responding to RECORD_OUTPUTS_HASH message
[NX v22.6.2 Daemon Server] - 2026-04-02T05:07:59.529Z - [REQUEST]: Responding to the client. recordOutputsHash
[NX v22.6.2 Daemon Server] - 2026-04-02T05:07:59.529Z - Done responding to the client recordOutputsHash
[NX v22.6.2 Daemon Server] - 2026-04-02T05:07:59.529Z - Handled json message RECORD_OUTPUTS_HASH. Handling time: 3. Response time: 0.
[NX v22.6.2 Daemon Client] - 2026-04-02T05:07:59.529Z - [Messenger] Received message, length: 2
[NX v22.6.2 Daemon Server] - 2026-04-02T05:07:59.544Z - [WATCHER]: Processing file changes in outputs
[NX v22.6.2 Daemon Server] - 2026-04-02T05:07:59.597Z - [WATCHER]: Processing file changes in outputs
[NX v22.6.2 Daemon Server] - 2026-04-02T05:08:10.899Z - [WATCHER]: Processing file changes in outputs
[NX v22.6.2 Daemon Server] - 2026-04-02T05:08:11.728Z - [WATCHER]: Processing file changes in outputs
[NX v22.6.2 Daemon Client] - 2026-04-02T05:08:11.908Z - [Messenger] Sending message type: RECORD_OUTPUTS_HASH
[NX v22.6.2 Daemon Client] - 2026-04-02T05:08:11.908Z - [Messenger] Message sent
[NX v22.6.2 Daemon Server] - 2026-04-02T05:08:11.909Z - Received raw message of length 183
[NX v22.6.2 Daemon Server] - 2026-04-02T05:08:11.909Z - Received json message of type RECORD_OUTPUTS_HASH
[NX v22.6.2 Daemon Server] - 2026-04-02T05:08:11.913Z - Serializing response for RECORD_OUTPUTS_HASH message in json mode
[NX v22.6.2 Daemon Server] - 2026-04-02T05:08:11.913Z - Responding to RECORD_OUTPUTS_HASH message
[NX v22.6.2 Daemon Server] - 2026-04-02T05:08:11.913Z - [REQUEST]: Responding to the client. recordOutputsHash
[NX v22.6.2 Daemon Server] - 2026-04-02T05:08:11.913Z - Done responding to the client recordOutputsHash
[NX v22.6.2 Daemon Server] - 2026-04-02T05:08:11.913Z - Handled json message RECORD_OUTPUTS_HASH. Handling time: 4. Response time: 0.
[NX v22.6.2 Daemon Client] - 2026-04-02T05:08:11.914Z - [Messenger] Received message, length: 2
[NX v22.6.2 Daemon Server] - 2026-04-02T05:08:11.970Z - [WATCHER]: Processing file changes in outputs
[NX v22.6.2 Daemon Server] - 2026-04-02T05:08:23.354Z - [WATCHER]: Processing file changes in outputs
[NX v22.6.2 Daemon Server] - 2026-04-02T05:08:34.978Z - [WATCHER]: Processing file changes in outputs
[NX v22.6.2 Daemon Server] - 2026-04-02T05:08:35.976Z - [WATCHER]: Processing file changes in outputs
[NX v22.6.2 Daemon Client] - 2026-04-02T05:08:36.222Z - [Messenger] Sending message type: RECORD_OUTPUTS_HASH
[NX v22.6.2 Daemon Client] - 2026-04-02T05:08:36.222Z - [Messenger] Message sent
[NX v22.6.2 Daemon Server] - 2026-04-02T05:08:36.222Z - Received raw message of length 195
[NX v22.6.2 Daemon Server] - 2026-04-02T05:08:36.222Z - Received json message of type RECORD_OUTPUTS_HASH
[NX v22.6.2 Daemon Server] - 2026-04-02T05:08:36.228Z - Serializing response for RECORD_OUTPUTS_HASH message in json mode
[NX v22.6.2 Daemon Server] - 2026-04-02T05:08:36.228Z - Responding to RECORD_OUTPUTS_HASH message
[NX v22.6.2 Daemon Server] - 2026-04-02T05:08:36.228Z - [REQUEST]: Responding to the client. recordOutputsHash
[NX v22.6.2 Daemon Server] - 2026-04-02T05:08:36.228Z - Done responding to the client recordOutputsHash
[NX v22.6.2 Daemon Server] - 2026-04-02T05:08:36.228Z - Handled json message RECORD_OUTPUTS_HASH. Handling time: 6. Response time: 0.
[NX v22.6.2 Daemon Client] - 2026-04-02T05:08:36.228Z - [Messenger] Received message, length: 2
[NX v22.6.2 Daemon Client] - 2026-04-02T05:08:36.259Z - [Messenger] Sending message type: RECORD_TASK_RUNS
[NX v22.6.2 Daemon Client] - 2026-04-02T05:08:36.259Z - [Messenger] Message sent
[NX v22.6.2 Daemon Server] - 2026-04-02T05:08:36.259Z - Received raw message of length 2351
[NX v22.6.2 Daemon Server] - 2026-04-02T05:08:36.260Z - Received json message of type RECORD_TASK_RUNS
[NX v22.6.2 Daemon Server] - 2026-04-02T05:08:36.260Z - Serializing response for RECORD_TASK_RUNS message in json mode
[NX v22.6.2 Daemon Server] - 2026-04-02T05:08:36.260Z - Responding to RECORD_TASK_RUNS message
[NX v22.6.2 Daemon Server] - 2026-04-02T05:08:36.260Z - [REQUEST]: Responding to the client. handleRecordTaskRuns
[NX v22.6.2 Daemon Server] - 2026-04-02T05:08:36.260Z - Done responding to the client handleRecordTaskRuns
[NX v22.6.2 Daemon Server] - 2026-04-02T05:08:36.260Z - Handled json message RECORD_TASK_RUNS. Handling time: 0. Response time: 0.
[NX v22.6.2 Daemon Client] - 2026-04-02T05:08:36.260Z - [Messenger] Received message, length: 4
[NX v22.6.2 Daemon Client] - 2026-04-02T05:08:36.261Z - [Messenger] Sending message type: GET_FLAKY_TASKS
[NX v22.6.2 Daemon Client] - 2026-04-02T05:08:36.261Z - [Messenger] Message sent
[NX v22.6.2 Daemon Server] - 2026-04-02T05:08:36.261Z - Received raw message of length 327
[NX v22.6.2 Daemon Server] - 2026-04-02T05:08:36.261Z - Received json message of type GET_FLAKY_TASKS
[NX v22.6.2 Daemon Server] - 2026-04-02T05:08:36.261Z - Serializing response for GET_FLAKY_TASKS message in json mode
[NX v22.6.2 Daemon Server] - 2026-04-02T05:08:36.261Z - Responding to GET_FLAKY_TASKS message
[NX v22.6.2 Daemon Server] - 2026-04-02T05:08:36.261Z - [REQUEST]: Responding to the client. handleGetFlakyTasks
[NX v22.6.2 Daemon Server] - 2026-04-02T05:08:36.261Z - Done responding to the client handleGetFlakyTasks
[NX v22.6.2 Daemon Server] - 2026-04-02T05:08:36.261Z - Handled json message GET_FLAKY_TASKS. Handling time: 0. Response time: 0.
[NX v22.6.2 Daemon Client] - 2026-04-02T05:08:36.261Z - [Messenger] Received message, length: 2
[NX v22.6.2 Daemon Server] - 2026-04-02T05:08:36.285Z - [WATCHER]: Processing file changes in outputs
[NX v22.6.2 Daemon Server] - 2026-04-02T05:09:25.966Z - Established a connection. Number of open connections: 2
[NX v22.6.2 Daemon Client] - 2026-04-02T05:09:25.967Z - [Messenger] Sending message type: GET_CONFIGURE_AI_AGENTS_STATUS
[NX v22.6.2 Daemon Client] - 2026-04-02T05:09:25.967Z - [Messenger] Message sent
[NX v22.6.2 Daemon Server] - 2026-04-02T05:09:25.968Z - Received raw message of length 41
[NX v22.6.2 Daemon Server] - 2026-04-02T05:09:25.968Z - Received json message of type GET_CONFIGURE_AI_AGENTS_STATUS
[NX v22.6.2 Daemon Server] - 2026-04-02T05:09:25.968Z - [AI-AGENTS]: Returning cached agent configuration status
[NX v22.6.2 Daemon Server] - 2026-04-02T05:09:25.968Z - Serializing response for GET_CONFIGURE_AI_AGENTS_STATUS message in json mode
[NX v22.6.2 Daemon Server] - 2026-04-02T05:09:25.968Z - Responding to GET_CONFIGURE_AI_AGENTS_STATUS message
[NX v22.6.2 Daemon Server] - 2026-04-02T05:09:25.968Z - [REQUEST]: Responding to the client. handleGetConfigureAiAgentsStatus
[NX v22.6.2 Daemon Server] - 2026-04-02T05:09:25.968Z - Done responding to the client handleGetConfigureAiAgentsStatus
[NX v22.6.2 Daemon Server] - 2026-04-02T05:09:25.968Z - Handled json message GET_CONFIGURE_AI_AGENTS_STATUS. Handling time: 0. Response time: 0.
[NX v22.6.2 Daemon Client] - 2026-04-02T05:09:25.968Z - [Messenger] Received message, length: 342
[NX v22.6.2 Daemon Server] - 2026-04-02T05:09:25.968Z - Closed a connection. Number of open connections: 1
[NX v22.6.2 Daemon Client] - 2026-04-02T05:09:26.200Z - [Messenger] Sending message type: POST_TASKS_EXECUTION
[NX v22.6.2 Daemon Client] - 2026-04-02T05:09:26.203Z - [Messenger] Message sent
[NX v22.6.2 Daemon Server] - 2026-04-02T05:09:26.205Z - Received raw message of length 531117
[NX v22.6.2 Daemon Server] - 2026-04-02T05:09:26.208Z - Received json message of type POST_TASKS_EXECUTION
[NX v22.6.2 Daemon Server] - 2026-04-02T05:09:26.209Z - Serializing response for POST_TASKS_EXECUTION message in json mode
[NX v22.6.2 Daemon Server] - 2026-04-02T05:09:26.209Z - Responding to POST_TASKS_EXECUTION message
[NX v22.6.2 Daemon Server] - 2026-04-02T05:09:26.209Z - [REQUEST]: Responding to the client. handleRunPostTasksExecution
[NX v22.6.2 Daemon Server] - 2026-04-02T05:09:26.209Z - Done responding to the client handleRunPostTasksExecution
[NX v22.6.2 Daemon Server] - 2026-04-02T05:09:26.209Z - Handled json message POST_TASKS_EXECUTION. Handling time: 1. Response time: 0.
[NX v22.6.2 Daemon Server] - 2026-04-02T05:09:26.209Z - Time taken for 'postTasksExecution' 0.2908750000060536ms
[NX v22.6.2 Daemon Client] - 2026-04-02T05:09:26.209Z - [Messenger] Received message, length: 4
[NX v22.6.2 Daemon Server] - 2026-04-02T05:09:26.223Z - Closed a connection. Number of open connections: 0
[NX v22.6.2 Daemon Server] - 2026-04-02T05:09:29.696Z - Established a connection. Number of open connections: 1
[NX v22.6.2 Daemon Server] - 2026-04-02T05:09:29.697Z - Closed a connection. Number of open connections: 0
[NX v22.6.2 Daemon Server] - 2026-04-02T05:09:29.698Z - Established a connection. Number of open connections: 1
[NX v22.6.2 Daemon Server] - 2026-04-02T05:09:29.698Z - Closed a connection. Number of open connections: 0
[NX v22.6.2 Daemon Server] - 2026-04-02T05:09:29.698Z - Established a connection. Number of open connections: 1
[NX v22.6.2 Daemon Client] - 2026-04-02T05:09:29.698Z - [Messenger] Setting up socket listeners
[NX v22.6.2 Daemon Client] - 2026-04-02T05:09:29.700Z - [Messenger] listen() complete
[NX v22.6.2 Daemon Client] - 2026-04-02T05:09:29.701Z - [Messenger] Sending message type: GET_NX_CONSOLE_STATUS
[NX v22.6.2 Daemon Client] - 2026-04-02T05:09:29.701Z - [Messenger] Message sent
[NX v22.6.2 Daemon Server] - 2026-04-02T05:09:29.709Z - Received raw message of length 32
[NX v22.6.2 Daemon Server] - 2026-04-02T05:09:29.709Z - Received json message of type GET_NX_CONSOLE_STATUS
[NX v22.6.2 Daemon Server] - 2026-04-02T05:09:29.709Z - Serializing response for GET_NX_CONSOLE_STATUS message in json mode
[NX v22.6.2 Daemon Server] - 2026-04-02T05:09:29.709Z - Responding to GET_NX_CONSOLE_STATUS message
[NX v22.6.2 Daemon Server] - 2026-04-02T05:09:29.709Z - [REQUEST]: Responding to the client. handleGetNxConsoleStatus
[NX v22.6.2 Daemon Server] - 2026-04-02T05:09:29.709Z - Done responding to the client handleGetNxConsoleStatus
[NX v22.6.2 Daemon Server] - 2026-04-02T05:09:29.709Z - Handled json message GET_NX_CONSOLE_STATUS. Handling time: 0. Response time: 0.
[NX v22.6.2 Daemon Client] - 2026-04-02T05:09:29.709Z - [Messenger] Received message, length: 22
[NX v22.6.2 Daemon Client] - 2026-04-02T05:09:29.759Z - [Messenger] Sending message type: REQUEST_PROJECT_GRAPH
[NX v22.6.2 Daemon Client] - 2026-04-02T05:09:29.759Z - [Messenger] Message sent
[NX v22.6.2 Daemon Server] - 2026-04-02T05:09:29.759Z - Received raw message of length 32
[NX v22.6.2 Daemon Server] - 2026-04-02T05:09:29.759Z - Received json message of type REQUEST_PROJECT_GRAPH
[NX v22.6.2 Daemon Server] - 2026-04-02T05:09:29.759Z - [REQUEST]: Client Request for Project Graph Received
[NX v22.6.2 Daemon Server] - 2026-04-02T05:09:29.760Z - Reusing in-memory cached project graph because no files changed.
[NX v22.6.2 Daemon Server] - 2026-04-02T05:09:29.760Z - Serializing response for REQUEST_PROJECT_GRAPH message in json mode
[NX v22.6.2 Daemon Server] - 2026-04-02T05:09:29.760Z - Responding to REQUEST_PROJECT_GRAPH message
[NX v22.6.2 Daemon Server] - 2026-04-02T05:09:29.760Z - [REQUEST]: Responding to the client. project-graph
[NX v22.6.2 Daemon Server] - 2026-04-02T05:09:29.763Z - Time taken for 'total for creating and serializing project graph' 0.8808750000025611ms
[NX v22.6.2 Daemon Server] - 2026-04-02T05:09:29.766Z - Done responding to the client project-graph
[NX v22.6.2 Daemon Server] - 2026-04-02T05:09:29.766Z - Handled json message REQUEST_PROJECT_GRAPH. Handling time: 1. Response time: 6.
[NX v22.6.2 Daemon Client] - 2026-04-02T05:09:29.767Z - [Messenger] Received message, length: 1251133
[NX v22.6.2 Daemon Client] - 2026-04-02T05:09:29.774Z - [Messenger] Sending message type: PRE_TASKS_EXECUTION
[NX v22.6.2 Daemon Client] - 2026-04-02T05:09:29.774Z - [Messenger] Message sent
[NX v22.6.2 Daemon Server] - 2026-04-02T05:09:29.774Z - Received raw message of length 758
[NX v22.6.2 Daemon Server] - 2026-04-02T05:09:29.774Z - Received json message of type PRE_TASKS_EXECUTION
[NX v22.6.2 Daemon Server] - 2026-04-02T05:09:29.775Z - Serializing response for PRE_TASKS_EXECUTION message in json mode
[NX v22.6.2 Daemon Server] - 2026-04-02T05:09:29.775Z - Responding to PRE_TASKS_EXECUTION message
[NX v22.6.2 Daemon Server] - 2026-04-02T05:09:29.775Z - [REQUEST]: Responding to the client. handleRunPreTasksExecution
[NX v22.6.2 Daemon Server] - 2026-04-02T05:09:29.775Z - Done responding to the client handleRunPreTasksExecution
[NX v22.6.2 Daemon Server] - 2026-04-02T05:09:29.775Z - Handled json message PRE_TASKS_EXECUTION. Handling time: 0. Response time: 0.
[NX v22.6.2 Daemon Server] - 2026-04-02T05:09:29.775Z - Time taken for 'preTasksExecution' 0.1730000000097789ms
[NX v22.6.2 Daemon Client] - 2026-04-02T05:09:29.775Z - [Messenger] Received message, length: 2
[NX v22.6.2 Daemon Client] - 2026-04-02T05:09:29.840Z - [Messenger] Sending message type: HASH_TASKS
[NX v22.6.2 Daemon Client] - 2026-04-02T05:09:29.840Z - [Messenger] Message sent
[NX v22.6.2 Daemon Server] - 2026-04-02T05:09:29.841Z - Received raw message of length 19916
[NX v22.6.2 Daemon Server] - 2026-04-02T05:09:29.842Z - Received json message of type HASH_TASKS
[NX v22.6.2 Daemon Server] - 2026-04-02T05:09:29.842Z - Reusing in-memory cached project graph because no files changed.
DEBUG nx::native::tasks::hash_planner: get_plans_internal COMPLETED in 10.178209ms - processed 11 tasks (setup: 5.755584ms, parallel_planning: 4.416417ms)
DEBUG nx::native::tasks::hashers::hash_workspace_files: Hashing workspace fileset with inputs: Adding "11270979969866030128" (".gitignore") to hash
DEBUG nx::native::tasks::hashers::hash_workspace_files: Hashing workspace fileset with inputs: Adding "11270979969866030128" (".gitignore") to hash
DEBUG nx::native::tasks::hashers::hash_workspace_files: Hashing workspace fileset with inputs: Adding "11270979969866030128" (".gitignore") to hash
DEBUG nx::native::tasks::hashers::hash_workspace_files: Hashing workspace fileset with inputs: Adding "11270979969866030128" (".gitignore") to hash
DEBUG nx::native::tasks::hashers::hash_workspace_files: Hashing workspace fileset with inputs: Adding "11270979969866030128" (".gitignore") to hash
DEBUG nx::native::tasks::hashers::hash_workspace_files: Hashing workspace fileset with inputs: Adding "11270979969866030128" (".gitignore") to hash
DEBUG nx::native::tasks::hashers::hash_workspace_files: Hashing workspace fileset with inputs: Adding "11270979969866030128" (".gitignore") to hash
DEBUG nx::native::tasks::hashers::hash_workspace_files: Hashing workspace fileset with inputs: Adding "11270979969866030128" (".gitignore") to hash
DEBUG nx::native::tasks::hashers::hash_workspace_files: Hashing workspace fileset with inputs: Adding "3553820021084211887" ("nx.json") to hash
DEBUG nx::native::tasks::hashers::hash_workspace_files: Hashing workspace fileset with inputs: Hash Value: "10665259820010788507"
DEBUG nx::native::tasks::hashers::hash_workspace_files: Hashing workspace fileset with inputs: Adding "3553820021084211887" ("nx.json") to hash
DEBUG nx::native::tasks::hashers::hash_workspace_files: Hashing workspace fileset with inputs: Hash Value: "10665259820010788507"
DEBUG nx::native::tasks::hashers::hash_workspace_files: Hashing workspace fileset with inputs: Adding "3553820021084211887" ("nx.json") to hash
DEBUG nx::native::tasks::hashers::hash_workspace_files: Hashing workspace fileset with inputs: Hash Value: "10665259820010788507"
DEBUG nx::native::tasks::hashers::hash_workspace_files: Hashing workspace fileset with inputs: Adding "3553820021084211887" ("nx.json") to hash
DEBUG nx::native::tasks::hashers::hash_workspace_files: Hashing workspace fileset with inputs: Hash Value: "10665259820010788507"
DEBUG nx::native::tasks::hashers::hash_workspace_files: Hashing workspace fileset with inputs: Adding "3553820021084211887" ("nx.json") to hash
DEBUG nx::native::tasks::hashers::hash_workspace_files: Hashing workspace fileset with inputs: Hash Value: "10665259820010788507"
DEBUG nx::native::tasks::hashers::hash_workspace_files: Hashing workspace fileset with inputs: Adding "3553820021084211887" ("nx.json") to hash
DEBUG nx::native::tasks::hashers::hash_workspace_files: Hashing workspace fileset with inputs: Hash Value: "10665259820010788507"
DEBUG nx::native::tasks::hashers::hash_workspace_files: Hashing workspace fileset with inputs: Adding "3553820021084211887" ("nx.json") to hash
DEBUG nx::native::tasks::hashers::hash_workspace_files: Hashing workspace fileset with inputs: Hash Value: "10665259820010788507"
DEBUG nx::native::tasks::hashers::hash_workspace_files: Hashing workspace fileset with inputs: Adding "3553820021084211887" ("nx.json") to hash
DEBUG nx::native::tasks::hashers::hash_workspace_files: Hashing workspace fileset with inputs: Hash Value: "10665259820010788507"
DEBUG nx::native::tasks::task_hasher: hash_plans COMPLETED in 50.702333ms - processed 11 plans (setup: 1.132083ms, hashing: 49.567042ms, assembly: 5.658291ms)
[NX v22.6.2 Daemon Server] - 2026-04-02T05:09:29.907Z - Serializing response for HASH_TASKS message in json mode
[NX v22.6.2 Daemon Server] - 2026-04-02T05:09:29.908Z - Responding to HASH_TASKS message
[NX v22.6.2 Daemon Server] - 2026-04-02T05:09:29.908Z - [REQUEST]: Responding to the client. handleHashTasks
[NX v22.6.2 Daemon Server] - 2026-04-02T05:09:29.910Z - Done responding to the client handleHashTasks
[NX v22.6.2 Daemon Server] - 2026-04-02T05:09:29.910Z - Handled json message HASH_TASKS. Handling time: 65. Response time: 3.
[NX v22.6.2 Daemon Client] - 2026-04-02T05:09:29.910Z - [Messenger] Received message, length: 381831
[NX v22.6.2 Daemon Client] - 2026-04-02T05:09:30.210Z - [Messenger] Sending message type: GET_ESTIMATED_TASK_TIMINGS
[NX v22.6.2 Daemon Client] - 2026-04-02T05:09:30.210Z - [Messenger] Message sent
[NX v22.6.2 Daemon Server] - 2026-04-02T05:09:30.210Z - Received raw message of length 612
[NX v22.6.2 Daemon Server] - 2026-04-02T05:09:30.211Z - Received json message of type GET_ESTIMATED_TASK_TIMINGS
[NX v22.6.2 Daemon Server] - 2026-04-02T05:09:30.211Z - Serializing response for GET_ESTIMATED_TASK_TIMINGS message in json mode
[NX v22.6.2 Daemon Server] - 2026-04-02T05:09:30.211Z - Responding to GET_ESTIMATED_TASK_TIMINGS message
[NX v22.6.2 Daemon Server] - 2026-04-02T05:09:30.211Z - [REQUEST]: Responding to the client. handleGetEstimatedTaskTimings
[NX v22.6.2 Daemon Server] - 2026-04-02T05:09:30.211Z - Done responding to the client handleGetEstimatedTaskTimings
[NX v22.6.2 Daemon Server] - 2026-04-02T05:09:30.211Z - Handled json message GET_ESTIMATED_TASK_TIMINGS. Handling time: 0. Response time: 0.
[NX v22.6.2 Daemon Client] - 2026-04-02T05:09:30.211Z - [Messenger] Received message, length: 366
[NX v22.6.2 Daemon Client] - 2026-04-02T05:09:30.215Z - [Messenger] Sending message type: OUTPUTS_HASHES_MATCH
[NX v22.6.2 Daemon Client] - 2026-04-02T05:09:30.215Z - [Messenger] Message sent
[NX v22.6.2 Daemon Server] - 2026-04-02T05:09:30.215Z - Received raw message of length 237
[NX v22.6.2 Daemon Server] - 2026-04-02T05:09:30.215Z - Received json message of type OUTPUTS_HASHES_MATCH
[NX v22.6.2 Daemon Server] - 2026-04-02T05:09:30.217Z - Serializing response for OUTPUTS_HASHES_MATCH message in json mode
[NX v22.6.2 Daemon Server] - 2026-04-02T05:09:30.217Z - Responding to OUTPUTS_HASHES_MATCH message
[NX v22.6.2 Daemon Server] - 2026-04-02T05:09:30.217Z - [REQUEST]: Responding to the client. outputsHashesMatch
[NX v22.6.2 Daemon Server] - 2026-04-02T05:09:30.217Z - Done responding to the client outputsHashesMatch
[NX v22.6.2 Daemon Server] - 2026-04-02T05:09:30.217Z - Handled json message OUTPUTS_HASHES_MATCH. Handling time: 2. Response time: 0.
[NX v22.6.2 Daemon Client] - 2026-04-02T05:09:30.217Z - [Messenger] Received message, length: 4
[NX v22.6.2 Daemon Client] - 2026-04-02T05:09:30.218Z - [Messenger] Sending message type: OUTPUTS_HASHES_MATCH
[NX v22.6.2 Daemon Client] - 2026-04-02T05:09:30.218Z - [Messenger] Message sent
[NX v22.6.2 Daemon Server] - 2026-04-02T05:09:30.218Z - Received raw message of length 244
[NX v22.6.2 Daemon Server] - 2026-04-02T05:09:30.218Z - Received json message of type OUTPUTS_HASHES_MATCH
[NX v22.6.2 Daemon Server] - 2026-04-02T05:09:30.220Z - Serializing response for OUTPUTS_HASHES_MATCH message in json mode
[NX v22.6.2 Daemon Server] - 2026-04-02T05:09:30.220Z - Responding to OUTPUTS_HASHES_MATCH message
[NX v22.6.2 Daemon Server] - 2026-04-02T05:09:30.220Z - [REQUEST]: Responding to the client. outputsHashesMatch
[NX v22.6.2 Daemon Server] - 2026-04-02T05:09:30.220Z - Done responding to the client outputsHashesMatch
[NX v22.6.2 Daemon Server] - 2026-04-02T05:09:30.220Z - Handled json message OUTPUTS_HASHES_MATCH. Handling time: 2. Response time: 0.
[NX v22.6.2 Daemon Client] - 2026-04-02T05:09:30.220Z - [Messenger] Received message, length: 4
[NX v22.6.2 Daemon Client] - 2026-04-02T05:09:30.220Z - [Messenger] Sending message type: RECORD_OUTPUTS_HASH
[NX v22.6.2 Daemon Server] - 2026-04-02T05:09:30.220Z - Received raw message of length 236
[NX v22.6.2 Daemon Client] - 2026-04-02T05:09:30.220Z - [Messenger] Message sent
[NX v22.6.2 Daemon Server] - 2026-04-02T05:09:30.220Z - Received json message of type RECORD_OUTPUTS_HASH
[NX v22.6.2 Daemon Server] - 2026-04-02T05:09:30.223Z - Serializing response for RECORD_OUTPUTS_HASH message in json mode
[NX v22.6.2 Daemon Server] - 2026-04-02T05:09:30.223Z - Responding to RECORD_OUTPUTS_HASH message
[NX v22.6.2 Daemon Server] - 2026-04-02T05:09:30.223Z - [REQUEST]: Responding to the client. recordOutputsHash
[NX v22.6.2 Daemon Server] - 2026-04-02T05:09:30.223Z - Done responding to the client recordOutputsHash
[NX v22.6.2 Daemon Server] - 2026-04-02T05:09:30.223Z - Handled json message RECORD_OUTPUTS_HASH. Handling time: 3. Response time: 0.
[NX v22.6.2 Daemon Client] - 2026-04-02T05:09:30.223Z - [Messenger] Received message, length: 2
[NX v22.6.2 Daemon Client] - 2026-04-02T05:09:30.223Z - [Messenger] Sending message type: RECORD_OUTPUTS_HASH
[NX v22.6.2 Daemon Client] - 2026-04-02T05:09:30.223Z - [Messenger] Message sent
[NX v22.6.2 Daemon Server] - 2026-04-02T05:09:30.223Z - Received raw message of length 243
[NX v22.6.2 Daemon Server] - 2026-04-02T05:09:30.224Z - Received json message of type RECORD_OUTPUTS_HASH
[NX v22.6.2 Daemon Server] - 2026-04-02T05:09:30.227Z - Serializing response for RECORD_OUTPUTS_HASH message in json mode
[NX v22.6.2 Daemon Server] - 2026-04-02T05:09:30.227Z - Responding to RECORD_OUTPUTS_HASH message
[NX v22.6.2 Daemon Server] - 2026-04-02T05:09:30.227Z - [REQUEST]: Responding to the client. recordOutputsHash
[NX v22.6.2 Daemon Server] - 2026-04-02T05:09:30.227Z - Done responding to the client recordOutputsHash
[NX v22.6.2 Daemon Server] - 2026-04-02T05:09:30.227Z - Handled json message RECORD_OUTPUTS_HASH. Handling time: 3. Response time: 0.
[NX v22.6.2 Daemon Client] - 2026-04-02T05:09:30.227Z - [Messenger] Received message, length: 2
[NX v22.6.2 Daemon Client] - 2026-04-02T05:09:30.229Z - [Messenger] Sending message type: OUTPUTS_HASHES_MATCH
[NX v22.6.2 Daemon Client] - 2026-04-02T05:09:30.229Z - [Messenger] Message sent
[NX v22.6.2 Daemon Server] - 2026-04-02T05:09:30.229Z - Received raw message of length 245
[NX v22.6.2 Daemon Server] - 2026-04-02T05:09:30.229Z - Received json message of type OUTPUTS_HASHES_MATCH
[NX v22.6.2 Daemon Server] - 2026-04-02T05:09:30.232Z - Serializing response for OUTPUTS_HASHES_MATCH message in json mode
[NX v22.6.2 Daemon Server] - 2026-04-02T05:09:30.232Z - Responding to OUTPUTS_HASHES_MATCH message
[NX v22.6.2 Daemon Server] - 2026-04-02T05:09:30.232Z - [REQUEST]: Responding to the client. outputsHashesMatch
[NX v22.6.2 Daemon Server] - 2026-04-02T05:09:30.232Z - Done responding to the client outputsHashesMatch
[NX v22.6.2 Daemon Server] - 2026-04-02T05:09:30.232Z - Handled json message OUTPUTS_HASHES_MATCH. Handling time: 3. Response time: 0.
[NX v22.6.2 Daemon Client] - 2026-04-02T05:09:30.232Z - [Messenger] Received message, length: 4
[NX v22.6.2 Daemon Client] - 2026-04-02T05:09:30.233Z - [Messenger] Sending message type: OUTPUTS_HASHES_MATCH
[NX v22.6.2 Daemon Client] - 2026-04-02T05:09:30.233Z - [Messenger] Message sent
[NX v22.6.2 Daemon Server] - 2026-04-02T05:09:30.233Z - Received raw message of length 208
[NX v22.6.2 Daemon Server] - 2026-04-02T05:09:30.233Z - Received json message of type OUTPUTS_HASHES_MATCH
[NX v22.6.2 Daemon Server] - 2026-04-02T05:09:30.234Z - Serializing response for OUTPUTS_HASHES_MATCH message in json mode
[NX v22.6.2 Daemon Server] - 2026-04-02T05:09:30.235Z - Responding to OUTPUTS_HASHES_MATCH message
[NX v22.6.2 Daemon Server] - 2026-04-02T05:09:30.235Z - [REQUEST]: Responding to the client. outputsHashesMatch
[NX v22.6.2 Daemon Server] - 2026-04-02T05:09:30.235Z - Done responding to the client outputsHashesMatch
[NX v22.6.2 Daemon Server] - 2026-04-02T05:09:30.235Z - Handled json message OUTPUTS_HASHES_MATCH. Handling time: 1. Response time: 1.
[NX v22.6.2 Daemon Client] - 2026-04-02T05:09:30.235Z - [Messenger] Received message, length: 4
[NX v22.6.2 Daemon Client] - 2026-04-02T05:09:30.235Z - [Messenger] Sending message type: RECORD_OUTPUTS_HASH
[NX v22.6.2 Daemon Client] - 2026-04-02T05:09:30.235Z - [Messenger] Message sent
[NX v22.6.2 Daemon Server] - 2026-04-02T05:09:30.235Z - Received raw message of length 244
[NX v22.6.2 Daemon Server] - 2026-04-02T05:09:30.235Z - Received json message of type RECORD_OUTPUTS_HASH
[NX v22.6.2 Daemon Server] - 2026-04-02T05:09:30.237Z - Serializing response for RECORD_OUTPUTS_HASH message in json mode
[NX v22.6.2 Daemon Server] - 2026-04-02T05:09:30.237Z - Responding to RECORD_OUTPUTS_HASH message
[NX v22.6.2 Daemon Server] - 2026-04-02T05:09:30.237Z - [REQUEST]: Responding to the client. recordOutputsHash
[NX v22.6.2 Daemon Server] - 2026-04-02T05:09:30.237Z - Done responding to the client recordOutputsHash
[NX v22.6.2 Daemon Server] - 2026-04-02T05:09:30.237Z - Handled json message RECORD_OUTPUTS_HASH. Handling time: 2. Response time: 0.
[NX v22.6.2 Daemon Client] - 2026-04-02T05:09:30.237Z - [Messenger] Received message, length: 2
[NX v22.6.2 Daemon Client] - 2026-04-02T05:09:30.237Z - [Messenger] Sending message type: RECORD_OUTPUTS_HASH
[NX v22.6.2 Daemon Client] - 2026-04-02T05:09:30.237Z - [Messenger] Message sent
[NX v22.6.2 Daemon Server] - 2026-04-02T05:09:30.237Z - Received raw message of length 207
[NX v22.6.2 Daemon Server] - 2026-04-02T05:09:30.237Z - Received json message of type RECORD_OUTPUTS_HASH
[NX v22.6.2 Daemon Server] - 2026-04-02T05:09:30.239Z - Serializing response for RECORD_OUTPUTS_HASH message in json mode
[NX v22.6.2 Daemon Server] - 2026-04-02T05:09:30.239Z - Responding to RECORD_OUTPUTS_HASH message
[NX v22.6.2 Daemon Server] - 2026-04-02T05:09:30.239Z - [REQUEST]: Responding to the client. recordOutputsHash
[NX v22.6.2 Daemon Server] - 2026-04-02T05:09:30.239Z - Done responding to the client recordOutputsHash
[NX v22.6.2 Daemon Server] - 2026-04-02T05:09:30.239Z - Handled json message RECORD_OUTPUTS_HASH. Handling time: 2. Response time: 0.
[NX v22.6.2 Daemon Client] - 2026-04-02T05:09:30.240Z - [Messenger] Received message, length: 2
[NX v22.6.2 Daemon Client] - 2026-04-02T05:09:30.240Z - [Messenger] Sending message type: OUTPUTS_HASHES_MATCH
[NX v22.6.2 Daemon Client] - 2026-04-02T05:09:30.240Z - [Messenger] Message sent
[NX v22.6.2 Daemon Server] - 2026-04-02T05:09:30.240Z - Received raw message of length 200
[NX v22.6.2 Daemon Server] - 2026-04-02T05:09:30.240Z - Received json message of type OUTPUTS_HASHES_MATCH
[NX v22.6.2 Daemon Server] - 2026-04-02T05:09:30.243Z - Serializing response for OUTPUTS_HASHES_MATCH message in json mode
[NX v22.6.2 Daemon Server] - 2026-04-02T05:09:30.243Z - Responding to OUTPUTS_HASHES_MATCH message
[NX v22.6.2 Daemon Server] - 2026-04-02T05:09:30.243Z - [REQUEST]: Responding to the client. outputsHashesMatch
[NX v22.6.2 Daemon Server] - 2026-04-02T05:09:30.243Z - Done responding to the client outputsHashesMatch
[NX v22.6.2 Daemon Server] - 2026-04-02T05:09:30.243Z - Handled json message OUTPUTS_HASHES_MATCH. Handling time: 3. Response time: 0.
[NX v22.6.2 Daemon Client] - 2026-04-02T05:09:30.243Z - [Messenger] Received message, length: 4
[NX v22.6.2 Daemon Client] - 2026-04-02T05:09:30.244Z - [Messenger] Sending message type: RECORD_OUTPUTS_HASH
[NX v22.6.2 Daemon Client] - 2026-04-02T05:09:30.244Z - [Messenger] Message sent
[NX v22.6.2 Daemon Server] - 2026-04-02T05:09:30.244Z - Received raw message of length 199
[NX v22.6.2 Daemon Server] - 2026-04-02T05:09:30.244Z - Received json message of type RECORD_OUTPUTS_HASH
[NX v22.6.2 Daemon Server] - 2026-04-02T05:09:30.246Z - Serializing response for RECORD_OUTPUTS_HASH message in json mode
[NX v22.6.2 Daemon Server] - 2026-04-02T05:09:30.246Z - Responding to RECORD_OUTPUTS_HASH message
[NX v22.6.2 Daemon Server] - 2026-04-02T05:09:30.246Z - [REQUEST]: Responding to the client. recordOutputsHash
[NX v22.6.2 Daemon Server] - 2026-04-02T05:09:30.246Z - Done responding to the client recordOutputsHash
[NX v22.6.2 Daemon Server] - 2026-04-02T05:09:30.246Z - Handled json message RECORD_OUTPUTS_HASH. Handling time: 2. Response time: 0.
[NX v22.6.2 Daemon Client] - 2026-04-02T05:09:30.246Z - [Messenger] Received message, length: 2
[NX v22.6.2 Daemon Client] - 2026-04-02T05:09:30.247Z - [Messenger] Sending message type: OUTPUTS_HASHES_MATCH
[NX v22.6.2 Daemon Client] - 2026-04-02T05:09:30.247Z - [Messenger] Message sent
[NX v22.6.2 Daemon Server] - 2026-04-02T05:09:30.247Z - Received raw message of length 224
[NX v22.6.2 Daemon Server] - 2026-04-02T05:09:30.247Z - Received json message of type OUTPUTS_HASHES_MATCH
[NX v22.6.2 Daemon Server] - 2026-04-02T05:09:30.249Z - Serializing response for OUTPUTS_HASHES_MATCH message in json mode
[NX v22.6.2 Daemon Server] - 2026-04-02T05:09:30.249Z - Responding to OUTPUTS_HASHES_MATCH message
[NX v22.6.2 Daemon Server] - 2026-04-02T05:09:30.249Z - [REQUEST]: Responding to the client. outputsHashesMatch
[NX v22.6.2 Daemon Server] - 2026-04-02T05:09:30.249Z - Done responding to the client outputsHashesMatch
[NX v22.6.2 Daemon Server] - 2026-04-02T05:09:30.249Z - Handled json message OUTPUTS_HASHES_MATCH. Handling time: 2. Response time: 0.
[NX v22.6.2 Daemon Client] - 2026-04-02T05:09:30.249Z - [Messenger] Received message, length: 4
[NX v22.6.2 Daemon Client] - 2026-04-02T05:09:30.249Z - [Messenger] Sending message type: RECORD_OUTPUTS_HASH
[NX v22.6.2 Daemon Client] - 2026-04-02T05:09:30.249Z - [Messenger] Message sent
[NX v22.6.2 Daemon Server] - 2026-04-02T05:09:30.250Z - Received raw message of length 223
[NX v22.6.2 Daemon Server] - 2026-04-02T05:09:30.250Z - Received json message of type RECORD_OUTPUTS_HASH
[NX v22.6.2 Daemon Server] - 2026-04-02T05:09:30.251Z - Serializing response for RECORD_OUTPUTS_HASH message in json mode
[NX v22.6.2 Daemon Server] - 2026-04-02T05:09:30.251Z - Responding to RECORD_OUTPUTS_HASH message
[NX v22.6.2 Daemon Server] - 2026-04-02T05:09:30.251Z - [REQUEST]: Responding to the client. recordOutputsHash
[NX v22.6.2 Daemon Server] - 2026-04-02T05:09:30.251Z - Done responding to the client recordOutputsHash
[NX v22.6.2 Daemon Server] - 2026-04-02T05:09:30.251Z - Handled json message RECORD_OUTPUTS_HASH. Handling time: 1. Response time: 0.
[NX v22.6.2 Daemon Client] - 2026-04-02T05:09:30.251Z - [Messenger] Received message, length: 2
[NX v22.6.2 Daemon Client] - 2026-04-02T05:09:30.253Z - [Messenger] Sending message type: OUTPUTS_HASHES_MATCH
[NX v22.6.2 Daemon Client] - 2026-04-02T05:09:30.253Z - [Messenger] Message sent
[NX v22.6.2 Daemon Server] - 2026-04-02T05:09:30.253Z - Received raw message of length 205
[NX v22.6.2 Daemon Server] - 2026-04-02T05:09:30.253Z - Received json message of type OUTPUTS_HASHES_MATCH
[NX v22.6.2 Daemon Server] - 2026-04-02T05:09:30.256Z - Serializing response for OUTPUTS_HASHES_MATCH message in json mode
[NX v22.6.2 Daemon Server] - 2026-04-02T05:09:30.256Z - Responding to OUTPUTS_HASHES_MATCH message
[NX v22.6.2 Daemon Server] - 2026-04-02T05:09:30.256Z - [REQUEST]: Responding to the client. outputsHashesMatch
[NX v22.6.2 Daemon Server] - 2026-04-02T05:09:30.256Z - Done responding to the client outputsHashesMatch
[NX v22.6.2 Daemon Server] - 2026-04-02T05:09:30.256Z - Handled json message OUTPUTS_HASHES_MATCH. Handling time: 3. Response time: 0.
[NX v22.6.2 Daemon Client] - 2026-04-02T05:09:30.256Z - [Messenger] Received message, length: 4
[NX v22.6.2 Daemon Client] - 2026-04-02T05:09:30.257Z - [Messenger] Sending message type: OUTPUTS_HASHES_MATCH
[NX v22.6.2 Daemon Client] - 2026-04-02T05:09:30.257Z - [Messenger] Message sent
[NX v22.6.2 Daemon Server] - 2026-04-02T05:09:30.257Z - Received raw message of length 208
[NX v22.6.2 Daemon Server] - 2026-04-02T05:09:30.257Z - Received json message of type OUTPUTS_HASHES_MATCH
[NX v22.6.2 Daemon Server] - 2026-04-02T05:09:30.260Z - Serializing response for OUTPUTS_HASHES_MATCH message in json mode
[NX v22.6.2 Daemon Server] - 2026-04-02T05:09:30.260Z - Responding to OUTPUTS_HASHES_MATCH message
[NX v22.6.2 Daemon Server] - 2026-04-02T05:09:30.260Z - [REQUEST]: Responding to the client. outputsHashesMatch
[NX v22.6.2 Daemon Server] - 2026-04-02T05:09:30.260Z - Done responding to the client outputsHashesMatch
[NX v22.6.2 Daemon Server] - 2026-04-02T05:09:30.260Z - Handled json message OUTPUTS_HASHES_MATCH. Handling time: 3. Response time: 0.
[NX v22.6.2 Daemon Client] - 2026-04-02T05:09:30.260Z - [Messenger] Received message, length: 4
[NX v22.6.2 Daemon Client] - 2026-04-02T05:09:30.261Z - [Messenger] Sending message type: RECORD_OUTPUTS_HASH
[NX v22.6.2 Daemon Client] - 2026-04-02T05:09:30.261Z - [Messenger] Message sent
[NX v22.6.2 Daemon Server] - 2026-04-02T05:09:30.261Z - Received raw message of length 204
[NX v22.6.2 Daemon Server] - 2026-04-02T05:09:30.261Z - Received json message of type RECORD_OUTPUTS_HASH
[NX v22.6.2 Daemon Server] - 2026-04-02T05:09:30.262Z - Serializing response for RECORD_OUTPUTS_HASH message in json mode
[NX v22.6.2 Daemon Server] - 2026-04-02T05:09:30.262Z - Responding to RECORD_OUTPUTS_HASH message
[NX v22.6.2 Daemon Server] - 2026-04-02T05:09:30.262Z - [REQUEST]: Responding to the client. recordOutputsHash
[NX v22.6.2 Daemon Server] - 2026-04-02T05:09:30.262Z - Done responding to the client recordOutputsHash
[NX v22.6.2 Daemon Server] - 2026-04-02T05:09:30.262Z - Handled json message RECORD_OUTPUTS_HASH. Handling time: 1. Response time: 0.
[NX v22.6.2 Daemon Client] - 2026-04-02T05:09:30.262Z - [Messenger] Received message, length: 2
[NX v22.6.2 Daemon Client] - 2026-04-02T05:09:30.263Z - [Messenger] Sending message type: RECORD_OUTPUTS_HASH
[NX v22.6.2 Daemon Server] - 2026-04-02T05:09:30.263Z - Received raw message of length 207
[NX v22.6.2 Daemon Client] - 2026-04-02T05:09:30.263Z - [Messenger] Message sent
[NX v22.6.2 Daemon Server] - 2026-04-02T05:09:30.263Z - Received json message of type RECORD_OUTPUTS_HASH
[NX v22.6.2 Daemon Server] - 2026-04-02T05:09:30.266Z - Serializing response for RECORD_OUTPUTS_HASH message in json mode
[NX v22.6.2 Daemon Server] - 2026-04-02T05:09:30.266Z - Responding to RECORD_OUTPUTS_HASH message
[NX v22.6.2 Daemon Server] - 2026-04-02T05:09:30.266Z - [REQUEST]: Responding to the client. recordOutputsHash
[NX v22.6.2 Daemon Server] - 2026-04-02T05:09:30.266Z - Done responding to the client recordOutputsHash
[NX v22.6.2 Daemon Server] - 2026-04-02T05:09:30.266Z - Handled json message RECORD_OUTPUTS_HASH. Handling time: 3. Response time: 0.
[NX v22.6.2 Daemon Client] - 2026-04-02T05:09:30.266Z - [Messenger] Received message, length: 2
[NX v22.6.2 Daemon Client] - 2026-04-02T05:09:30.266Z - [Messenger] Sending message type: OUTPUTS_HASHES_MATCH
[NX v22.6.2 Daemon Client] - 2026-04-02T05:09:30.266Z - [Messenger] Message sent
[NX v22.6.2 Daemon Server] - 2026-04-02T05:09:30.266Z - Received raw message of length 204
[NX v22.6.2 Daemon Server] - 2026-04-02T05:09:30.266Z - Received json message of type OUTPUTS_HASHES_MATCH
[NX v22.6.2 Daemon Server] - 2026-04-02T05:09:30.268Z - Serializing response for OUTPUTS_HASHES_MATCH message in json mode
[NX v22.6.2 Daemon Server] - 2026-04-02T05:09:30.268Z - Responding to OUTPUTS_HASHES_MATCH message
[NX v22.6.2 Daemon Server] - 2026-04-02T05:09:30.268Z - [REQUEST]: Responding to the client. outputsHashesMatch
[NX v22.6.2 Daemon Server] - 2026-04-02T05:09:30.268Z - Done responding to the client outputsHashesMatch
[NX v22.6.2 Daemon Server] - 2026-04-02T05:09:30.268Z - Handled json message OUTPUTS_HASHES_MATCH. Handling time: 2. Response time: 0.
[NX v22.6.2 Daemon Client] - 2026-04-02T05:09:30.268Z - [Messenger] Received message, length: 4
[NX v22.6.2 Daemon Client] - 2026-04-02T05:09:30.268Z - [Messenger] Sending message type: RECORD_OUTPUTS_HASH
[NX v22.6.2 Daemon Client] - 2026-04-02T05:09:30.268Z - [Messenger] Message sent
[NX v22.6.2 Daemon Server] - 2026-04-02T05:09:30.268Z - Received raw message of length 203
[NX v22.6.2 Daemon Server] - 2026-04-02T05:09:30.268Z - Received json message of type RECORD_OUTPUTS_HASH
[NX v22.6.2 Daemon Server] - 2026-04-02T05:09:30.271Z - Serializing response for RECORD_OUTPUTS_HASH message in json mode
[NX v22.6.2 Daemon Server] - 2026-04-02T05:09:30.271Z - Responding to RECORD_OUTPUTS_HASH message
[NX v22.6.2 Daemon Server] - 2026-04-02T05:09:30.271Z - [REQUEST]: Responding to the client. recordOutputsHash
[NX v22.6.2 Daemon Server] - 2026-04-02T05:09:30.271Z - Done responding to the client recordOutputsHash
[NX v22.6.2 Daemon Server] - 2026-04-02T05:09:30.271Z - Handled json message RECORD_OUTPUTS_HASH. Handling time: 3. Response time: 0.
[NX v22.6.2 Daemon Client] - 2026-04-02T05:09:30.271Z - [Messenger] Received message, length: 2
[NX v22.6.2 Daemon Client] - 2026-04-02T05:09:30.273Z - [Messenger] Sending message type: OUTPUTS_HASHES_MATCH
[NX v22.6.2 Daemon Client] - 2026-04-02T05:09:30.273Z - [Messenger] Message sent
[NX v22.6.2 Daemon Server] - 2026-04-02T05:09:30.273Z - Received raw message of length 236
[NX v22.6.2 Daemon Server] - 2026-04-02T05:09:30.273Z - Received json message of type OUTPUTS_HASHES_MATCH
[NX v22.6.2 Daemon Server] - 2026-04-02T05:09:30.278Z - Serializing response for OUTPUTS_HASHES_MATCH message in json mode
[NX v22.6.2 Daemon Server] - 2026-04-02T05:09:30.278Z - Responding to OUTPUTS_HASHES_MATCH message
[NX v22.6.2 Daemon Server] - 2026-04-02T05:09:30.278Z - [REQUEST]: Responding to the client. outputsHashesMatch
[NX v22.6.2 Daemon Server] - 2026-04-02T05:09:30.278Z - Done responding to the client outputsHashesMatch
[NX v22.6.2 Daemon Server] - 2026-04-02T05:09:30.278Z - Handled json message OUTPUTS_HASHES_MATCH. Handling time: 5. Response time: 0.
[NX v22.6.2 Daemon Client] - 2026-04-02T05:09:30.278Z - [Messenger] Received message, length: 4
[NX v22.6.2 Daemon Client] - 2026-04-02T05:09:30.278Z - [Messenger] Sending message type: OUTPUTS_HASHES_MATCH
[NX v22.6.2 Daemon Server] - 2026-04-02T05:09:30.278Z - Received raw message of length 233
[NX v22.6.2 Daemon Server] - 2026-04-02T05:09:30.278Z - Received json message of type OUTPUTS_HASHES_MATCH
[NX v22.6.2 Daemon Client] - 2026-04-02T05:09:30.278Z - [Messenger] Message sent
[NX v22.6.2 Daemon Server] - 2026-04-02T05:09:30.281Z - Serializing response for OUTPUTS_HASHES_MATCH message in json mode
[NX v22.6.2 Daemon Server] - 2026-04-02T05:09:30.281Z - Responding to OUTPUTS_HASHES_MATCH message
[NX v22.6.2 Daemon Server] - 2026-04-02T05:09:30.281Z - [REQUEST]: Responding to the client. outputsHashesMatch
[NX v22.6.2 Daemon Server] - 2026-04-02T05:09:30.281Z - Done responding to the client outputsHashesMatch
[NX v22.6.2 Daemon Server] - 2026-04-02T05:09:30.281Z - Handled json message OUTPUTS_HASHES_MATCH. Handling time: 3. Response time: 0.
[NX v22.6.2 Daemon Client] - 2026-04-02T05:09:30.281Z - [Messenger] Received message, length: 4
[NX v22.6.2 Daemon Client] - 2026-04-02T05:09:30.282Z - [Messenger] Sending message type: RECORD_OUTPUTS_HASH
[NX v22.6.2 Daemon Client] - 2026-04-02T05:09:30.282Z - [Messenger] Message sent
[NX v22.6.2 Daemon Server] - 2026-04-02T05:09:30.282Z - Received raw message of length 235
[NX v22.6.2 Daemon Server] - 2026-04-02T05:09:30.282Z - Received json message of type RECORD_OUTPUTS_HASH
[NX v22.6.2 Daemon Server] - 2026-04-02T05:09:30.285Z - Serializing response for RECORD_OUTPUTS_HASH message in json mode
[NX v22.6.2 Daemon Server] - 2026-04-02T05:09:30.285Z - Responding to RECORD_OUTPUTS_HASH message
[NX v22.6.2 Daemon Server] - 2026-04-02T05:09:30.285Z - [REQUEST]: Responding to the client. recordOutputsHash
[NX v22.6.2 Daemon Server] - 2026-04-02T05:09:30.285Z - Done responding to the client recordOutputsHash
[NX v22.6.2 Daemon Server] - 2026-04-02T05:09:30.285Z - Handled json message RECORD_OUTPUTS_HASH. Handling time: 3. Response time: 0.
[NX v22.6.2 Daemon Client] - 2026-04-02T05:09:30.285Z - [Messenger] Received message, length: 2
[NX v22.6.2 Daemon Client] - 2026-04-02T05:09:30.285Z - [Messenger] Sending message type: RECORD_OUTPUTS_HASH
[NX v22.6.2 Daemon Client] - 2026-04-02T05:09:30.286Z - [Messenger] Message sent
[NX v22.6.2 Daemon Server] - 2026-04-02T05:09:30.286Z - Received raw message of length 232
[NX v22.6.2 Daemon Server] - 2026-04-02T05:09:30.286Z - Received json message of type RECORD_OUTPUTS_HASH
[NX v22.6.2 Daemon Server] - 2026-04-02T05:09:30.289Z - Serializing response for RECORD_OUTPUTS_HASH message in json mode
[NX v22.6.2 Daemon Server] - 2026-04-02T05:09:30.289Z - Responding to RECORD_OUTPUTS_HASH message
[NX v22.6.2 Daemon Server] - 2026-04-02T05:09:30.289Z - [REQUEST]: Responding to the client. recordOutputsHash
[NX v22.6.2 Daemon Server] - 2026-04-02T05:09:30.289Z - Done responding to the client recordOutputsHash
[NX v22.6.2 Daemon Server] - 2026-04-02T05:09:30.289Z - Handled json message RECORD_OUTPUTS_HASH. Handling time: 3. Response time: 0.
[NX v22.6.2 Daemon Client] - 2026-04-02T05:09:30.289Z - [Messenger] Received message, length: 2
[NX v22.6.2 Daemon Client] - 2026-04-02T05:09:30.290Z - [Messenger] Sending message type: RECORD_TASK_RUNS
[NX v22.6.2 Daemon Client] - 2026-04-02T05:09:30.290Z - [Messenger] Message sent
[NX v22.6.2 Daemon Server] - 2026-04-02T05:09:30.290Z - Received raw message of length 2202
[NX v22.6.2 Daemon Server] - 2026-04-02T05:09:30.290Z - Received json message of type RECORD_TASK_RUNS
[NX v22.6.2 Daemon Server] - 2026-04-02T05:09:30.290Z - Serializing response for RECORD_TASK_RUNS message in json mode
[NX v22.6.2 Daemon Server] - 2026-04-02T05:09:30.290Z - Responding to RECORD_TASK_RUNS message
[NX v22.6.2 Daemon Server] - 2026-04-02T05:09:30.290Z - [REQUEST]: Responding to the client. handleRecordTaskRuns
[NX v22.6.2 Daemon Server] - 2026-04-02T05:09:30.290Z - Done responding to the client handleRecordTaskRuns
[NX v22.6.2 Daemon Server] - 2026-04-02T05:09:30.290Z - Handled json message RECORD_TASK_RUNS. Handling time: 0. Response time: 0.
[NX v22.6.2 Daemon Client] - 2026-04-02T05:09:30.290Z - [Messenger] Received message, length: 4
[NX v22.6.2 Daemon Client] - 2026-04-02T05:09:30.290Z - [Messenger] Sending message type: GET_FLAKY_TASKS
[NX v22.6.2 Daemon Client] - 2026-04-02T05:09:30.290Z - [Messenger] Message sent
[NX v22.6.2 Daemon Server] - 2026-04-02T05:09:30.290Z - Received raw message of length 283
[NX v22.6.2 Daemon Server] - 2026-04-02T05:09:30.291Z - Received json message of type GET_FLAKY_TASKS
[NX v22.6.2 Daemon Server] - 2026-04-02T05:09:30.291Z - Serializing response for GET_FLAKY_TASKS message in json mode
[NX v22.6.2 Daemon Server] - 2026-04-02T05:09:30.291Z - Responding to GET_FLAKY_TASKS message
[NX v22.6.2 Daemon Server] - 2026-04-02T05:09:30.291Z - [REQUEST]: Responding to the client. handleGetFlakyTasks
[NX v22.6.2 Daemon Server] - 2026-04-02T05:09:30.291Z - Done responding to the client handleGetFlakyTasks
[NX v22.6.2 Daemon Server] - 2026-04-02T05:09:30.291Z - Handled json message GET_FLAKY_TASKS. Handling time: 0. Response time: 0.
[NX v22.6.2 Daemon Client] - 2026-04-02T05:09:30.291Z - [Messenger] Received message, length: 2
[NX v22.6.2 Daemon Client] - 2026-04-02T05:09:33.370Z - [Messenger] Sending message type: GET_CONFIGURE_AI_AGENTS_STATUS
[NX v22.6.2 Daemon Client] - 2026-04-02T05:09:33.370Z - [Messenger] Message sent
[NX v22.6.2 Daemon Server] - 2026-04-02T05:09:33.370Z - Established a connection. Number of open connections: 2
[NX v22.6.2 Daemon Server] - 2026-04-02T05:09:33.371Z - Received raw message of length 41
[NX v22.6.2 Daemon Server] - 2026-04-02T05:09:33.371Z - Received json message of type GET_CONFIGURE_AI_AGENTS_STATUS
[NX v22.6.2 Daemon Server] - 2026-04-02T05:09:33.371Z - [AI-AGENTS]: Returning cached agent configuration status
[NX v22.6.2 Daemon Server] - 2026-04-02T05:09:33.371Z - Serializing response for GET_CONFIGURE_AI_AGENTS_STATUS message in json mode
[NX v22.6.2 Daemon Server] - 2026-04-02T05:09:33.371Z - Responding to GET_CONFIGURE_AI_AGENTS_STATUS message
[NX v22.6.2 Daemon Server] - 2026-04-02T05:09:33.371Z - [REQUEST]: Responding to the client. handleGetConfigureAiAgentsStatus
[NX v22.6.2 Daemon Server] - 2026-04-02T05:09:33.372Z - Done responding to the client handleGetConfigureAiAgentsStatus
[NX v22.6.2 Daemon Server] - 2026-04-02T05:09:33.372Z - Handled json message GET_CONFIGURE_AI_AGENTS_STATUS. Handling time: 0. Response time: 1.
[NX v22.6.2 Daemon Client] - 2026-04-02T05:09:33.372Z - [Messenger] Received message, length: 342
[NX v22.6.2 Daemon Server] - 2026-04-02T05:09:33.372Z - Closed a connection. Number of open connections: 1
[NX v22.6.2 Daemon Client] - 2026-04-02T05:09:33.597Z - [Messenger] Sending message type: POST_TASKS_EXECUTION
[NX v22.6.2 Daemon Client] - 2026-04-02T05:09:33.598Z - [Messenger] Message sent
[NX v22.6.2 Daemon Server] - 2026-04-02T05:09:33.599Z - Received raw message of length 387460
[NX v22.6.2 Daemon Server] - 2026-04-02T05:09:33.601Z - Received json message of type POST_TASKS_EXECUTION
[NX v22.6.2 Daemon Server] - 2026-04-02T05:09:33.601Z - Serializing response for POST_TASKS_EXECUTION message in json mode
[NX v22.6.2 Daemon Server] - 2026-04-02T05:09:33.601Z - Responding to POST_TASKS_EXECUTION message
[NX v22.6.2 Daemon Server] - 2026-04-02T05:09:33.601Z - [REQUEST]: Responding to the client. handleRunPostTasksExecution
[NX v22.6.2 Daemon Server] - 2026-04-02T05:09:33.601Z - Done responding to the client handleRunPostTasksExecution
[NX v22.6.2 Daemon Server] - 2026-04-02T05:09:33.601Z - Handled json message POST_TASKS_EXECUTION. Handling time: 0. Response time: 0.
[NX v22.6.2 Daemon Server] - 2026-04-02T05:09:33.601Z - Time taken for 'postTasksExecution' 0.15249999999650754ms
[NX v22.6.2 Daemon Client] - 2026-04-02T05:09:33.601Z - [Messenger] Received message, length: 4
[NX v22.6.2 Daemon Server] - 2026-04-02T05:09:33.612Z - Closed a connection. Number of open connections: 0
[NX v22.6.2 Daemon Server] - 2026-04-02T05:13:03.891Z - Established a connection. Number of open connections: 1
[NX v22.6.2 Daemon Server] - 2026-04-02T05:13:03.893Z - Closed a connection. Number of open connections: 0
[NX v22.6.2 Daemon Server] - 2026-04-02T05:13:03.893Z - Established a connection. Number of open connections: 1
[NX v22.6.2 Daemon Server] - 2026-04-02T05:13:03.894Z - Established a connection. Number of open connections: 2
[NX v22.6.2 Daemon Server] - 2026-04-02T05:13:03.894Z - Closed a connection. Number of open connections: 1
[NX v22.6.2 Daemon Client] - 2026-04-02T05:13:03.893Z - [Messenger] Setting up socket listeners
[NX v22.6.2 Daemon Client] - 2026-04-02T05:13:03.894Z - [Messenger] listen() complete
[NX v22.6.2 Daemon Client] - 2026-04-02T05:13:03.895Z - [Messenger] Sending message type: GET_NX_CONSOLE_STATUS
[NX v22.6.2 Daemon Client] - 2026-04-02T05:13:03.896Z - [Messenger] Message sent
[NX v22.6.2 Daemon Server] - 2026-04-02T05:13:03.908Z - Received raw message of length 32
[NX v22.6.2 Daemon Server] - 2026-04-02T05:13:03.908Z - Received json message of type GET_NX_CONSOLE_STATUS
[NX v22.6.2 Daemon Server] - 2026-04-02T05:13:03.908Z - Serializing response for GET_NX_CONSOLE_STATUS message in json mode
[NX v22.6.2 Daemon Server] - 2026-04-02T05:13:03.908Z - Responding to GET_NX_CONSOLE_STATUS message
[NX v22.6.2 Daemon Server] - 2026-04-02T05:13:03.908Z - [REQUEST]: Responding to the client. handleGetNxConsoleStatus
[NX v22.6.2 Daemon Server] - 2026-04-02T05:13:03.908Z - Done responding to the client handleGetNxConsoleStatus
[NX v22.6.2 Daemon Server] - 2026-04-02T05:13:03.908Z - Handled json message GET_NX_CONSOLE_STATUS. Handling time: 0. Response time: 0.
[NX v22.6.2 Daemon Client] - 2026-04-02T05:13:03.908Z - [Messenger] Received message, length: 22
[NX v22.6.2 Daemon Client] - 2026-04-02T05:13:03.964Z - [Messenger] Sending message type: REQUEST_PROJECT_GRAPH
[NX v22.6.2 Daemon Client] - 2026-04-02T05:13:03.964Z - [Messenger] Message sent
[NX v22.6.2 Daemon Server] - 2026-04-02T05:13:03.964Z - Received raw message of length 32
[NX v22.6.2 Daemon Server] - 2026-04-02T05:13:03.964Z - Received json message of type REQUEST_PROJECT_GRAPH
[NX v22.6.2 Daemon Server] - 2026-04-02T05:13:03.964Z - [REQUEST]: Client Request for Project Graph Received
[NX v22.6.2 Daemon Server] - 2026-04-02T05:13:03.965Z - Reusing in-memory cached project graph because no files changed.
[NX v22.6.2 Daemon Server] - 2026-04-02T05:13:03.965Z - Serializing response for REQUEST_PROJECT_GRAPH message in json mode
[NX v22.6.2 Daemon Server] - 2026-04-02T05:13:03.965Z - Responding to REQUEST_PROJECT_GRAPH message
[NX v22.6.2 Daemon Server] - 2026-04-02T05:13:03.965Z - [REQUEST]: Responding to the client. project-graph
[NX v22.6.2 Daemon Server] - 2026-04-02T05:13:03.967Z - Time taken for 'total for creating and serializing project graph' 0.42349999997531995ms
[NX v22.6.2 Daemon Server] - 2026-04-02T05:13:03.969Z - Done responding to the client project-graph
[NX v22.6.2 Daemon Server] - 2026-04-02T05:13:03.969Z - Handled json message REQUEST_PROJECT_GRAPH. Handling time: 1. Response time: 4.
[NX v22.6.2 Daemon Client] - 2026-04-02T05:13:03.970Z - [Messenger] Received message, length: 1251133
[NX v22.6.2 Daemon Client] - 2026-04-02T05:13:03.976Z - [Messenger] Sending message type: PRE_TASKS_EXECUTION
[NX v22.6.2 Daemon Client] - 2026-04-02T05:13:03.976Z - [Messenger] Message sent
[NX v22.6.2 Daemon Server] - 2026-04-02T05:13:03.976Z - Received raw message of length 741
[NX v22.6.2 Daemon Server] - 2026-04-02T05:13:03.976Z - Received json message of type PRE_TASKS_EXECUTION
[NX v22.6.2 Daemon Server] - 2026-04-02T05:13:03.976Z - Serializing response for PRE_TASKS_EXECUTION message in json mode
[NX v22.6.2 Daemon Server] - 2026-04-02T05:13:03.977Z - Responding to PRE_TASKS_EXECUTION message
[NX v22.6.2 Daemon Server] - 2026-04-02T05:13:03.977Z - [REQUEST]: Responding to the client. handleRunPreTasksExecution
[NX v22.6.2 Daemon Server] - 2026-04-02T05:13:03.977Z - Done responding to the client handleRunPreTasksExecution
[NX v22.6.2 Daemon Server] - 2026-04-02T05:13:03.977Z - Handled json message PRE_TASKS_EXECUTION. Handling time: 0. Response time: 1.
[NX v22.6.2 Daemon Server] - 2026-04-02T05:13:03.977Z - Time taken for 'preTasksExecution' 0.16479099995922297ms
[NX v22.6.2 Daemon Client] - 2026-04-02T05:13:03.977Z - [Messenger] Received message, length: 2
[NX v22.6.2 Daemon Client] - 2026-04-02T05:13:04.064Z - [Messenger] Sending message type: HASH_TASKS
[NX v22.6.2 Daemon Client] - 2026-04-02T05:13:04.064Z - [Messenger] Message sent
[NX v22.6.2 Daemon Server] - 2026-04-02T05:13:04.066Z - Received raw message of length 21648
[NX v22.6.2 Daemon Server] - 2026-04-02T05:13:04.067Z - Received json message of type HASH_TASKS
[NX v22.6.2 Daemon Server] - 2026-04-02T05:13:04.067Z - Reusing in-memory cached project graph because no files changed.
DEBUG nx::native::tasks::hash_planner: get_plans_internal COMPLETED in 12.092458ms - processed 13 tasks (setup: 5.443542ms, parallel_planning: 6.641875ms)
DEBUG nx::native::tasks::hashers::hash_workspace_files: Hashing workspace fileset with inputs: Adding "11270979969866030128" (".gitignore") to hash
DEBUG nx::native::tasks::hashers::hash_workspace_files: Hashing workspace fileset with inputs: Adding "11270979969866030128" (".gitignore") to hash
DEBUG nx::native::tasks::hashers::hash_workspace_files: Hashing workspace fileset with inputs: Adding "11270979969866030128" (".gitignore") to hash
DEBUG nx::native::tasks::hashers::hash_workspace_files: Hashing workspace fileset with inputs: Adding "11270979969866030128" (".gitignore") to hash
DEBUG nx::native::tasks::hashers::hash_workspace_files: Hashing workspace fileset with inputs: Adding "11270979969866030128" (".gitignore") to hash
DEBUG nx::native::tasks::hashers::hash_workspace_files: Hashing workspace fileset with inputs: Adding "11270979969866030128" (".gitignore") to hash
DEBUG nx::native::tasks::hashers::hash_workspace_files: Hashing workspace fileset with inputs: Adding "11270979969866030128" (".gitignore") to hash
DEBUG nx::native::tasks::hashers::hash_workspace_files: Hashing workspace fileset with inputs: Adding "11270979969866030128" (".gitignore") to hash
DEBUG nx::native::tasks::hashers::hash_workspace_files: Hashing workspace fileset with inputs: Adding "3553820021084211887" ("nx.json") to hash
DEBUG nx::native::tasks::hashers::hash_workspace_files: Hashing workspace fileset with inputs: Adding "3553820021084211887" ("nx.json") to hash
DEBUG nx::native::tasks::hashers::hash_workspace_files: Hashing workspace fileset with inputs: Hash Value: "10665259820010788507"
DEBUG nx::native::tasks::hashers::hash_workspace_files: Hashing workspace fileset with inputs: Adding "3553820021084211887" ("nx.json") to hash
DEBUG nx::native::tasks::hashers::hash_workspace_files: Hashing workspace fileset with inputs: Hash Value: "10665259820010788507"
DEBUG nx::native::tasks::hashers::hash_workspace_files: Hashing workspace fileset with inputs: Hash Value: "10665259820010788507"
DEBUG nx::native::tasks::hashers::hash_workspace_files: Hashing workspace fileset with inputs: Adding "3553820021084211887" ("nx.json") to hash
DEBUG nx::native::tasks::hashers::hash_workspace_files: Hashing workspace fileset with inputs: Hash Value: "10665259820010788507"
DEBUG nx::native::tasks::hashers::hash_workspace_files: Hashing workspace fileset with inputs: Adding "3553820021084211887" ("nx.json") to hash
DEBUG nx::native::tasks::hashers::hash_workspace_files: Hashing workspace fileset with inputs: Hash Value: "10665259820010788507"
DEBUG nx::native::tasks::hashers::hash_workspace_files: Hashing workspace fileset with inputs: Adding "3553820021084211887" ("nx.json") to hash
DEBUG nx::native::tasks::hashers::hash_workspace_files: Hashing workspace fileset with inputs: Hash Value: "10665259820010788507"
DEBUG nx::native::tasks::hashers::hash_workspace_files: Hashing workspace fileset with inputs: Adding "3553820021084211887" ("nx.json") to hash
DEBUG nx::native::tasks::hashers::hash_workspace_files: Hashing workspace fileset with inputs: Hash Value: "10665259820010788507"
DEBUG nx::native::tasks::hashers::hash_workspace_files: Hashing workspace fileset with inputs: Adding "3553820021084211887" ("nx.json") to hash
DEBUG nx::native::tasks::hashers::hash_workspace_files: Hashing workspace fileset with inputs: Hash Value: "10665259820010788507"
DEBUG nx::native::tasks::task_hasher: hash_plans COMPLETED in 56.120959ms - processed 13 plans (setup: 1.328959ms, hashing: 54.790167ms, assembly: 6.832208ms)
[NX v22.6.2 Daemon Server] - 2026-04-02T05:13:04.145Z - Serializing response for HASH_TASKS message in json mode
[NX v22.6.2 Daemon Server] - 2026-04-02T05:13:04.147Z - Responding to HASH_TASKS message
[NX v22.6.2 Daemon Server] - 2026-04-02T05:13:04.147Z - [REQUEST]: Responding to the client. handleHashTasks
[NX v22.6.2 Daemon Server] - 2026-04-02T05:13:04.149Z - Done responding to the client handleHashTasks
[NX v22.6.2 Daemon Server] - 2026-04-02T05:13:04.149Z - Handled json message HASH_TASKS. Handling time: 78. Response time: 4.
[NX v22.6.2 Daemon Client] - 2026-04-02T05:13:04.149Z - [Messenger] Received message, length: 466568
[NX v22.6.2 Daemon Client] - 2026-04-02T05:13:04.199Z - [Messenger] Sending message type: GET_ESTIMATED_TASK_TIMINGS
[NX v22.6.2 Daemon Server] - 2026-04-02T05:13:04.199Z - Received raw message of length 705
[NX v22.6.2 Daemon Client] - 2026-04-02T05:13:04.199Z - [Messenger] Message sent
[NX v22.6.2 Daemon Server] - 2026-04-02T05:13:04.199Z - Received json message of type GET_ESTIMATED_TASK_TIMINGS
[NX v22.6.2 Daemon Server] - 2026-04-02T05:13:04.200Z - Serializing response for GET_ESTIMATED_TASK_TIMINGS message in json mode
[NX v22.6.2 Daemon Server] - 2026-04-02T05:13:04.200Z - Responding to GET_ESTIMATED_TASK_TIMINGS message
[NX v22.6.2 Daemon Server] - 2026-04-02T05:13:04.200Z - [REQUEST]: Responding to the client. handleGetEstimatedTaskTimings
[NX v22.6.2 Daemon Server] - 2026-04-02T05:13:04.200Z - Done responding to the client handleGetEstimatedTaskTimings
[NX v22.6.2 Daemon Server] - 2026-04-02T05:13:04.200Z - Handled json message GET_ESTIMATED_TASK_TIMINGS. Handling time: 0. Response time: 0.
[NX v22.6.2 Daemon Client] - 2026-04-02T05:13:04.200Z - [Messenger] Received message, length: 425
[NX v22.6.2 Daemon Client] - 2026-04-02T05:13:04.205Z - [Messenger] Sending message type: OUTPUTS_HASHES_MATCH
[NX v22.6.2 Daemon Client] - 2026-04-02T05:13:04.205Z - [Messenger] Message sent
[NX v22.6.2 Daemon Server] - 2026-04-02T05:13:04.205Z - Received raw message of length 237
[NX v22.6.2 Daemon Server] - 2026-04-02T05:13:04.205Z - Received json message of type OUTPUTS_HASHES_MATCH
[NX v22.6.2 Daemon Server] - 2026-04-02T05:13:04.208Z - Serializing response for OUTPUTS_HASHES_MATCH message in json mode
[NX v22.6.2 Daemon Server] - 2026-04-02T05:13:04.208Z - Responding to OUTPUTS_HASHES_MATCH message
[NX v22.6.2 Daemon Server] - 2026-04-02T05:13:04.208Z - [REQUEST]: Responding to the client. outputsHashesMatch
[NX v22.6.2 Daemon Server] - 2026-04-02T05:13:04.208Z - Done responding to the client outputsHashesMatch
[NX v22.6.2 Daemon Server] - 2026-04-02T05:13:04.208Z - Handled json message OUTPUTS_HASHES_MATCH. Handling time: 3. Response time: 0.
[NX v22.6.2 Daemon Client] - 2026-04-02T05:13:04.208Z - [Messenger] Received message, length: 4
[NX v22.6.2 Daemon Client] - 2026-04-02T05:13:04.209Z - [Messenger] Sending message type: OUTPUTS_HASHES_MATCH
[NX v22.6.2 Daemon Client] - 2026-04-02T05:13:04.209Z - [Messenger] Message sent
[NX v22.6.2 Daemon Server] - 2026-04-02T05:13:04.210Z - Received raw message of length 244
[NX v22.6.2 Daemon Server] - 2026-04-02T05:13:04.210Z - Received json message of type OUTPUTS_HASHES_MATCH
[NX v22.6.2 Daemon Server] - 2026-04-02T05:13:04.211Z - Serializing response for OUTPUTS_HASHES_MATCH message in json mode
[NX v22.6.2 Daemon Server] - 2026-04-02T05:13:04.211Z - Responding to OUTPUTS_HASHES_MATCH message
[NX v22.6.2 Daemon Server] - 2026-04-02T05:13:04.211Z - [REQUEST]: Responding to the client. outputsHashesMatch
[NX v22.6.2 Daemon Server] - 2026-04-02T05:13:04.211Z - Done responding to the client outputsHashesMatch
[NX v22.6.2 Daemon Server] - 2026-04-02T05:13:04.211Z - Handled json message OUTPUTS_HASHES_MATCH. Handling time: 1. Response time: 0.
[NX v22.6.2 Daemon Client] - 2026-04-02T05:13:04.211Z - [Messenger] Received message, length: 4
[NX v22.6.2 Daemon Client] - 2026-04-02T05:13:04.212Z - [Messenger] Sending message type: RECORD_OUTPUTS_HASH
[NX v22.6.2 Daemon Client] - 2026-04-02T05:13:04.212Z - [Messenger] Message sent
[NX v22.6.2 Daemon Server] - 2026-04-02T05:13:04.212Z - Received raw message of length 236
[NX v22.6.2 Daemon Server] - 2026-04-02T05:13:04.212Z - Received json message of type RECORD_OUTPUTS_HASH
[NX v22.6.2 Daemon Server] - 2026-04-02T05:13:04.214Z - Serializing response for RECORD_OUTPUTS_HASH message in json mode
[NX v22.6.2 Daemon Server] - 2026-04-02T05:13:04.214Z - Responding to RECORD_OUTPUTS_HASH message
[NX v22.6.2 Daemon Server] - 2026-04-02T05:13:04.214Z - [REQUEST]: Responding to the client. recordOutputsHash
[NX v22.6.2 Daemon Server] - 2026-04-02T05:13:04.214Z - Done responding to the client recordOutputsHash
[NX v22.6.2 Daemon Server] - 2026-04-02T05:13:04.214Z - Handled json message RECORD_OUTPUTS_HASH. Handling time: 2. Response time: 0.
[NX v22.6.2 Daemon Client] - 2026-04-02T05:13:04.214Z - [Messenger] Received message, length: 2
[NX v22.6.2 Daemon Client] - 2026-04-02T05:13:04.214Z - [Messenger] Sending message type: RECORD_OUTPUTS_HASH
[NX v22.6.2 Daemon Client] - 2026-04-02T05:13:04.214Z - [Messenger] Message sent
[NX v22.6.2 Daemon Server] - 2026-04-02T05:13:04.214Z - Received raw message of length 243
[NX v22.6.2 Daemon Server] - 2026-04-02T05:13:04.214Z - Received json message of type RECORD_OUTPUTS_HASH
[NX v22.6.2 Daemon Server] - 2026-04-02T05:13:04.216Z - Serializing response for RECORD_OUTPUTS_HASH message in json mode
[NX v22.6.2 Daemon Server] - 2026-04-02T05:13:04.216Z - Responding to RECORD_OUTPUTS_HASH message
[NX v22.6.2 Daemon Server] - 2026-04-02T05:13:04.216Z - [REQUEST]: Responding to the client. recordOutputsHash
[NX v22.6.2 Daemon Server] - 2026-04-02T05:13:04.216Z - Done responding to the client recordOutputsHash
[NX v22.6.2 Daemon Server] - 2026-04-02T05:13:04.216Z - Handled json message RECORD_OUTPUTS_HASH. Handling time: 2. Response time: 0.
[NX v22.6.2 Daemon Client] - 2026-04-02T05:13:04.216Z - [Messenger] Received message, length: 2
[NX v22.6.2 Daemon Client] - 2026-04-02T05:13:04.218Z - [Messenger] Sending message type: OUTPUTS_HASHES_MATCH
[NX v22.6.2 Daemon Client] - 2026-04-02T05:13:04.218Z - [Messenger] Message sent
[NX v22.6.2 Daemon Server] - 2026-04-02T05:13:04.218Z - Received raw message of length 245
[NX v22.6.2 Daemon Server] - 2026-04-02T05:13:04.218Z - Received json message of type OUTPUTS_HASHES_MATCH
[NX v22.6.2 Daemon Server] - 2026-04-02T05:13:04.221Z - Serializing response for OUTPUTS_HASHES_MATCH message in json mode
[NX v22.6.2 Daemon Server] - 2026-04-02T05:13:04.221Z - Responding to OUTPUTS_HASHES_MATCH message
[NX v22.6.2 Daemon Server] - 2026-04-02T05:13:04.221Z - [REQUEST]: Responding to the client. outputsHashesMatch
[NX v22.6.2 Daemon Server] - 2026-04-02T05:13:04.221Z - Done responding to the client outputsHashesMatch
[NX v22.6.2 Daemon Server] - 2026-04-02T05:13:04.221Z - Handled json message OUTPUTS_HASHES_MATCH. Handling time: 2. Response time: 0.
[NX v22.6.2 Daemon Client] - 2026-04-02T05:13:04.221Z - [Messenger] Received message, length: 4
[NX v22.6.2 Daemon Client] - 2026-04-02T05:13:04.222Z - [Messenger] Sending message type: OUTPUTS_HASHES_MATCH
[NX v22.6.2 Daemon Client] - 2026-04-02T05:13:04.222Z - [Messenger] Message sent
[NX v22.6.2 Daemon Server] - 2026-04-02T05:13:04.222Z - Received raw message of length 208
[NX v22.6.2 Daemon Server] - 2026-04-02T05:13:04.222Z - Received json message of type OUTPUTS_HASHES_MATCH
[NX v22.6.2 Daemon Server] - 2026-04-02T05:13:04.224Z - Serializing response for OUTPUTS_HASHES_MATCH message in json mode
[NX v22.6.2 Daemon Server] - 2026-04-02T05:13:04.224Z - Responding to OUTPUTS_HASHES_MATCH message
[NX v22.6.2 Daemon Server] - 2026-04-02T05:13:04.224Z - [REQUEST]: Responding to the client. outputsHashesMatch
[NX v22.6.2 Daemon Server] - 2026-04-02T05:13:04.224Z - Done responding to the client outputsHashesMatch
[NX v22.6.2 Daemon Server] - 2026-04-02T05:13:04.224Z - Handled json message OUTPUTS_HASHES_MATCH. Handling time: 2. Response time: 0.
[NX v22.6.2 Daemon Client] - 2026-04-02T05:13:04.224Z - [Messenger] Received message, length: 4
[NX v22.6.2 Daemon Client] - 2026-04-02T05:13:04.225Z - [Messenger] Sending message type: RECORD_OUTPUTS_HASH
[NX v22.6.2 Daemon Client] - 2026-04-02T05:13:04.225Z - [Messenger] Message sent
[NX v22.6.2 Daemon Server] - 2026-04-02T05:13:04.225Z - Received raw message of length 244
[NX v22.6.2 Daemon Server] - 2026-04-02T05:13:04.225Z - Received json message of type RECORD_OUTPUTS_HASH
[NX v22.6.2 Daemon Server] - 2026-04-02T05:13:04.226Z - Serializing response for RECORD_OUTPUTS_HASH message in json mode
[NX v22.6.2 Daemon Server] - 2026-04-02T05:13:04.226Z - Responding to RECORD_OUTPUTS_HASH message
[NX v22.6.2 Daemon Server] - 2026-04-02T05:13:04.226Z - [REQUEST]: Responding to the client. recordOutputsHash
[NX v22.6.2 Daemon Server] - 2026-04-02T05:13:04.226Z - Done responding to the client recordOutputsHash
[NX v22.6.2 Daemon Server] - 2026-04-02T05:13:04.227Z - Handled json message RECORD_OUTPUTS_HASH. Handling time: 1. Response time: 1.
[NX v22.6.2 Daemon Client] - 2026-04-02T05:13:04.227Z - [Messenger] Received message, length: 2
[NX v22.6.2 Daemon Client] - 2026-04-02T05:13:04.227Z - [Messenger] Sending message type: RECORD_OUTPUTS_HASH
[NX v22.6.2 Daemon Client] - 2026-04-02T05:13:04.227Z - [Messenger] Message sent
[NX v22.6.2 Daemon Server] - 2026-04-02T05:13:04.227Z - Received raw message of length 207
[NX v22.6.2 Daemon Server] - 2026-04-02T05:13:04.227Z - Received json message of type RECORD_OUTPUTS_HASH
[NX v22.6.2 Daemon Server] - 2026-04-02T05:13:04.229Z - Serializing response for RECORD_OUTPUTS_HASH message in json mode
[NX v22.6.2 Daemon Server] - 2026-04-02T05:13:04.229Z - Responding to RECORD_OUTPUTS_HASH message
[NX v22.6.2 Daemon Server] - 2026-04-02T05:13:04.229Z - [REQUEST]: Responding to the client. recordOutputsHash
[NX v22.6.2 Daemon Server] - 2026-04-02T05:13:04.229Z - Done responding to the client recordOutputsHash
[NX v22.6.2 Daemon Server] - 2026-04-02T05:13:04.229Z - Handled json message RECORD_OUTPUTS_HASH. Handling time: 2. Response time: 0.
[NX v22.6.2 Daemon Client] - 2026-04-02T05:13:04.229Z - [Messenger] Received message, length: 2
[NX v22.6.2 Daemon Client] - 2026-04-02T05:13:04.229Z - [Messenger] Sending message type: OUTPUTS_HASHES_MATCH
[NX v22.6.2 Daemon Client] - 2026-04-02T05:13:04.229Z - [Messenger] Message sent
[NX v22.6.2 Daemon Server] - 2026-04-02T05:13:04.229Z - Received raw message of length 200
[NX v22.6.2 Daemon Server] - 2026-04-02T05:13:04.229Z - Received json message of type OUTPUTS_HASHES_MATCH
[NX v22.6.2 Daemon Server] - 2026-04-02T05:13:04.232Z - Serializing response for OUTPUTS_HASHES_MATCH message in json mode
[NX v22.6.2 Daemon Server] - 2026-04-02T05:13:04.232Z - Responding to OUTPUTS_HASHES_MATCH message
[NX v22.6.2 Daemon Server] - 2026-04-02T05:13:04.232Z - [REQUEST]: Responding to the client. outputsHashesMatch
[NX v22.6.2 Daemon Server] - 2026-04-02T05:13:04.232Z - Done responding to the client outputsHashesMatch
[NX v22.6.2 Daemon Server] - 2026-04-02T05:13:04.232Z - Handled json message OUTPUTS_HASHES_MATCH. Handling time: 3. Response time: 0.
[NX v22.6.2 Daemon Client] - 2026-04-02T05:13:04.232Z - [Messenger] Received message, length: 4
[NX v22.6.2 Daemon Client] - 2026-04-02T05:13:04.232Z - [Messenger] Sending message type: RECORD_OUTPUTS_HASH
[NX v22.6.2 Daemon Client] - 2026-04-02T05:13:04.232Z - [Messenger] Message sent
[NX v22.6.2 Daemon Server] - 2026-04-02T05:13:04.232Z - Received raw message of length 199
[NX v22.6.2 Daemon Server] - 2026-04-02T05:13:04.232Z - Received json message of type RECORD_OUTPUTS_HASH
[NX v22.6.2 Daemon Server] - 2026-04-02T05:13:04.234Z - Serializing response for RECORD_OUTPUTS_HASH message in json mode
[NX v22.6.2 Daemon Server] - 2026-04-02T05:13:04.234Z - Responding to RECORD_OUTPUTS_HASH message
[NX v22.6.2 Daemon Server] - 2026-04-02T05:13:04.234Z - [REQUEST]: Responding to the client. recordOutputsHash
[NX v22.6.2 Daemon Server] - 2026-04-02T05:13:04.234Z - Done responding to the client recordOutputsHash
[NX v22.6.2 Daemon Server] - 2026-04-02T05:13:04.234Z - Handled json message RECORD_OUTPUTS_HASH. Handling time: 2. Response time: 0.
[NX v22.6.2 Daemon Client] - 2026-04-02T05:13:04.234Z - [Messenger] Received message, length: 2
[NX v22.6.2 Daemon Client] - 2026-04-02T05:13:04.236Z - [Messenger] Sending message type: OUTPUTS_HASHES_MATCH
[NX v22.6.2 Daemon Client] - 2026-04-02T05:13:04.236Z - [Messenger] Message sent
[NX v22.6.2 Daemon Server] - 2026-04-02T05:13:04.236Z - Received raw message of length 224
[NX v22.6.2 Daemon Server] - 2026-04-02T05:13:04.236Z - Received json message of type OUTPUTS_HASHES_MATCH
[NX v22.6.2 Daemon Server] - 2026-04-02T05:13:04.238Z - Serializing response for OUTPUTS_HASHES_MATCH message in json mode
[NX v22.6.2 Daemon Server] - 2026-04-02T05:13:04.238Z - Responding to OUTPUTS_HASHES_MATCH message
[NX v22.6.2 Daemon Server] - 2026-04-02T05:13:04.238Z - [REQUEST]: Responding to the client. outputsHashesMatch
[NX v22.6.2 Daemon Server] - 2026-04-02T05:13:04.238Z - Done responding to the client outputsHashesMatch
[NX v22.6.2 Daemon Server] - 2026-04-02T05:13:04.238Z - Handled json message OUTPUTS_HASHES_MATCH. Handling time: 2. Response time: 0.
[NX v22.6.2 Daemon Client] - 2026-04-02T05:13:04.238Z - [Messenger] Received message, length: 4
[NX v22.6.2 Daemon Client] - 2026-04-02T05:13:04.238Z - [Messenger] Sending message type: RECORD_OUTPUTS_HASH
[NX v22.6.2 Daemon Client] - 2026-04-02T05:13:04.238Z - [Messenger] Message sent
[NX v22.6.2 Daemon Server] - 2026-04-02T05:13:04.238Z - Received raw message of length 223
[NX v22.6.2 Daemon Server] - 2026-04-02T05:13:04.238Z - Received json message of type RECORD_OUTPUTS_HASH
[NX v22.6.2 Daemon Server] - 2026-04-02T05:13:04.241Z - Serializing response for RECORD_OUTPUTS_HASH message in json mode
[NX v22.6.2 Daemon Server] - 2026-04-02T05:13:04.241Z - Responding to RECORD_OUTPUTS_HASH message
[NX v22.6.2 Daemon Server] - 2026-04-02T05:13:04.241Z - [REQUEST]: Responding to the client. recordOutputsHash
[NX v22.6.2 Daemon Server] - 2026-04-02T05:13:04.241Z - Done responding to the client recordOutputsHash
[NX v22.6.2 Daemon Server] - 2026-04-02T05:13:04.241Z - Handled json message RECORD_OUTPUTS_HASH. Handling time: 3. Response time: 0.
[NX v22.6.2 Daemon Client] - 2026-04-02T05:13:04.241Z - [Messenger] Received message, length: 2
[NX v22.6.2 Daemon Client] - 2026-04-02T05:13:04.243Z - [Messenger] Sending message type: OUTPUTS_HASHES_MATCH
[NX v22.6.2 Daemon Client] - 2026-04-02T05:13:04.243Z - [Messenger] Message sent
[NX v22.6.2 Daemon Server] - 2026-04-02T05:13:04.243Z - Received raw message of length 205
[NX v22.6.2 Daemon Server] - 2026-04-02T05:13:04.243Z - Received json message of type OUTPUTS_HASHES_MATCH
[NX v22.6.2 Daemon Server] - 2026-04-02T05:13:04.245Z - Serializing response for OUTPUTS_HASHES_MATCH message in json mode
[NX v22.6.2 Daemon Server] - 2026-04-02T05:13:04.245Z - Responding to OUTPUTS_HASHES_MATCH message
[NX v22.6.2 Daemon Server] - 2026-04-02T05:13:04.245Z - [REQUEST]: Responding to the client. outputsHashesMatch
[NX v22.6.2 Daemon Server] - 2026-04-02T05:13:04.245Z - Done responding to the client outputsHashesMatch
[NX v22.6.2 Daemon Server] - 2026-04-02T05:13:04.245Z - Handled json message OUTPUTS_HASHES_MATCH. Handling time: 2. Response time: 0.
[NX v22.6.2 Daemon Client] - 2026-04-02T05:13:04.245Z - [Messenger] Received message, length: 4
[NX v22.6.2 Daemon Client] - 2026-04-02T05:13:04.245Z - [Messenger] Sending message type: OUTPUTS_HASHES_MATCH
[NX v22.6.2 Daemon Client] - 2026-04-02T05:13:04.245Z - [Messenger] Message sent
[NX v22.6.2 Daemon Server] - 2026-04-02T05:13:04.245Z - Received raw message of length 208
[NX v22.6.2 Daemon Server] - 2026-04-02T05:13:04.245Z - Received json message of type OUTPUTS_HASHES_MATCH
[NX v22.6.2 Daemon Server] - 2026-04-02T05:13:04.250Z - Serializing response for OUTPUTS_HASHES_MATCH message in json mode
[NX v22.6.2 Daemon Server] - 2026-04-02T05:13:04.250Z - Responding to OUTPUTS_HASHES_MATCH message
[NX v22.6.2 Daemon Server] - 2026-04-02T05:13:04.250Z - [REQUEST]: Responding to the client. outputsHashesMatch
[NX v22.6.2 Daemon Server] - 2026-04-02T05:13:04.250Z - Done responding to the client outputsHashesMatch
[NX v22.6.2 Daemon Server] - 2026-04-02T05:13:04.251Z - Handled json message OUTPUTS_HASHES_MATCH. Handling time: 5. Response time: 1.
[NX v22.6.2 Daemon Client] - 2026-04-02T05:13:04.251Z - [Messenger] Received message, length: 4
[NX v22.6.2 Daemon Client] - 2026-04-02T05:13:04.251Z - [Messenger] Sending message type: RECORD_OUTPUTS_HASH
[NX v22.6.2 Daemon Client] - 2026-04-02T05:13:04.251Z - [Messenger] Message sent
[NX v22.6.2 Daemon Server] - 2026-04-02T05:13:04.251Z - Received raw message of length 204
[NX v22.6.2 Daemon Server] - 2026-04-02T05:13:04.251Z - Received json message of type RECORD_OUTPUTS_HASH
[NX v22.6.2 Daemon Server] - 2026-04-02T05:13:04.254Z - Serializing response for RECORD_OUTPUTS_HASH message in json mode
[NX v22.6.2 Daemon Server] - 2026-04-02T05:13:04.254Z - Responding to RECORD_OUTPUTS_HASH message
[NX v22.6.2 Daemon Server] - 2026-04-02T05:13:04.254Z - [REQUEST]: Responding to the client. recordOutputsHash
[NX v22.6.2 Daemon Server] - 2026-04-02T05:13:04.254Z - Done responding to the client recordOutputsHash
[NX v22.6.2 Daemon Server] - 2026-04-02T05:13:04.254Z - Handled json message RECORD_OUTPUTS_HASH. Handling time: 3. Response time: 0.
[NX v22.6.2 Daemon Client] - 2026-04-02T05:13:04.254Z - [Messenger] Received message, length: 2
[NX v22.6.2 Daemon Client] - 2026-04-02T05:13:04.254Z - [Messenger] Sending message type: RECORD_OUTPUTS_HASH
[NX v22.6.2 Daemon Client] - 2026-04-02T05:13:04.254Z - [Messenger] Message sent
[NX v22.6.2 Daemon Server] - 2026-04-02T05:13:04.254Z - Received raw message of length 207
[NX v22.6.2 Daemon Server] - 2026-04-02T05:13:04.254Z - Received json message of type RECORD_OUTPUTS_HASH
[NX v22.6.2 Daemon Server] - 2026-04-02T05:13:04.257Z - Serializing response for RECORD_OUTPUTS_HASH message in json mode
[NX v22.6.2 Daemon Server] - 2026-04-02T05:13:04.257Z - Responding to RECORD_OUTPUTS_HASH message
[NX v22.6.2 Daemon Server] - 2026-04-02T05:13:04.257Z - [REQUEST]: Responding to the client. recordOutputsHash
[NX v22.6.2 Daemon Server] - 2026-04-02T05:13:04.257Z - Done responding to the client recordOutputsHash
[NX v22.6.2 Daemon Server] - 2026-04-02T05:13:04.257Z - Handled json message RECORD_OUTPUTS_HASH. Handling time: 3. Response time: 0.
[NX v22.6.2 Daemon Client] - 2026-04-02T05:13:04.257Z - [Messenger] Received message, length: 2
[NX v22.6.2 Daemon Client] - 2026-04-02T05:13:04.258Z - [Messenger] Sending message type: OUTPUTS_HASHES_MATCH
[NX v22.6.2 Daemon Client] - 2026-04-02T05:13:04.258Z - [Messenger] Message sent
[NX v22.6.2 Daemon Server] - 2026-04-02T05:13:04.258Z - Received raw message of length 204
[NX v22.6.2 Daemon Server] - 2026-04-02T05:13:04.258Z - Received json message of type OUTPUTS_HASHES_MATCH
[NX v22.6.2 Daemon Server] - 2026-04-02T05:13:04.259Z - Serializing response for OUTPUTS_HASHES_MATCH message in json mode
[NX v22.6.2 Daemon Server] - 2026-04-02T05:13:04.259Z - Responding to OUTPUTS_HASHES_MATCH message
[NX v22.6.2 Daemon Server] - 2026-04-02T05:13:04.259Z - [REQUEST]: Responding to the client. outputsHashesMatch
[NX v22.6.2 Daemon Server] - 2026-04-02T05:13:04.259Z - Done responding to the client outputsHashesMatch
[NX v22.6.2 Daemon Server] - 2026-04-02T05:13:04.259Z - Handled json message OUTPUTS_HASHES_MATCH. Handling time: 1. Response time: 0.
[NX v22.6.2 Daemon Client] - 2026-04-02T05:13:04.259Z - [Messenger] Received message, length: 4
[NX v22.6.2 Daemon Client] - 2026-04-02T05:13:04.260Z - [Messenger] Sending message type: RECORD_OUTPUTS_HASH
[NX v22.6.2 Daemon Client] - 2026-04-02T05:13:04.260Z - [Messenger] Message sent
[NX v22.6.2 Daemon Server] - 2026-04-02T05:13:04.260Z - Received raw message of length 203
[NX v22.6.2 Daemon Server] - 2026-04-02T05:13:04.260Z - Received json message of type RECORD_OUTPUTS_HASH
[NX v22.6.2 Daemon Server] - 2026-04-02T05:13:04.262Z - Serializing response for RECORD_OUTPUTS_HASH message in json mode
[NX v22.6.2 Daemon Server] - 2026-04-02T05:13:04.262Z - Responding to RECORD_OUTPUTS_HASH message
[NX v22.6.2 Daemon Server] - 2026-04-02T05:13:04.262Z - [REQUEST]: Responding to the client. recordOutputsHash
[NX v22.6.2 Daemon Server] - 2026-04-02T05:13:04.262Z - Done responding to the client recordOutputsHash
[NX v22.6.2 Daemon Server] - 2026-04-02T05:13:04.262Z - Handled json message RECORD_OUTPUTS_HASH. Handling time: 2. Response time: 0.
[NX v22.6.2 Daemon Client] - 2026-04-02T05:13:04.262Z - [Messenger] Received message, length: 2
[NX v22.6.2 Daemon Client] - 2026-04-02T05:13:04.264Z - [Messenger] Sending message type: OUTPUTS_HASHES_MATCH
[NX v22.6.2 Daemon Client] - 2026-04-02T05:13:04.264Z - [Messenger] Message sent
[NX v22.6.2 Daemon Server] - 2026-04-02T05:13:04.264Z - Received raw message of length 236
[NX v22.6.2 Daemon Server] - 2026-04-02T05:13:04.264Z - Received json message of type OUTPUTS_HASHES_MATCH
[NX v22.6.2 Daemon Server] - 2026-04-02T05:13:04.269Z - Serializing response for OUTPUTS_HASHES_MATCH message in json mode
[NX v22.6.2 Daemon Server] - 2026-04-02T05:13:04.269Z - Responding to OUTPUTS_HASHES_MATCH message
[NX v22.6.2 Daemon Server] - 2026-04-02T05:13:04.269Z - [REQUEST]: Responding to the client. outputsHashesMatch
[NX v22.6.2 Daemon Server] - 2026-04-02T05:13:04.269Z - Done responding to the client outputsHashesMatch
[NX v22.6.2 Daemon Server] - 2026-04-02T05:13:04.269Z - Handled json message OUTPUTS_HASHES_MATCH. Handling time: 5. Response time: 0.
[NX v22.6.2 Daemon Client] - 2026-04-02T05:13:04.269Z - [Messenger] Received message, length: 4
[NX v22.6.2 Daemon Client] - 2026-04-02T05:13:04.269Z - [Messenger] Sending message type: OUTPUTS_HASHES_MATCH
[NX v22.6.2 Daemon Client] - 2026-04-02T05:13:04.269Z - [Messenger] Message sent
[NX v22.6.2 Daemon Server] - 2026-04-02T05:13:04.269Z - Received raw message of length 233
[NX v22.6.2 Daemon Server] - 2026-04-02T05:13:04.269Z - Received json message of type OUTPUTS_HASHES_MATCH
[NX v22.6.2 Daemon Server] - 2026-04-02T05:13:04.271Z - Serializing response for OUTPUTS_HASHES_MATCH message in json mode
[NX v22.6.2 Daemon Server] - 2026-04-02T05:13:04.271Z - Responding to OUTPUTS_HASHES_MATCH message
[NX v22.6.2 Daemon Server] - 2026-04-02T05:13:04.271Z - [REQUEST]: Responding to the client. outputsHashesMatch
[NX v22.6.2 Daemon Server] - 2026-04-02T05:13:04.271Z - Done responding to the client outputsHashesMatch
[NX v22.6.2 Daemon Server] - 2026-04-02T05:13:04.271Z - Handled json message OUTPUTS_HASHES_MATCH. Handling time: 2. Response time: 0.
[NX v22.6.2 Daemon Client] - 2026-04-02T05:13:04.271Z - [Messenger] Received message, length: 4
[NX v22.6.2 Daemon Client] - 2026-04-02T05:13:04.272Z - [Messenger] Sending message type: RECORD_OUTPUTS_HASH
[NX v22.6.2 Daemon Client] - 2026-04-02T05:13:04.272Z - [Messenger] Message sent
[NX v22.6.2 Daemon Server] - 2026-04-02T05:13:04.272Z - Received raw message of length 235
[NX v22.6.2 Daemon Server] - 2026-04-02T05:13:04.272Z - Received json message of type RECORD_OUTPUTS_HASH
[NX v22.6.2 Daemon Server] - 2026-04-02T05:13:04.274Z - Serializing response for RECORD_OUTPUTS_HASH message in json mode
[NX v22.6.2 Daemon Server] - 2026-04-02T05:13:04.274Z - Responding to RECORD_OUTPUTS_HASH message
[NX v22.6.2 Daemon Server] - 2026-04-02T05:13:04.274Z - [REQUEST]: Responding to the client. recordOutputsHash
[NX v22.6.2 Daemon Server] - 2026-04-02T05:13:04.274Z - Done responding to the client recordOutputsHash
[NX v22.6.2 Daemon Server] - 2026-04-02T05:13:04.274Z - Handled json message RECORD_OUTPUTS_HASH. Handling time: 2. Response time: 0.
[NX v22.6.2 Daemon Client] - 2026-04-02T05:13:04.274Z - [Messenger] Received message, length: 2
[NX v22.6.2 Daemon Client] - 2026-04-02T05:13:04.275Z - [Messenger] Sending message type: RECORD_OUTPUTS_HASH
[NX v22.6.2 Daemon Client] - 2026-04-02T05:13:04.275Z - [Messenger] Message sent
[NX v22.6.2 Daemon Server] - 2026-04-02T05:13:04.275Z - Received raw message of length 232
[NX v22.6.2 Daemon Server] - 2026-04-02T05:13:04.275Z - Received json message of type RECORD_OUTPUTS_HASH
[NX v22.6.2 Daemon Server] - 2026-04-02T05:13:04.278Z - Serializing response for RECORD_OUTPUTS_HASH message in json mode
[NX v22.6.2 Daemon Server] - 2026-04-02T05:13:04.278Z - Responding to RECORD_OUTPUTS_HASH message
[NX v22.6.2 Daemon Server] - 2026-04-02T05:13:04.278Z - [REQUEST]: Responding to the client. recordOutputsHash
[NX v22.6.2 Daemon Server] - 2026-04-02T05:13:04.278Z - Done responding to the client recordOutputsHash
[NX v22.6.2 Daemon Server] - 2026-04-02T05:13:04.278Z - Handled json message RECORD_OUTPUTS_HASH. Handling time: 3. Response time: 0.
[NX v22.6.2 Daemon Client] - 2026-04-02T05:13:04.278Z - [Messenger] Received message, length: 2
[NX v22.6.2 Daemon Client] - 2026-04-02T05:13:04.280Z - [Messenger] Sending message type: OUTPUTS_HASHES_MATCH
[NX v22.6.2 Daemon Client] - 2026-04-02T05:13:04.280Z - [Messenger] Message sent
[NX v22.6.2 Daemon Server] - 2026-04-02T05:13:04.280Z - Received raw message of length 196
[NX v22.6.2 Daemon Server] - 2026-04-02T05:13:04.280Z - Received json message of type OUTPUTS_HASHES_MATCH
[NX v22.6.2 Daemon Server] - 2026-04-02T05:13:04.287Z - Serializing response for OUTPUTS_HASHES_MATCH message in json mode
[NX v22.6.2 Daemon Server] - 2026-04-02T05:13:04.287Z - Responding to OUTPUTS_HASHES_MATCH message
[NX v22.6.2 Daemon Server] - 2026-04-02T05:13:04.287Z - [REQUEST]: Responding to the client. outputsHashesMatch
[NX v22.6.2 Daemon Server] - 2026-04-02T05:13:04.287Z - Done responding to the client outputsHashesMatch
[NX v22.6.2 Daemon Server] - 2026-04-02T05:13:04.287Z - Handled json message OUTPUTS_HASHES_MATCH. Handling time: 7. Response time: 0.
[NX v22.6.2 Daemon Client] - 2026-04-02T05:13:04.287Z - [Messenger] Received message, length: 4
[NX v22.6.2 Daemon Client] - 2026-04-02T05:13:04.287Z - [Messenger] Sending message type: OUTPUTS_HASHES_MATCH
[NX v22.6.2 Daemon Client] - 2026-04-02T05:13:04.287Z - [Messenger] Message sent
[NX v22.6.2 Daemon Server] - 2026-04-02T05:13:04.288Z - Received raw message of length 184
[NX v22.6.2 Daemon Server] - 2026-04-02T05:13:04.288Z - Received json message of type OUTPUTS_HASHES_MATCH
[NX v22.6.2 Daemon Server] - 2026-04-02T05:13:04.292Z - Serializing response for OUTPUTS_HASHES_MATCH message in json mode
[NX v22.6.2 Daemon Server] - 2026-04-02T05:13:04.292Z - Responding to OUTPUTS_HASHES_MATCH message
[NX v22.6.2 Daemon Server] - 2026-04-02T05:13:04.292Z - [REQUEST]: Responding to the client. outputsHashesMatch
[NX v22.6.2 Daemon Server] - 2026-04-02T05:13:04.292Z - Done responding to the client outputsHashesMatch
[NX v22.6.2 Daemon Server] - 2026-04-02T05:13:04.292Z - Handled json message OUTPUTS_HASHES_MATCH. Handling time: 4. Response time: 0.
[NX v22.6.2 Daemon Client] - 2026-04-02T05:13:04.292Z - [Messenger] Received message, length: 4
[NX v22.6.2 Daemon Client] - 2026-04-02T05:13:04.292Z - [Messenger] Sending message type: RECORD_OUTPUTS_HASH
[NX v22.6.2 Daemon Client] - 2026-04-02T05:13:04.292Z - [Messenger] Message sent
[NX v22.6.2 Daemon Server] - 2026-04-02T05:13:04.293Z - Received raw message of length 195
[NX v22.6.2 Daemon Server] - 2026-04-02T05:13:04.293Z - Received json message of type RECORD_OUTPUTS_HASH
[NX v22.6.2 Daemon Server] - 2026-04-02T05:13:04.297Z - Serializing response for RECORD_OUTPUTS_HASH message in json mode
[NX v22.6.2 Daemon Server] - 2026-04-02T05:13:04.297Z - Responding to RECORD_OUTPUTS_HASH message
[NX v22.6.2 Daemon Server] - 2026-04-02T05:13:04.298Z - [REQUEST]: Responding to the client. recordOutputsHash
[NX v22.6.2 Daemon Server] - 2026-04-02T05:13:04.298Z - Done responding to the client recordOutputsHash
[NX v22.6.2 Daemon Server] - 2026-04-02T05:13:04.298Z - Handled json message RECORD_OUTPUTS_HASH. Handling time: 4. Response time: 1.
[NX v22.6.2 Daemon Client] - 2026-04-02T05:13:04.298Z - [Messenger] Received message, length: 2
[NX v22.6.2 Daemon Client] - 2026-04-02T05:13:04.298Z - [Messenger] Sending message type: RECORD_OUTPUTS_HASH
[NX v22.6.2 Daemon Client] - 2026-04-02T05:13:04.298Z - [Messenger] Message sent
[NX v22.6.2 Daemon Server] - 2026-04-02T05:13:04.298Z - Received raw message of length 183
[NX v22.6.2 Daemon Server] - 2026-04-02T05:13:04.298Z - Received json message of type RECORD_OUTPUTS_HASH
[NX v22.6.2 Daemon Server] - 2026-04-02T05:13:04.304Z - Serializing response for RECORD_OUTPUTS_HASH message in json mode
[NX v22.6.2 Daemon Server] - 2026-04-02T05:13:04.304Z - Responding to RECORD_OUTPUTS_HASH message
[NX v22.6.2 Daemon Server] - 2026-04-02T05:13:04.304Z - [REQUEST]: Responding to the client. recordOutputsHash
[NX v22.6.2 Daemon Server] - 2026-04-02T05:13:04.304Z - Done responding to the client recordOutputsHash
[NX v22.6.2 Daemon Server] - 2026-04-02T05:13:04.304Z - Handled json message RECORD_OUTPUTS_HASH. Handling time: 6. Response time: 0.
[NX v22.6.2 Daemon Client] - 2026-04-02T05:13:04.304Z - [Messenger] Received message, length: 2
[NX v22.6.2 Daemon Client] - 2026-04-02T05:13:04.305Z - [Messenger] Sending message type: RECORD_TASK_RUNS
[NX v22.6.2 Daemon Client] - 2026-04-02T05:13:04.306Z - [Messenger] Message sent
[NX v22.6.2 Daemon Server] - 2026-04-02T05:13:04.306Z - Received raw message of length 2585
[NX v22.6.2 Daemon Server] - 2026-04-02T05:13:04.306Z - Received json message of type RECORD_TASK_RUNS
[NX v22.6.2 Daemon Server] - 2026-04-02T05:13:04.306Z - Serializing response for RECORD_TASK_RUNS message in json mode
[NX v22.6.2 Daemon Server] - 2026-04-02T05:13:04.306Z - Responding to RECORD_TASK_RUNS message
[NX v22.6.2 Daemon Server] - 2026-04-02T05:13:04.306Z - [REQUEST]: Responding to the client. handleRecordTaskRuns
[NX v22.6.2 Daemon Server] - 2026-04-02T05:13:04.306Z - Done responding to the client handleRecordTaskRuns
[NX v22.6.2 Daemon Server] - 2026-04-02T05:13:04.306Z - Handled json message RECORD_TASK_RUNS. Handling time: 0. Response time: 0.
[NX v22.6.2 Daemon Client] - 2026-04-02T05:13:04.306Z - [Messenger] Received message, length: 4
[NX v22.6.2 Daemon Client] - 2026-04-02T05:13:04.307Z - [Messenger] Sending message type: GET_FLAKY_TASKS
[NX v22.6.2 Daemon Client] - 2026-04-02T05:13:04.307Z - [Messenger] Message sent
[NX v22.6.2 Daemon Server] - 2026-04-02T05:13:04.307Z - Received raw message of length 327
[NX v22.6.2 Daemon Server] - 2026-04-02T05:13:04.307Z - Received json message of type GET_FLAKY_TASKS
[NX v22.6.2 Daemon Server] - 2026-04-02T05:13:04.307Z - Serializing response for GET_FLAKY_TASKS message in json mode
[NX v22.6.2 Daemon Server] - 2026-04-02T05:13:04.307Z - Responding to GET_FLAKY_TASKS message
[NX v22.6.2 Daemon Server] - 2026-04-02T05:13:04.307Z - [REQUEST]: Responding to the client. handleGetFlakyTasks
[NX v22.6.2 Daemon Server] - 2026-04-02T05:13:04.307Z - Done responding to the client handleGetFlakyTasks
[NX v22.6.2 Daemon Server] - 2026-04-02T05:13:04.307Z - Handled json message GET_FLAKY_TASKS. Handling time: 0. Response time: 0.
[NX v22.6.2 Daemon Client] - 2026-04-02T05:13:04.307Z - [Messenger] Received message, length: 2
[NX v22.6.2 Daemon Server] - 2026-04-02T05:13:07.340Z - Established a connection. Number of open connections: 2
[NX v22.6.2 Daemon Client] - 2026-04-02T05:13:07.340Z - [Messenger] Sending message type: GET_CONFIGURE_AI_AGENTS_STATUS
[NX v22.6.2 Daemon Client] - 2026-04-02T05:13:07.341Z - [Messenger] Message sent
[NX v22.6.2 Daemon Server] - 2026-04-02T05:13:07.341Z - Closed a connection. Number of open connections: 1
[NX v22.6.2 Daemon Server] - 2026-04-02T05:13:07.341Z - Received raw message of length 41
[NX v22.6.2 Daemon Server] - 2026-04-02T05:13:07.341Z - Received json message of type GET_CONFIGURE_AI_AGENTS_STATUS
[NX v22.6.2 Daemon Server] - 2026-04-02T05:13:07.341Z - [AI-AGENTS]: Returning cached agent configuration status
[NX v22.6.2 Daemon Server] - 2026-04-02T05:13:07.341Z - Serializing response for GET_CONFIGURE_AI_AGENTS_STATUS message in json mode
[NX v22.6.2 Daemon Server] - 2026-04-02T05:13:07.341Z - Responding to GET_CONFIGURE_AI_AGENTS_STATUS message
[NX v22.6.2 Daemon Server] - 2026-04-02T05:13:07.341Z - [REQUEST]: Responding to the client. handleGetConfigureAiAgentsStatus
[NX v22.6.2 Daemon Server] - 2026-04-02T05:13:07.341Z - Done responding to the client handleGetConfigureAiAgentsStatus
[NX v22.6.2 Daemon Server] - 2026-04-02T05:13:07.342Z - Handled json message GET_CONFIGURE_AI_AGENTS_STATUS. Handling time: 0. Response time: 1.
[NX v22.6.2 Daemon Client] - 2026-04-02T05:13:07.341Z - [Messenger] Received message, length: 342
[NX v22.6.2 Daemon Client] - 2026-04-02T05:13:07.579Z - [Messenger] Sending message type: POST_TASKS_EXECUTION
[NX v22.6.2 Daemon Client] - 2026-04-02T05:13:07.580Z - [Messenger] Message sent
[NX v22.6.2 Daemon Server] - 2026-04-02T05:13:07.582Z - Received raw message of length 472946
[NX v22.6.2 Daemon Server] - 2026-04-02T05:13:07.584Z - Received json message of type POST_TASKS_EXECUTION
[NX v22.6.2 Daemon Server] - 2026-04-02T05:13:07.584Z - Serializing response for POST_TASKS_EXECUTION message in json mode
[NX v22.6.2 Daemon Server] - 2026-04-02T05:13:07.584Z - Responding to POST_TASKS_EXECUTION message
[NX v22.6.2 Daemon Server] - 2026-04-02T05:13:07.584Z - [REQUEST]: Responding to the client. handleRunPostTasksExecution
[NX v22.6.2 Daemon Server] - 2026-04-02T05:13:07.584Z - Done responding to the client handleRunPostTasksExecution
[NX v22.6.2 Daemon Server] - 2026-04-02T05:13:07.584Z - Handled json message POST_TASKS_EXECUTION. Handling time: 0. Response time: 0.
[NX v22.6.2 Daemon Client] - 2026-04-02T05:13:07.584Z - [Messenger] Received message, length: 4
[NX v22.6.2 Daemon Server] - 2026-04-02T05:13:07.584Z - Time taken for 'postTasksExecution' 0.1247499999590218ms
[NX v22.6.2 Daemon Server] - 2026-04-02T05:13:07.593Z - Closed a connection. Number of open connections: 0
[NX v22.6.2 Daemon Server] - 2026-04-02T05:13:08.785Z - [WATCHER]: Processing file changes in outputs
[NX v22.6.2 Daemon Server] - 2026-04-02T05:14:42.340Z - Established a connection. Number of open connections: 1
[NX v22.6.2 Daemon Server] - 2026-04-02T05:14:42.341Z - Closed a connection. Number of open connections: 0
[NX v22.6.2 Daemon Server] - 2026-04-02T05:14:42.341Z - Established a connection. Number of open connections: 1
[NX v22.6.2 Daemon Server] - 2026-04-02T05:14:42.341Z - Closed a connection. Number of open connections: 0
[NX v22.6.2 Daemon Server] - 2026-04-02T05:14:42.341Z - Established a connection. Number of open connections: 1
[NX v22.6.2 Daemon Client] - 2026-04-02T05:14:42.341Z - [Messenger] Setting up socket listeners
[NX v22.6.2 Daemon Client] - 2026-04-02T05:14:42.342Z - [Messenger] listen() complete
[NX v22.6.2 Daemon Client] - 2026-04-02T05:14:42.343Z - [Messenger] Sending message type: GET_NX_CONSOLE_STATUS
[NX v22.6.2 Daemon Client] - 2026-04-02T05:14:42.343Z - [Messenger] Message sent
[NX v22.6.2 Daemon Server] - 2026-04-02T05:14:42.352Z - Received raw message of length 32
[NX v22.6.2 Daemon Server] - 2026-04-02T05:14:42.352Z - Received json message of type GET_NX_CONSOLE_STATUS
[NX v22.6.2 Daemon Server] - 2026-04-02T05:14:42.352Z - Serializing response for GET_NX_CONSOLE_STATUS message in json mode
[NX v22.6.2 Daemon Server] - 2026-04-02T05:14:42.352Z - Responding to GET_NX_CONSOLE_STATUS message
[NX v22.6.2 Daemon Server] - 2026-04-02T05:14:42.352Z - [REQUEST]: Responding to the client. handleGetNxConsoleStatus
[NX v22.6.2 Daemon Server] - 2026-04-02T05:14:42.352Z - Done responding to the client handleGetNxConsoleStatus
[NX v22.6.2 Daemon Server] - 2026-04-02T05:14:42.352Z - Handled json message GET_NX_CONSOLE_STATUS. Handling time: 0. Response time: 0.
[NX v22.6.2 Daemon Client] - 2026-04-02T05:14:42.353Z - [Messenger] Received message, length: 22
[NX v22.6.2 Daemon Client] - 2026-04-02T05:14:42.402Z - [Messenger] Sending message type: REQUEST_PROJECT_GRAPH
[NX v22.6.2 Daemon Client] - 2026-04-02T05:14:42.402Z - [Messenger] Message sent
[NX v22.6.2 Daemon Server] - 2026-04-02T05:14:42.402Z - Received raw message of length 32
[NX v22.6.2 Daemon Server] - 2026-04-02T05:14:42.403Z - Received json message of type REQUEST_PROJECT_GRAPH
[NX v22.6.2 Daemon Server] - 2026-04-02T05:14:42.403Z - [REQUEST]: Client Request for Project Graph Received
[NX v22.6.2 Daemon Server] - 2026-04-02T05:14:42.403Z - Reusing in-memory cached project graph because no files changed.
[NX v22.6.2 Daemon Server] - 2026-04-02T05:14:42.403Z - Serializing response for REQUEST_PROJECT_GRAPH message in json mode
[NX v22.6.2 Daemon Server] - 2026-04-02T05:14:42.403Z - Responding to REQUEST_PROJECT_GRAPH message
[NX v22.6.2 Daemon Server] - 2026-04-02T05:14:42.403Z - [REQUEST]: Responding to the client. project-graph
[NX v22.6.2 Daemon Server] - 2026-04-02T05:14:42.406Z - Time taken for 'total for creating and serializing project graph' 0.7910419999971054ms
[NX v22.6.2 Daemon Server] - 2026-04-02T05:14:42.408Z - Done responding to the client project-graph
[NX v22.6.2 Daemon Server] - 2026-04-02T05:14:42.408Z - Handled json message REQUEST_PROJECT_GRAPH. Handling time: 0. Response time: 5.
[NX v22.6.2 Daemon Client] - 2026-04-02T05:14:42.409Z - [Messenger] Received message, length: 1251133
[NX v22.6.2 Daemon Client] - 2026-04-02T05:14:42.415Z - [Messenger] Sending message type: PRE_TASKS_EXECUTION
[NX v22.6.2 Daemon Client] - 2026-04-02T05:14:42.415Z - [Messenger] Message sent
[NX v22.6.2 Daemon Server] - 2026-04-02T05:14:42.415Z - Received raw message of length 743
[NX v22.6.2 Daemon Server] - 2026-04-02T05:14:42.416Z - Received json message of type PRE_TASKS_EXECUTION
[NX v22.6.2 Daemon Server] - 2026-04-02T05:14:42.416Z - Serializing response for PRE_TASKS_EXECUTION message in json mode
[NX v22.6.2 Daemon Server] - 2026-04-02T05:14:42.416Z - Responding to PRE_TASKS_EXECUTION message
[NX v22.6.2 Daemon Server] - 2026-04-02T05:14:42.416Z - [REQUEST]: Responding to the client. handleRunPreTasksExecution
[NX v22.6.2 Daemon Server] - 2026-04-02T05:14:42.416Z - Done responding to the client handleRunPreTasksExecution
[NX v22.6.2 Daemon Server] - 2026-04-02T05:14:42.416Z - Handled json message PRE_TASKS_EXECUTION. Handling time: 0. Response time: 0.
[NX v22.6.2 Daemon Server] - 2026-04-02T05:14:42.416Z - Time taken for 'preTasksExecution' 0.12483300000894815ms
[NX v22.6.2 Daemon Client] - 2026-04-02T05:14:42.416Z - [Messenger] Received message, length: 2
[NX v22.6.2 Daemon Client] - 2026-04-02T05:14:42.479Z - [Messenger] Sending message type: HASH_TASKS
[NX v22.6.2 Daemon Client] - 2026-04-02T05:14:42.479Z - [Messenger] Message sent
[NX v22.6.2 Daemon Server] - 2026-04-02T05:14:42.481Z - Received raw message of length 21648
[NX v22.6.2 Daemon Server] - 2026-04-02T05:14:42.481Z - Received json message of type HASH_TASKS
[NX v22.6.2 Daemon Server] - 2026-04-02T05:14:42.481Z - Reusing in-memory cached project graph because no files changed.
DEBUG nx::native::tasks::hash_planner: get_plans_internal COMPLETED in 9.354125ms - processed 13 tasks (setup: 5.27175ms, parallel_planning: 4.080208ms)
DEBUG nx::native::tasks::hashers::hash_workspace_files: Hashing workspace fileset with inputs: Adding "11270979969866030128" (".gitignore") to hash
DEBUG nx::native::tasks::hashers::hash_workspace_files: Hashing workspace fileset with inputs: Adding "11270979969866030128" (".gitignore") to hash
DEBUG nx::native::tasks::hashers::hash_workspace_files: Hashing workspace fileset with inputs: Adding "11270979969866030128" (".gitignore") to hash
DEBUG nx::native::tasks::hashers::hash_workspace_files: Hashing workspace fileset with inputs: Adding "11270979969866030128" (".gitignore") to hash
DEBUG nx::native::tasks::hashers::hash_workspace_files: Hashing workspace fileset with inputs: Adding "11270979969866030128" (".gitignore") to hash
DEBUG nx::native::tasks::hashers::hash_workspace_files: Hashing workspace fileset with inputs: Adding "11270979969866030128" (".gitignore") to hash
DEBUG nx::native::tasks::hashers::hash_workspace_files: Hashing workspace fileset with inputs: Adding "11270979969866030128" (".gitignore") to hash
DEBUG nx::native::tasks::hashers::hash_workspace_files: Hashing workspace fileset with inputs: Adding "11270979969866030128" (".gitignore") to hash
DEBUG nx::native::tasks::hashers::hash_workspace_files: Hashing workspace fileset with inputs: Adding "3553820021084211887" ("nx.json") to hash
DEBUG nx::native::tasks::hashers::hash_workspace_files: Hashing workspace fileset with inputs: Hash Value: "10665259820010788507"
DEBUG nx::native::tasks::hashers::hash_workspace_files: Hashing workspace fileset with inputs: Adding "3553820021084211887" ("nx.json") to hash
DEBUG nx::native::tasks::hashers::hash_workspace_files: Hashing workspace fileset with inputs: Hash Value: "10665259820010788507"
DEBUG nx::native::tasks::hashers::hash_workspace_files: Hashing workspace fileset with inputs: Adding "3553820021084211887" ("nx.json") to hash
DEBUG nx::native::tasks::hashers::hash_workspace_files: Hashing workspace fileset with inputs: Hash Value: "10665259820010788507"
DEBUG nx::native::tasks::hashers::hash_workspace_files: Hashing workspace fileset with inputs: Adding "3553820021084211887" ("nx.json") to hash
DEBUG nx::native::tasks::hashers::hash_workspace_files: Hashing workspace fileset with inputs: Hash Value: "10665259820010788507"
DEBUG nx::native::tasks::hashers::hash_workspace_files: Hashing workspace fileset with inputs: Adding "3553820021084211887" ("nx.json") to hash
DEBUG nx::native::tasks::hashers::hash_workspace_files: Hashing workspace fileset with inputs: Hash Value: "10665259820010788507"
DEBUG nx::native::tasks::hashers::hash_workspace_files: Hashing workspace fileset with inputs: Adding "3553820021084211887" ("nx.json") to hash
DEBUG nx::native::tasks::hashers::hash_workspace_files: Hashing workspace fileset with inputs: Hash Value: "10665259820010788507"
DEBUG nx::native::tasks::hashers::hash_workspace_files: Hashing workspace fileset with inputs: Adding "3553820021084211887" ("nx.json") to hash
DEBUG nx::native::tasks::hashers::hash_workspace_files: Hashing workspace fileset with inputs: Hash Value: "10665259820010788507"
DEBUG nx::native::tasks::hashers::hash_workspace_files: Hashing workspace fileset with inputs: Adding "3553820021084211887" ("nx.json") to hash
DEBUG nx::native::tasks::hashers::hash_workspace_files: Hashing workspace fileset with inputs: Hash Value: "10665259820010788507"
DEBUG nx::native::tasks::task_hasher: hash_plans COMPLETED in 47.984958ms - processed 13 plans (setup: 954.417µs, hashing: 47.028792ms, assembly: 6.457834ms)
[NX v22.6.2 Daemon Server] - 2026-04-02T05:14:42.544Z - Serializing response for HASH_TASKS message in json mode
[NX v22.6.2 Daemon Server] - 2026-04-02T05:14:42.546Z - Responding to HASH_TASKS message
[NX v22.6.2 Daemon Server] - 2026-04-02T05:14:42.546Z - [REQUEST]: Responding to the client. handleHashTasks
[NX v22.6.2 Daemon Server] - 2026-04-02T05:14:42.548Z - Done responding to the client handleHashTasks
[NX v22.6.2 Daemon Server] - 2026-04-02T05:14:42.548Z - Handled json message HASH_TASKS. Handling time: 63. Response time: 4.
[NX v22.6.2 Daemon Client] - 2026-04-02T05:14:42.548Z - [Messenger] Received message, length: 466568
[NX v22.6.2 Daemon Client] - 2026-04-02T05:14:42.593Z - [Messenger] Sending message type: GET_ESTIMATED_TASK_TIMINGS
[NX v22.6.2 Daemon Client] - 2026-04-02T05:14:42.594Z - [Messenger] Message sent
[NX v22.6.2 Daemon Server] - 2026-04-02T05:14:42.594Z - Received raw message of length 705
[NX v22.6.2 Daemon Server] - 2026-04-02T05:14:42.594Z - Received json message of type GET_ESTIMATED_TASK_TIMINGS
[NX v22.6.2 Daemon Server] - 2026-04-02T05:14:42.594Z - Serializing response for GET_ESTIMATED_TASK_TIMINGS message in json mode
[NX v22.6.2 Daemon Server] - 2026-04-02T05:14:42.594Z - Responding to GET_ESTIMATED_TASK_TIMINGS message
[NX v22.6.2 Daemon Server] - 2026-04-02T05:14:42.594Z - [REQUEST]: Responding to the client. handleGetEstimatedTaskTimings
[NX v22.6.2 Daemon Server] - 2026-04-02T05:14:42.594Z - Done responding to the client handleGetEstimatedTaskTimings
[NX v22.6.2 Daemon Server] - 2026-04-02T05:14:42.594Z - Handled json message GET_ESTIMATED_TASK_TIMINGS. Handling time: 0. Response time: 0.
[NX v22.6.2 Daemon Client] - 2026-04-02T05:14:42.595Z - [Messenger] Received message, length: 425
[NX v22.6.2 Daemon Client] - 2026-04-02T05:14:42.598Z - [Messenger] Sending message type: OUTPUTS_HASHES_MATCH
[NX v22.6.2 Daemon Client] - 2026-04-02T05:14:42.598Z - [Messenger] Message sent
[NX v22.6.2 Daemon Server] - 2026-04-02T05:14:42.599Z - Received raw message of length 237
[NX v22.6.2 Daemon Server] - 2026-04-02T05:14:42.599Z - Received json message of type OUTPUTS_HASHES_MATCH
[NX v22.6.2 Daemon Server] - 2026-04-02T05:14:42.601Z - Serializing response for OUTPUTS_HASHES_MATCH message in json mode
[NX v22.6.2 Daemon Server] - 2026-04-02T05:14:42.601Z - Responding to OUTPUTS_HASHES_MATCH message
[NX v22.6.2 Daemon Server] - 2026-04-02T05:14:42.601Z - [REQUEST]: Responding to the client. outputsHashesMatch
[NX v22.6.2 Daemon Server] - 2026-04-02T05:14:42.601Z - Done responding to the client outputsHashesMatch
[NX v22.6.2 Daemon Server] - 2026-04-02T05:14:42.601Z - Handled json message OUTPUTS_HASHES_MATCH. Handling time: 2. Response time: 0.
[NX v22.6.2 Daemon Client] - 2026-04-02T05:14:42.601Z - [Messenger] Received message, length: 4
[NX v22.6.2 Daemon Client] - 2026-04-02T05:14:42.601Z - [Messenger] Sending message type: OUTPUTS_HASHES_MATCH
[NX v22.6.2 Daemon Client] - 2026-04-02T05:14:42.601Z - [Messenger] Message sent
[NX v22.6.2 Daemon Server] - 2026-04-02T05:14:42.601Z - Received raw message of length 244
[NX v22.6.2 Daemon Server] - 2026-04-02T05:14:42.602Z - Received json message of type OUTPUTS_HASHES_MATCH
[NX v22.6.2 Daemon Server] - 2026-04-02T05:14:42.603Z - Serializing response for OUTPUTS_HASHES_MATCH message in json mode
[NX v22.6.2 Daemon Server] - 2026-04-02T05:14:42.603Z - Responding to OUTPUTS_HASHES_MATCH message
[NX v22.6.2 Daemon Server] - 2026-04-02T05:14:42.603Z - [REQUEST]: Responding to the client. outputsHashesMatch
[NX v22.6.2 Daemon Server] - 2026-04-02T05:14:42.603Z - Done responding to the client outputsHashesMatch
[NX v22.6.2 Daemon Server] - 2026-04-02T05:14:42.603Z - Handled json message OUTPUTS_HASHES_MATCH. Handling time: 1. Response time: 0.
[NX v22.6.2 Daemon Client] - 2026-04-02T05:14:42.603Z - [Messenger] Received message, length: 4
[NX v22.6.2 Daemon Client] - 2026-04-02T05:14:42.604Z - [Messenger] Sending message type: RECORD_OUTPUTS_HASH
[NX v22.6.2 Daemon Client] - 2026-04-02T05:14:42.604Z - [Messenger] Message sent
[NX v22.6.2 Daemon Server] - 2026-04-02T05:14:42.604Z - Received raw message of length 236
[NX v22.6.2 Daemon Server] - 2026-04-02T05:14:42.604Z - Received json message of type RECORD_OUTPUTS_HASH
[NX v22.6.2 Daemon Server] - 2026-04-02T05:14:42.607Z - Serializing response for RECORD_OUTPUTS_HASH message in json mode
[NX v22.6.2 Daemon Server] - 2026-04-02T05:14:42.607Z - Responding to RECORD_OUTPUTS_HASH message
[NX v22.6.2 Daemon Server] - 2026-04-02T05:14:42.607Z - [REQUEST]: Responding to the client. recordOutputsHash
[NX v22.6.2 Daemon Server] - 2026-04-02T05:14:42.607Z - Done responding to the client recordOutputsHash
[NX v22.6.2 Daemon Server] - 2026-04-02T05:14:42.607Z - Handled json message RECORD_OUTPUTS_HASH. Handling time: 3. Response time: 0.
[NX v22.6.2 Daemon Client] - 2026-04-02T05:14:42.607Z - [Messenger] Received message, length: 2
[NX v22.6.2 Daemon Client] - 2026-04-02T05:14:42.607Z - [Messenger] Sending message type: RECORD_OUTPUTS_HASH
[NX v22.6.2 Daemon Client] - 2026-04-02T05:14:42.607Z - [Messenger] Message sent
[NX v22.6.2 Daemon Server] - 2026-04-02T05:14:42.607Z - Received raw message of length 243
[NX v22.6.2 Daemon Server] - 2026-04-02T05:14:42.607Z - Received json message of type RECORD_OUTPUTS_HASH
[NX v22.6.2 Daemon Server] - 2026-04-02T05:14:42.610Z - Serializing response for RECORD_OUTPUTS_HASH message in json mode
[NX v22.6.2 Daemon Server] - 2026-04-02T05:14:42.610Z - Responding to RECORD_OUTPUTS_HASH message
[NX v22.6.2 Daemon Server] - 2026-04-02T05:14:42.610Z - [REQUEST]: Responding to the client. recordOutputsHash
[NX v22.6.2 Daemon Server] - 2026-04-02T05:14:42.610Z - Done responding to the client recordOutputsHash
[NX v22.6.2 Daemon Server] - 2026-04-02T05:14:42.610Z - Handled json message RECORD_OUTPUTS_HASH. Handling time: 3. Response time: 0.
[NX v22.6.2 Daemon Client] - 2026-04-02T05:14:42.610Z - [Messenger] Received message, length: 2
[NX v22.6.2 Daemon Client] - 2026-04-02T05:14:42.613Z - [Messenger] Sending message type: OUTPUTS_HASHES_MATCH
[NX v22.6.2 Daemon Client] - 2026-04-02T05:14:42.613Z - [Messenger] Message sent
[NX v22.6.2 Daemon Server] - 2026-04-02T05:14:42.614Z - Received raw message of length 245
[NX v22.6.2 Daemon Server] - 2026-04-02T05:14:42.614Z - Received json message of type OUTPUTS_HASHES_MATCH
[NX v22.6.2 Daemon Server] - 2026-04-02T05:14:42.617Z - Serializing response for OUTPUTS_HASHES_MATCH message in json mode
[NX v22.6.2 Daemon Server] - 2026-04-02T05:14:42.617Z - Responding to OUTPUTS_HASHES_MATCH message
[NX v22.6.2 Daemon Server] - 2026-04-02T05:14:42.617Z - [REQUEST]: Responding to the client. outputsHashesMatch
[NX v22.6.2 Daemon Server] - 2026-04-02T05:14:42.617Z - Done responding to the client outputsHashesMatch
[NX v22.6.2 Daemon Server] - 2026-04-02T05:14:42.617Z - Handled json message OUTPUTS_HASHES_MATCH. Handling time: 3. Response time: 0.
[NX v22.6.2 Daemon Client] - 2026-04-02T05:14:42.617Z - [Messenger] Received message, length: 4
[NX v22.6.2 Daemon Client] - 2026-04-02T05:14:42.617Z - [Messenger] Sending message type: OUTPUTS_HASHES_MATCH
[NX v22.6.2 Daemon Client] - 2026-04-02T05:14:42.617Z - [Messenger] Message sent
[NX v22.6.2 Daemon Server] - 2026-04-02T05:14:42.617Z - Received raw message of length 208
[NX v22.6.2 Daemon Server] - 2026-04-02T05:14:42.617Z - Received json message of type OUTPUTS_HASHES_MATCH
[NX v22.6.2 Daemon Server] - 2026-04-02T05:14:42.619Z - Serializing response for OUTPUTS_HASHES_MATCH message in json mode
[NX v22.6.2 Daemon Server] - 2026-04-02T05:14:42.619Z - Responding to OUTPUTS_HASHES_MATCH message
[NX v22.6.2 Daemon Server] - 2026-04-02T05:14:42.619Z - [REQUEST]: Responding to the client. outputsHashesMatch
[NX v22.6.2 Daemon Server] - 2026-04-02T05:14:42.619Z - Done responding to the client outputsHashesMatch
[NX v22.6.2 Daemon Server] - 2026-04-02T05:14:42.619Z - Handled json message OUTPUTS_HASHES_MATCH. Handling time: 2. Response time: 0.
[NX v22.6.2 Daemon Client] - 2026-04-02T05:14:42.619Z - [Messenger] Received message, length: 4
[NX v22.6.2 Daemon Client] - 2026-04-02T05:14:42.619Z - [Messenger] Sending message type: RECORD_OUTPUTS_HASH
[NX v22.6.2 Daemon Server] - 2026-04-02T05:14:42.620Z - Received raw message of length 244
[NX v22.6.2 Daemon Client] - 2026-04-02T05:14:42.620Z - [Messenger] Message sent
[NX v22.6.2 Daemon Server] - 2026-04-02T05:14:42.620Z - Received json message of type RECORD_OUTPUTS_HASH
[NX v22.6.2 Daemon Server] - 2026-04-02T05:14:42.621Z - Serializing response for RECORD_OUTPUTS_HASH message in json mode
[NX v22.6.2 Daemon Server] - 2026-04-02T05:14:42.621Z - Responding to RECORD_OUTPUTS_HASH message
[NX v22.6.2 Daemon Server] - 2026-04-02T05:14:42.621Z - [REQUEST]: Responding to the client. recordOutputsHash
[NX v22.6.2 Daemon Server] - 2026-04-02T05:14:42.621Z - Done responding to the client recordOutputsHash
[NX v22.6.2 Daemon Server] - 2026-04-02T05:14:42.621Z - Handled json message RECORD_OUTPUTS_HASH. Handling time: 1. Response time: 0.
[NX v22.6.2 Daemon Client] - 2026-04-02T05:14:42.621Z - [Messenger] Received message, length: 2
[NX v22.6.2 Daemon Client] - 2026-04-02T05:14:42.621Z - [Messenger] Sending message type: RECORD_OUTPUTS_HASH
[NX v22.6.2 Daemon Server] - 2026-04-02T05:14:42.622Z - Received raw message of length 207
[NX v22.6.2 Daemon Server] - 2026-04-02T05:14:42.622Z - Received json message of type RECORD_OUTPUTS_HASH
[NX v22.6.2 Daemon Client] - 2026-04-02T05:14:42.622Z - [Messenger] Message sent
[NX v22.6.2 Daemon Server] - 2026-04-02T05:14:42.625Z - Serializing response for RECORD_OUTPUTS_HASH message in json mode
[NX v22.6.2 Daemon Server] - 2026-04-02T05:14:42.625Z - Responding to RECORD_OUTPUTS_HASH message
[NX v22.6.2 Daemon Server] - 2026-04-02T05:14:42.625Z - [REQUEST]: Responding to the client. recordOutputsHash
[NX v22.6.2 Daemon Server] - 2026-04-02T05:14:42.625Z - Done responding to the client recordOutputsHash
[NX v22.6.2 Daemon Server] - 2026-04-02T05:14:42.625Z - Handled json message RECORD_OUTPUTS_HASH. Handling time: 3. Response time: 0.
[NX v22.6.2 Daemon Client] - 2026-04-02T05:14:42.625Z - [Messenger] Received message, length: 2
[NX v22.6.2 Daemon Client] - 2026-04-02T05:14:42.625Z - [Messenger] Sending message type: OUTPUTS_HASHES_MATCH
[NX v22.6.2 Daemon Client] - 2026-04-02T05:14:42.625Z - [Messenger] Message sent
[NX v22.6.2 Daemon Server] - 2026-04-02T05:14:42.625Z - Received raw message of length 200
[NX v22.6.2 Daemon Server] - 2026-04-02T05:14:42.625Z - Received json message of type OUTPUTS_HASHES_MATCH
[NX v22.6.2 Daemon Server] - 2026-04-02T05:14:42.627Z - Serializing response for OUTPUTS_HASHES_MATCH message in json mode
[NX v22.6.2 Daemon Server] - 2026-04-02T05:14:42.627Z - Responding to OUTPUTS_HASHES_MATCH message
[NX v22.6.2 Daemon Server] - 2026-04-02T05:14:42.627Z - [REQUEST]: Responding to the client. outputsHashesMatch
[NX v22.6.2 Daemon Server] - 2026-04-02T05:14:42.627Z - Done responding to the client outputsHashesMatch
[NX v22.6.2 Daemon Server] - 2026-04-02T05:14:42.627Z - Handled json message OUTPUTS_HASHES_MATCH. Handling time: 2. Response time: 0.
[NX v22.6.2 Daemon Client] - 2026-04-02T05:14:42.627Z - [Messenger] Received message, length: 4
[NX v22.6.2 Daemon Client] - 2026-04-02T05:14:42.627Z - [Messenger] Sending message type: RECORD_OUTPUTS_HASH
[NX v22.6.2 Daemon Client] - 2026-04-02T05:14:42.627Z - [Messenger] Message sent
[NX v22.6.2 Daemon Server] - 2026-04-02T05:14:42.627Z - Received raw message of length 199
[NX v22.6.2 Daemon Server] - 2026-04-02T05:14:42.627Z - Received json message of type RECORD_OUTPUTS_HASH
[NX v22.6.2 Daemon Server] - 2026-04-02T05:14:42.629Z - Serializing response for RECORD_OUTPUTS_HASH message in json mode
[NX v22.6.2 Daemon Server] - 2026-04-02T05:14:42.629Z - Responding to RECORD_OUTPUTS_HASH message
[NX v22.6.2 Daemon Server] - 2026-04-02T05:14:42.629Z - [REQUEST]: Responding to the client. recordOutputsHash
[NX v22.6.2 Daemon Server] - 2026-04-02T05:14:42.629Z - Done responding to the client recordOutputsHash
[NX v22.6.2 Daemon Server] - 2026-04-02T05:14:42.629Z - Handled json message RECORD_OUTPUTS_HASH. Handling time: 2. Response time: 0.
[NX v22.6.2 Daemon Client] - 2026-04-02T05:14:42.629Z - [Messenger] Received message, length: 2
[NX v22.6.2 Daemon Client] - 2026-04-02T05:14:42.631Z - [Messenger] Sending message type: OUTPUTS_HASHES_MATCH
[NX v22.6.2 Daemon Client] - 2026-04-02T05:14:42.631Z - [Messenger] Message sent
[NX v22.6.2 Daemon Server] - 2026-04-02T05:14:42.631Z - Received raw message of length 224
[NX v22.6.2 Daemon Server] - 2026-04-02T05:14:42.631Z - Received json message of type OUTPUTS_HASHES_MATCH
[NX v22.6.2 Daemon Server] - 2026-04-02T05:14:42.634Z - Serializing response for OUTPUTS_HASHES_MATCH message in json mode
[NX v22.6.2 Daemon Server] - 2026-04-02T05:14:42.634Z - Responding to OUTPUTS_HASHES_MATCH message
[NX v22.6.2 Daemon Server] - 2026-04-02T05:14:42.634Z - [REQUEST]: Responding to the client. outputsHashesMatch
[NX v22.6.2 Daemon Server] - 2026-04-02T05:14:42.634Z - Done responding to the client outputsHashesMatch
[NX v22.6.2 Daemon Server] - 2026-04-02T05:14:42.634Z - Handled json message OUTPUTS_HASHES_MATCH. Handling time: 3. Response time: 0.
[NX v22.6.2 Daemon Client] - 2026-04-02T05:14:42.634Z - [Messenger] Received message, length: 4
[NX v22.6.2 Daemon Client] - 2026-04-02T05:14:42.634Z - [Messenger] Sending message type: RECORD_OUTPUTS_HASH
[NX v22.6.2 Daemon Client] - 2026-04-02T05:14:42.634Z - [Messenger] Message sent
[NX v22.6.2 Daemon Server] - 2026-04-02T05:14:42.634Z - Received raw message of length 223
[NX v22.6.2 Daemon Server] - 2026-04-02T05:14:42.634Z - Received json message of type RECORD_OUTPUTS_HASH
[NX v22.6.2 Daemon Server] - 2026-04-02T05:14:42.636Z - Serializing response for RECORD_OUTPUTS_HASH message in json mode
[NX v22.6.2 Daemon Server] - 2026-04-02T05:14:42.636Z - Responding to RECORD_OUTPUTS_HASH message
[NX v22.6.2 Daemon Server] - 2026-04-02T05:14:42.636Z - [REQUEST]: Responding to the client. recordOutputsHash
[NX v22.6.2 Daemon Server] - 2026-04-02T05:14:42.636Z - Done responding to the client recordOutputsHash
[NX v22.6.2 Daemon Server] - 2026-04-02T05:14:42.636Z - Handled json message RECORD_OUTPUTS_HASH. Handling time: 2. Response time: 0.
[NX v22.6.2 Daemon Client] - 2026-04-02T05:14:42.636Z - [Messenger] Received message, length: 2
[NX v22.6.2 Daemon Client] - 2026-04-02T05:14:42.638Z - [Messenger] Sending message type: OUTPUTS_HASHES_MATCH
[NX v22.6.2 Daemon Client] - 2026-04-02T05:14:42.638Z - [Messenger] Message sent
[NX v22.6.2 Daemon Server] - 2026-04-02T05:14:42.638Z - Received raw message of length 205
[NX v22.6.2 Daemon Server] - 2026-04-02T05:14:42.638Z - Received json message of type OUTPUTS_HASHES_MATCH
[NX v22.6.2 Daemon Server] - 2026-04-02T05:14:42.641Z - Serializing response for OUTPUTS_HASHES_MATCH message in json mode
[NX v22.6.2 Daemon Server] - 2026-04-02T05:14:42.641Z - Responding to OUTPUTS_HASHES_MATCH message
[NX v22.6.2 Daemon Server] - 2026-04-02T05:14:42.641Z - [REQUEST]: Responding to the client. outputsHashesMatch
[NX v22.6.2 Daemon Server] - 2026-04-02T05:14:42.641Z - Done responding to the client outputsHashesMatch
[NX v22.6.2 Daemon Server] - 2026-04-02T05:14:42.641Z - Handled json message OUTPUTS_HASHES_MATCH. Handling time: 3. Response time: 0.
[NX v22.6.2 Daemon Client] - 2026-04-02T05:14:42.641Z - [Messenger] Received message, length: 4
[NX v22.6.2 Daemon Client] - 2026-04-02T05:14:42.641Z - [Messenger] Sending message type: OUTPUTS_HASHES_MATCH
[NX v22.6.2 Daemon Client] - 2026-04-02T05:14:42.641Z - [Messenger] Message sent
[NX v22.6.2 Daemon Server] - 2026-04-02T05:14:42.641Z - Received raw message of length 208
[NX v22.6.2 Daemon Server] - 2026-04-02T05:14:42.641Z - Received json message of type OUTPUTS_HASHES_MATCH
[NX v22.6.2 Daemon Server] - 2026-04-02T05:14:42.646Z - Serializing response for OUTPUTS_HASHES_MATCH message in json mode
[NX v22.6.2 Daemon Server] - 2026-04-02T05:14:42.646Z - Responding to OUTPUTS_HASHES_MATCH message
[NX v22.6.2 Daemon Server] - 2026-04-02T05:14:42.646Z - [REQUEST]: Responding to the client. outputsHashesMatch
[NX v22.6.2 Daemon Server] - 2026-04-02T05:14:42.646Z - Done responding to the client outputsHashesMatch
[NX v22.6.2 Daemon Server] - 2026-04-02T05:14:42.646Z - Handled json message OUTPUTS_HASHES_MATCH. Handling time: 5. Response time: 0.
[NX v22.6.2 Daemon Client] - 2026-04-02T05:14:42.646Z - [Messenger] Received message, length: 4
[NX v22.6.2 Daemon Client] - 2026-04-02T05:14:42.647Z - [Messenger] Sending message type: RECORD_OUTPUTS_HASH
[NX v22.6.2 Daemon Client] - 2026-04-02T05:14:42.647Z - [Messenger] Message sent
[NX v22.6.2 Daemon Server] - 2026-04-02T05:14:42.647Z - Received raw message of length 204
[NX v22.6.2 Daemon Server] - 2026-04-02T05:14:42.647Z - Received json message of type RECORD_OUTPUTS_HASH
[NX v22.6.2 Daemon Server] - 2026-04-02T05:14:42.650Z - Serializing response for RECORD_OUTPUTS_HASH message in json mode
[NX v22.6.2 Daemon Server] - 2026-04-02T05:14:42.650Z - Responding to RECORD_OUTPUTS_HASH message
[NX v22.6.2 Daemon Server] - 2026-04-02T05:14:42.650Z - [REQUEST]: Responding to the client. recordOutputsHash
[NX v22.6.2 Daemon Server] - 2026-04-02T05:14:42.650Z - Done responding to the client recordOutputsHash
[NX v22.6.2 Daemon Server] - 2026-04-02T05:14:42.650Z - Handled json message RECORD_OUTPUTS_HASH. Handling time: 2. Response time: 1.
[NX v22.6.2 Daemon Client] - 2026-04-02T05:14:42.650Z - [Messenger] Received message, length: 2
[NX v22.6.2 Daemon Client] - 2026-04-02T05:14:42.650Z - [Messenger] Sending message type: RECORD_OUTPUTS_HASH
[NX v22.6.2 Daemon Server] - 2026-04-02T05:14:42.650Z - Received raw message of length 207
[NX v22.6.2 Daemon Client] - 2026-04-02T05:14:42.650Z - [Messenger] Message sent
[NX v22.6.2 Daemon Server] - 2026-04-02T05:14:42.650Z - Received json message of type RECORD_OUTPUTS_HASH
[NX v22.6.2 Daemon Server] - 2026-04-02T05:14:42.652Z - Serializing response for RECORD_OUTPUTS_HASH message in json mode
[NX v22.6.2 Daemon Server] - 2026-04-02T05:14:42.652Z - Responding to RECORD_OUTPUTS_HASH message
[NX v22.6.2 Daemon Server] - 2026-04-02T05:14:42.652Z - [REQUEST]: Responding to the client. recordOutputsHash
[NX v22.6.2 Daemon Server] - 2026-04-02T05:14:42.652Z - Done responding to the client recordOutputsHash
[NX v22.6.2 Daemon Server] - 2026-04-02T05:14:42.652Z - Handled json message RECORD_OUTPUTS_HASH. Handling time: 2. Response time: 0.
[NX v22.6.2 Daemon Client] - 2026-04-02T05:14:42.652Z - [Messenger] Received message, length: 2
[NX v22.6.2 Daemon Client] - 2026-04-02T05:14:42.653Z - [Messenger] Sending message type: OUTPUTS_HASHES_MATCH
[NX v22.6.2 Daemon Client] - 2026-04-02T05:14:42.653Z - [Messenger] Message sent
[NX v22.6.2 Daemon Server] - 2026-04-02T05:14:42.653Z - Received raw message of length 204
[NX v22.6.2 Daemon Server] - 2026-04-02T05:14:42.653Z - Received json message of type OUTPUTS_HASHES_MATCH
[NX v22.6.2 Daemon Server] - 2026-04-02T05:14:42.656Z - Serializing response for OUTPUTS_HASHES_MATCH message in json mode
[NX v22.6.2 Daemon Server] - 2026-04-02T05:14:42.656Z - Responding to OUTPUTS_HASHES_MATCH message
[NX v22.6.2 Daemon Server] - 2026-04-02T05:14:42.656Z - [REQUEST]: Responding to the client. outputsHashesMatch
[NX v22.6.2 Daemon Server] - 2026-04-02T05:14:42.656Z - Done responding to the client outputsHashesMatch
[NX v22.6.2 Daemon Server] - 2026-04-02T05:14:42.656Z - Handled json message OUTPUTS_HASHES_MATCH. Handling time: 3. Response time: 0.
[NX v22.6.2 Daemon Client] - 2026-04-02T05:14:42.656Z - [Messenger] Received message, length: 4
[NX v22.6.2 Daemon Client] - 2026-04-02T05:14:42.656Z - [Messenger] Sending message type: RECORD_OUTPUTS_HASH
[NX v22.6.2 Daemon Client] - 2026-04-02T05:14:42.656Z - [Messenger] Message sent
[NX v22.6.2 Daemon Server] - 2026-04-02T05:14:42.656Z - Received raw message of length 203
[NX v22.6.2 Daemon Server] - 2026-04-02T05:14:42.656Z - Received json message of type RECORD_OUTPUTS_HASH
[NX v22.6.2 Daemon Server] - 2026-04-02T05:14:42.658Z - Serializing response for RECORD_OUTPUTS_HASH message in json mode
[NX v22.6.2 Daemon Server] - 2026-04-02T05:14:42.658Z - Responding to RECORD_OUTPUTS_HASH message
[NX v22.6.2 Daemon Server] - 2026-04-02T05:14:42.658Z - [REQUEST]: Responding to the client. recordOutputsHash
[NX v22.6.2 Daemon Server] - 2026-04-02T05:14:42.658Z - Done responding to the client recordOutputsHash
[NX v22.6.2 Daemon Server] - 2026-04-02T05:14:42.658Z - Handled json message RECORD_OUTPUTS_HASH. Handling time: 2. Response time: 0.
[NX v22.6.2 Daemon Client] - 2026-04-02T05:14:42.658Z - [Messenger] Received message, length: 2
[NX v22.6.2 Daemon Client] - 2026-04-02T05:14:42.660Z - [Messenger] Sending message type: OUTPUTS_HASHES_MATCH
[NX v22.6.2 Daemon Client] - 2026-04-02T05:14:42.660Z - [Messenger] Message sent
[NX v22.6.2 Daemon Server] - 2026-04-02T05:14:42.660Z - Received raw message of length 236
[NX v22.6.2 Daemon Server] - 2026-04-02T05:14:42.660Z - Received json message of type OUTPUTS_HASHES_MATCH
[NX v22.6.2 Daemon Server] - 2026-04-02T05:14:42.664Z - Serializing response for OUTPUTS_HASHES_MATCH message in json mode
[NX v22.6.2 Daemon Server] - 2026-04-02T05:14:42.664Z - Responding to OUTPUTS_HASHES_MATCH message
[NX v22.6.2 Daemon Server] - 2026-04-02T05:14:42.664Z - [REQUEST]: Responding to the client. outputsHashesMatch
[NX v22.6.2 Daemon Server] - 2026-04-02T05:14:42.664Z - Done responding to the client outputsHashesMatch
[NX v22.6.2 Daemon Server] - 2026-04-02T05:14:42.664Z - Handled json message OUTPUTS_HASHES_MATCH. Handling time: 4. Response time: 0.
[NX v22.6.2 Daemon Client] - 2026-04-02T05:14:42.664Z - [Messenger] Received message, length: 4
[NX v22.6.2 Daemon Client] - 2026-04-02T05:14:42.664Z - [Messenger] Sending message type: OUTPUTS_HASHES_MATCH
[NX v22.6.2 Daemon Client] - 2026-04-02T05:14:42.664Z - [Messenger] Message sent
[NX v22.6.2 Daemon Server] - 2026-04-02T05:14:42.664Z - Received raw message of length 233
[NX v22.6.2 Daemon Server] - 2026-04-02T05:14:42.664Z - Received json message of type OUTPUTS_HASHES_MATCH
[NX v22.6.2 Daemon Server] - 2026-04-02T05:14:42.666Z - Serializing response for OUTPUTS_HASHES_MATCH message in json mode
[NX v22.6.2 Daemon Server] - 2026-04-02T05:14:42.666Z - Responding to OUTPUTS_HASHES_MATCH message
[NX v22.6.2 Daemon Server] - 2026-04-02T05:14:42.666Z - [REQUEST]: Responding to the client. outputsHashesMatch
[NX v22.6.2 Daemon Server] - 2026-04-02T05:14:42.666Z - Done responding to the client outputsHashesMatch
[NX v22.6.2 Daemon Server] - 2026-04-02T05:14:42.666Z - Handled json message OUTPUTS_HASHES_MATCH. Handling time: 2. Response time: 0.
[NX v22.6.2 Daemon Client] - 2026-04-02T05:14:42.666Z - [Messenger] Received message, length: 4
[NX v22.6.2 Daemon Client] - 2026-04-02T05:14:42.666Z - [Messenger] Sending message type: RECORD_OUTPUTS_HASH
[NX v22.6.2 Daemon Client] - 2026-04-02T05:14:42.666Z - [Messenger] Message sent
[NX v22.6.2 Daemon Server] - 2026-04-02T05:14:42.666Z - Received raw message of length 235
[NX v22.6.2 Daemon Server] - 2026-04-02T05:14:42.666Z - Received json message of type RECORD_OUTPUTS_HASH
[NX v22.6.2 Daemon Server] - 2026-04-02T05:14:42.669Z - Serializing response for RECORD_OUTPUTS_HASH message in json mode
[NX v22.6.2 Daemon Server] - 2026-04-02T05:14:42.669Z - Responding to RECORD_OUTPUTS_HASH message
[NX v22.6.2 Daemon Server] - 2026-04-02T05:14:42.669Z - [REQUEST]: Responding to the client. recordOutputsHash
[NX v22.6.2 Daemon Server] - 2026-04-02T05:14:42.669Z - Done responding to the client recordOutputsHash
[NX v22.6.2 Daemon Server] - 2026-04-02T05:14:42.670Z - Handled json message RECORD_OUTPUTS_HASH. Handling time: 3. Response time: 1.
[NX v22.6.2 Daemon Client] - 2026-04-02T05:14:42.670Z - [Messenger] Received message, length: 2
[NX v22.6.2 Daemon Client] - 2026-04-02T05:14:42.670Z - [Messenger] Sending message type: RECORD_OUTPUTS_HASH
[NX v22.6.2 Daemon Client] - 2026-04-02T05:14:42.670Z - [Messenger] Message sent
[NX v22.6.2 Daemon Server] - 2026-04-02T05:14:42.670Z - Received raw message of length 232
[NX v22.6.2 Daemon Server] - 2026-04-02T05:14:42.670Z - Received json message of type RECORD_OUTPUTS_HASH
[NX v22.6.2 Daemon Server] - 2026-04-02T05:14:42.671Z - Serializing response for RECORD_OUTPUTS_HASH message in json mode
[NX v22.6.2 Daemon Server] - 2026-04-02T05:14:42.671Z - Responding to RECORD_OUTPUTS_HASH message
[NX v22.6.2 Daemon Server] - 2026-04-02T05:14:42.671Z - [REQUEST]: Responding to the client. recordOutputsHash
[NX v22.6.2 Daemon Server] - 2026-04-02T05:14:42.671Z - Done responding to the client recordOutputsHash
[NX v22.6.2 Daemon Server] - 2026-04-02T05:14:42.671Z - Handled json message RECORD_OUTPUTS_HASH. Handling time: 1. Response time: 0.
[NX v22.6.2 Daemon Client] - 2026-04-02T05:14:42.671Z - [Messenger] Received message, length: 2
[NX v22.6.2 Daemon Client] - 2026-04-02T05:14:42.673Z - [Messenger] Sending message type: OUTPUTS_HASHES_MATCH
[NX v22.6.2 Daemon Client] - 2026-04-02T05:14:42.673Z - [Messenger] Message sent
[NX v22.6.2 Daemon Server] - 2026-04-02T05:14:42.674Z - Received raw message of length 196
[NX v22.6.2 Daemon Server] - 2026-04-02T05:14:42.674Z - Received json message of type OUTPUTS_HASHES_MATCH
[NX v22.6.2 Daemon Server] - 2026-04-02T05:14:42.679Z - Serializing response for OUTPUTS_HASHES_MATCH message in json mode
[NX v22.6.2 Daemon Server] - 2026-04-02T05:14:42.679Z - Responding to OUTPUTS_HASHES_MATCH message
[NX v22.6.2 Daemon Server] - 2026-04-02T05:14:42.679Z - [REQUEST]: Responding to the client. outputsHashesMatch
[NX v22.6.2 Daemon Server] - 2026-04-02T05:14:42.679Z - Done responding to the client outputsHashesMatch
[NX v22.6.2 Daemon Server] - 2026-04-02T05:14:42.679Z - Handled json message OUTPUTS_HASHES_MATCH. Handling time: 5. Response time: 0.
[NX v22.6.2 Daemon Client] - 2026-04-02T05:14:42.679Z - [Messenger] Received message, length: 5
[NX v22.6.2 Daemon Client] - 2026-04-02T05:14:42.723Z - [Messenger] Sending message type: OUTPUTS_HASHES_MATCH
[NX v22.6.2 Daemon Client] - 2026-04-02T05:14:42.723Z - [Messenger] Message sent
[NX v22.6.2 Daemon Server] - 2026-04-02T05:14:42.723Z - Received raw message of length 184
[NX v22.6.2 Daemon Server] - 2026-04-02T05:14:42.723Z - Received json message of type OUTPUTS_HASHES_MATCH
[NX v22.6.2 Daemon Server] - 2026-04-02T05:14:42.727Z - Serializing response for OUTPUTS_HASHES_MATCH message in json mode
[NX v22.6.2 Daemon Server] - 2026-04-02T05:14:42.727Z - Responding to OUTPUTS_HASHES_MATCH message
[NX v22.6.2 Daemon Server] - 2026-04-02T05:14:42.727Z - [REQUEST]: Responding to the client. outputsHashesMatch
[NX v22.6.2 Daemon Server] - 2026-04-02T05:14:42.727Z - Done responding to the client outputsHashesMatch
[NX v22.6.2 Daemon Server] - 2026-04-02T05:14:42.727Z - Handled json message OUTPUTS_HASHES_MATCH. Handling time: 4. Response time: 0.
[NX v22.6.2 Daemon Client] - 2026-04-02T05:14:42.727Z - [Messenger] Received message, length: 4
[NX v22.6.2 Daemon Client] - 2026-04-02T05:14:42.727Z - [Messenger] Sending message type: RECORD_OUTPUTS_HASH
[NX v22.6.2 Daemon Client] - 2026-04-02T05:14:42.727Z - [Messenger] Message sent
[NX v22.6.2 Daemon Server] - 2026-04-02T05:14:42.727Z - Received raw message of length 195
[NX v22.6.2 Daemon Server] - 2026-04-02T05:14:42.727Z - Received json message of type RECORD_OUTPUTS_HASH
[NX v22.6.2 Daemon Server] - 2026-04-02T05:14:42.733Z - Serializing response for RECORD_OUTPUTS_HASH message in json mode
[NX v22.6.2 Daemon Server] - 2026-04-02T05:14:42.733Z - Responding to RECORD_OUTPUTS_HASH message
[NX v22.6.2 Daemon Server] - 2026-04-02T05:14:42.733Z - [REQUEST]: Responding to the client. recordOutputsHash
[NX v22.6.2 Daemon Server] - 2026-04-02T05:14:42.733Z - Done responding to the client recordOutputsHash
[NX v22.6.2 Daemon Server] - 2026-04-02T05:14:42.733Z - Handled json message RECORD_OUTPUTS_HASH. Handling time: 6. Response time: 0.
[NX v22.6.2 Daemon Client] - 2026-04-02T05:14:42.733Z - [Messenger] Received message, length: 2
[NX v22.6.2 Daemon Client] - 2026-04-02T05:14:42.733Z - [Messenger] Sending message type: RECORD_OUTPUTS_HASH
[NX v22.6.2 Daemon Client] - 2026-04-02T05:14:42.733Z - [Messenger] Message sent
[NX v22.6.2 Daemon Server] - 2026-04-02T05:14:42.734Z - Received raw message of length 183
[NX v22.6.2 Daemon Server] - 2026-04-02T05:14:42.734Z - Received json message of type RECORD_OUTPUTS_HASH
[NX v22.6.2 Daemon Server] - 2026-04-02T05:14:42.739Z - Serializing response for RECORD_OUTPUTS_HASH message in json mode
[NX v22.6.2 Daemon Server] - 2026-04-02T05:14:42.739Z - Responding to RECORD_OUTPUTS_HASH message
[NX v22.6.2 Daemon Server] - 2026-04-02T05:14:42.739Z - [REQUEST]: Responding to the client. recordOutputsHash
[NX v22.6.2 Daemon Server] - 2026-04-02T05:14:42.739Z - Done responding to the client recordOutputsHash
[NX v22.6.2 Daemon Server] - 2026-04-02T05:14:42.739Z - Handled json message RECORD_OUTPUTS_HASH. Handling time: 5. Response time: 0.
[NX v22.6.2 Daemon Client] - 2026-04-02T05:14:42.739Z - [Messenger] Received message, length: 2
[NX v22.6.2 Daemon Server] - 2026-04-02T05:14:42.740Z - [WATCHER]: Processing file changes in outputs
[NX v22.6.2 Daemon Client] - 2026-04-02T05:14:42.741Z - [Messenger] Sending message type: RECORD_TASK_RUNS
[NX v22.6.2 Daemon Client] - 2026-04-02T05:14:42.741Z - [Messenger] Message sent
[NX v22.6.2 Daemon Server] - 2026-04-02T05:14:42.741Z - Received raw message of length 2571
[NX v22.6.2 Daemon Server] - 2026-04-02T05:14:42.741Z - Received json message of type RECORD_TASK_RUNS
[NX v22.6.2 Daemon Server] - 2026-04-02T05:14:42.741Z - Serializing response for RECORD_TASK_RUNS message in json mode
[NX v22.6.2 Daemon Server] - 2026-04-02T05:14:42.741Z - Responding to RECORD_TASK_RUNS message
[NX v22.6.2 Daemon Server] - 2026-04-02T05:14:42.741Z - [REQUEST]: Responding to the client. handleRecordTaskRuns
[NX v22.6.2 Daemon Server] - 2026-04-02T05:14:42.741Z - Done responding to the client handleRecordTaskRuns
[NX v22.6.2 Daemon Server] - 2026-04-02T05:14:42.741Z - Handled json message RECORD_TASK_RUNS. Handling time: 0. Response time: 0.
[NX v22.6.2 Daemon Client] - 2026-04-02T05:14:42.741Z - [Messenger] Received message, length: 4
[NX v22.6.2 Daemon Client] - 2026-04-02T05:14:42.741Z - [Messenger] Sending message type: GET_FLAKY_TASKS
[NX v22.6.2 Daemon Client] - 2026-04-02T05:14:42.741Z - [Messenger] Message sent
[NX v22.6.2 Daemon Server] - 2026-04-02T05:14:42.741Z - Received raw message of length 327
[NX v22.6.2 Daemon Server] - 2026-04-02T05:14:42.741Z - Received json message of type GET_FLAKY_TASKS
[NX v22.6.2 Daemon Server] - 2026-04-02T05:14:42.742Z - Serializing response for GET_FLAKY_TASKS message in json mode
[NX v22.6.2 Daemon Server] - 2026-04-02T05:14:42.742Z - Responding to GET_FLAKY_TASKS message
[NX v22.6.2 Daemon Server] - 2026-04-02T05:14:42.742Z - [REQUEST]: Responding to the client. handleGetFlakyTasks
[NX v22.6.2 Daemon Server] - 2026-04-02T05:14:42.742Z - Done responding to the client handleGetFlakyTasks
[NX v22.6.2 Daemon Server] - 2026-04-02T05:14:42.742Z - Handled json message GET_FLAKY_TASKS. Handling time: 1. Response time: 0.
[NX v22.6.2 Daemon Client] - 2026-04-02T05:14:42.742Z - [Messenger] Received message, length: 2
[NX v22.6.2 Daemon Server] - 2026-04-02T05:14:42.748Z - [WATCHER]: 50 file(s) created or restored, 0 file(s) modified, 0 file(s) deleted
[NX v22.6.2 Daemon Server] - 2026-04-02T05:14:42.749Z - [SYNC]: clearing sync generators cache due to file changes
[NX v22.6.2 Daemon Server] - 2026-04-02T05:14:42.930Z - [REQUEST]: Updated workspace context based on watched changes, recomputing project graph...
[NX v22.6.2 Daemon Server] - 2026-04-02T05:14:42.930Z - [REQUEST]: apps/thunder-console/public/assets/images/icons/recaptcha.png,apps/thunder-console/public/assets/images/icons/user.svg,apps/thunder-console/public/assets/images/icons/email.svg,apps/thunder-console/public/assets/images/icons/play.svg,apps/thunder-console/public/assets/images/icons/microsoft.svg,apps/thunder-console/public/assets/images/icons/arrowhead-right-outline.svg,apps/thunder-console/public/assets/images/icons/text-size.svg,apps/thunder-console/public/assets/images/logo-inverted.svg,apps/thunder-console/public/assets/images/logo-mini-inverted.svg,apps/thunder-console/public/assets/images/icons/number-input.svg,apps/thunder-console/public/assets/images/icons/password-input.svg,apps/thunder-console/public/assets/images/icons/form.svg,apps/thunder-console/public/assets/images/icons/google-generic.svg,apps/thunder-console/public/assets/images/icons/facebook.svg,apps/thunder-console/public/assets/images/icons/loop.svg,apps/thunder-console/public/config.js,apps/thunder-console/public/assets/images/icons/step.svg,apps/thunder-console/public/assets/images/icons/message-text.svg,apps/thunder-console/public/assets/images/icons/magnifying-glass.svg,apps/thunder-console/public/assets/images/icons/robot.svg,apps/thunder-console/public/assets/images/icons/button.svg,apps/thunder-console/public/assets/images/icons/at.svg,apps/thunder-console/public/assets/images/icons/refresh-ccw.svg,apps/thunder-console/public/assets/images/icons/github.svg,apps/thunder-console/public/assets/images/icons/boolean.svg,apps/thunder-console/public/assets/images/favicon.ico,apps/thunder-console/public/assets/images/icons/google.svg,apps/thunder-console/public/assets/images/icons/facebook-black.svg,apps/thunder-console/public/assets/images/icons/textbox.svg,apps/thunder-console/public/assets/images/icons/mobile-message.svg,apps/thunder-console/public/assets/images/icons/scan.svg,apps/thunder-console/public/assets/images/icons/checkbox-check.svg,apps/thunder-console/public/assets/images/icons/microsoft-black.svg,apps/thunder-console/public/assets/images/icons/fingerprint.svg,apps/thunder-console/public/assets/images/icons/stamp.svg,apps/thunder-console/public/assets/images/logo-mini.svg,apps/thunder-console/public/assets/images/icons/display-rich-text.svg,apps/thunder-console/public/assets/images/icons/image-square.svg,apps/thunder-console/public/assets/images/icons/apple.svg,apps/thunder-console/public/assets/images/icons/divider.svg,apps/thunder-console/public/assets/images/icons/landscape-placeholder.svg,apps/thunder-console/public/assets/images/icons/email-down.svg,apps/thunder-console/public/assets/images/icons/transaction-password-otp-verification-code-security.svg,apps/thunder-console/public/assets/images/icons/decide.svg,apps/thunder-console/public/assets/images/icons/phone.svg,apps/thunder-console/public/assets/images/icons/date.svg,apps/thunder-console/public/assets/images/icons/link.svg,apps/thunder-console/public/assets/images/icons/password.svg,apps/thunder-console/public/assets/images/logo.svg,apps/thunder-console/public/assets/images/icons/check-mark-inside-a-black-box.svg
[NX v22.6.2 Daemon Server] - 2026-04-02T05:14:42.930Z - [REQUEST]: 
[NX v22.6.2 Daemon Server] - 2026-04-02T05:14:43.032Z - Time taken for 'hash changed files from watcher' 80.80812499998137ms
Time taken for 'plugin worker 83191 code loading' 74.15125ms
[NX v22.6.2 Daemon Server] - 2026-04-02T05:14:43.384Z - Time taken for 'start-plugin-worker:nx/js/dependencies-and-lockfile' 355.83904099999927ms
Time taken for 'nx/js/dependencies-and-lockfile:createNodes' 7.852292000000006ms
Time taken for 'plugin worker 83192 code loading' 96.146584ms
Time taken for 'plugin worker 83193 code loading' 96.33891700000001ms
[NX v22.6.2 Daemon Server] - 2026-04-02T05:14:43.636Z - Time taken for 'start-plugin-worker:nx/core/package-json' 605.6381249999977ms
[NX v22.6.2 Daemon Server] - 2026-04-02T05:14:43.636Z - Time taken for 'start-plugin-worker:nx/core/project-json' 605.0523340000072ms
Time taken for 'nx/core/package-json:createNodes' 195.99541699999997ms
[NX v22.6.2 Daemon Server] - 2026-04-02T05:14:44.408Z - Time taken for 'build-project-configs' 845.2881249999627ms
[NX v22.6.2 Daemon Server] - 2026-04-02T05:14:44.408Z - Time taken for 'createNodes:merge' 1.8858340000151657ms
[NX v22.6.2 Daemon Server] - 2026-04-02T05:14:44.408Z - Time taken for 'get-all-workspace-files' 127.18795900000259ms
Time taken for 'build typescript dependencies' 0.20737499999995634ms
[NX v22.6.2 Daemon Server] - 2026-04-02T05:14:44.569Z - [SYNC]: collect registered sync generators
[NX v22.6.2 Daemon Server] - 2026-04-02T05:14:44.570Z - [SYNC]: project graph hash is the same, not collecting task sync generators
[NX v22.6.2 Daemon Server] - 2026-04-02T05:14:44.570Z - [SYNC]: nx.json hash is the same, not collecting global sync generators
[NX v22.6.2 Daemon Server] - 2026-04-02T05:14:44.570Z - Time taken for 'total execution time for createProjectGraph()' 409.27149999997346ms
[NX v22.6.2 Daemon Server] - 2026-04-02T05:14:44.570Z - Time taken for 'createDependencies' 216.4184580000001ms
[NX v22.6.2 Daemon Server] - 2026-04-02T05:14:44.570Z - Time taken for 'nx/js/dependencies-and-lockfile:createDependencies' 216.27966700005345ms
[NX v22.6.2 Daemon Server] - 2026-04-02T05:14:44.570Z - Time taken for 'createMetadata' 0.03441600000951439ms
[NX v22.6.2 Daemon Server] - 2026-04-02T05:14:44.570Z - Time taken for 'serialize graph' 2.8984589999890886ms
[NX v22.6.2 Daemon Server] - 2026-04-02T05:14:45.786Z - Established a connection. Number of open connections: 2
[NX v22.6.2 Daemon Client] - 2026-04-02T05:14:45.786Z - [Messenger] Sending message type: GET_CONFIGURE_AI_AGENTS_STATUS
[NX v22.6.2 Daemon Client] - 2026-04-02T05:14:45.786Z - [Messenger] Message sent
[NX v22.6.2 Daemon Server] - 2026-04-02T05:14:45.786Z - Closed a connection. Number of open connections: 1
[NX v22.6.2 Daemon Server] - 2026-04-02T05:14:45.786Z - Received raw message of length 41
[NX v22.6.2 Daemon Server] - 2026-04-02T05:14:45.786Z - Received json message of type GET_CONFIGURE_AI_AGENTS_STATUS
[NX v22.6.2 Daemon Server] - 2026-04-02T05:14:45.786Z - [AI-AGENTS]: Returning cached agent configuration status
[NX v22.6.2 Daemon Server] - 2026-04-02T05:14:45.786Z - Serializing response for GET_CONFIGURE_AI_AGENTS_STATUS message in json mode
[NX v22.6.2 Daemon Server] - 2026-04-02T05:14:45.786Z - Responding to GET_CONFIGURE_AI_AGENTS_STATUS message
[NX v22.6.2 Daemon Server] - 2026-04-02T05:14:45.786Z - [REQUEST]: Responding to the client. handleGetConfigureAiAgentsStatus
[NX v22.6.2 Daemon Server] - 2026-04-02T05:14:45.786Z - Done responding to the client handleGetConfigureAiAgentsStatus
[NX v22.6.2 Daemon Server] - 2026-04-02T05:14:45.786Z - Handled json message GET_CONFIGURE_AI_AGENTS_STATUS. Handling time: 0. Response time: 0.
[NX v22.6.2 Daemon Client] - 2026-04-02T05:14:45.786Z - [Messenger] Received message, length: 342
[NX v22.6.2 Daemon Client] - 2026-04-02T05:14:45.979Z - [Messenger] Sending message type: POST_TASKS_EXECUTION
[NX v22.6.2 Daemon Client] - 2026-04-02T05:14:45.981Z - [Messenger] Message sent
[NX v22.6.2 Daemon Server] - 2026-04-02T05:14:45.983Z - Received raw message of length 472934
[NX v22.6.2 Daemon Server] - 2026-04-02T05:14:45.985Z - Received json message of type POST_TASKS_EXECUTION
[NX v22.6.2 Daemon Server] - 2026-04-02T05:14:45.985Z - Serializing response for POST_TASKS_EXECUTION message in json mode
[NX v22.6.2 Daemon Server] - 2026-04-02T05:14:45.985Z - Responding to POST_TASKS_EXECUTION message
[NX v22.6.2 Daemon Server] - 2026-04-02T05:14:45.985Z - [REQUEST]: Responding to the client. handleRunPostTasksExecution
[NX v22.6.2 Daemon Server] - 2026-04-02T05:14:45.985Z - Done responding to the client handleRunPostTasksExecution
[NX v22.6.2 Daemon Server] - 2026-04-02T05:14:45.985Z - Handled json message POST_TASKS_EXECUTION. Handling time: 0. Response time: 0.
[NX v22.6.2 Daemon Server] - 2026-04-02T05:14:45.985Z - Time taken for 'postTasksExecution' 0.12304199999198318ms
[NX v22.6.2 Daemon Client] - 2026-04-02T05:14:45.985Z - [Messenger] Received message, length: 4
[NX v22.6.2 Daemon Server] - 2026-04-02T05:14:45.995Z - Closed a connection. Number of open connections: 0
[NX v22.6.2 Daemon Server] - 2026-04-02T05:14:46.670Z - [WATCHER]: Processing file changes in outputs
[NX v22.6.2 Daemon Server] - 2026-04-02T05:17:09.634Z - Established a connection. Number of open connections: 1
[NX v22.6.2 Daemon Server] - 2026-04-02T05:17:09.635Z - Established a connection. Number of open connections: 2
[NX v22.6.2 Daemon Server] - 2026-04-02T05:17:09.635Z - Closed a connection. Number of open connections: 1
[NX v22.6.2 Daemon Server] - 2026-04-02T05:17:09.635Z - Established a connection. Number of open connections: 2
[NX v22.6.2 Daemon Server] - 2026-04-02T05:17:09.636Z - Closed a connection. Number of open connections: 1
[NX v22.6.2 Daemon Client] - 2026-04-02T05:17:09.635Z - [Messenger] Setting up socket listeners
[NX v22.6.2 Daemon Client] - 2026-04-02T05:17:09.637Z - [Messenger] listen() complete
[NX v22.6.2 Daemon Client] - 2026-04-02T05:17:09.638Z - [Messenger] Sending message type: GET_NX_CONSOLE_STATUS
[NX v22.6.2 Daemon Client] - 2026-04-02T05:17:09.638Z - [Messenger] Message sent
[NX v22.6.2 Daemon Server] - 2026-04-02T05:17:09.647Z - Received raw message of length 32
[NX v22.6.2 Daemon Server] - 2026-04-02T05:17:09.647Z - Received json message of type GET_NX_CONSOLE_STATUS
[NX v22.6.2 Daemon Server] - 2026-04-02T05:17:09.647Z - Serializing response for GET_NX_CONSOLE_STATUS message in json mode
[NX v22.6.2 Daemon Server] - 2026-04-02T05:17:09.647Z - Responding to GET_NX_CONSOLE_STATUS message
[NX v22.6.2 Daemon Server] - 2026-04-02T05:17:09.647Z - [REQUEST]: Responding to the client. handleGetNxConsoleStatus
[NX v22.6.2 Daemon Server] - 2026-04-02T05:17:09.647Z - Done responding to the client handleGetNxConsoleStatus
[NX v22.6.2 Daemon Server] - 2026-04-02T05:17:09.647Z - Handled json message GET_NX_CONSOLE_STATUS. Handling time: 0. Response time: 0.
[NX v22.6.2 Daemon Client] - 2026-04-02T05:17:09.648Z - [Messenger] Received message, length: 22
[NX v22.6.2 Daemon Client] - 2026-04-02T05:17:09.700Z - [Messenger] Sending message type: REQUEST_PROJECT_GRAPH
[NX v22.6.2 Daemon Client] - 2026-04-02T05:17:09.700Z - [Messenger] Message sent
[NX v22.6.2 Daemon Server] - 2026-04-02T05:17:09.700Z - Received raw message of length 32
[NX v22.6.2 Daemon Server] - 2026-04-02T05:17:09.700Z - Received json message of type REQUEST_PROJECT_GRAPH
[NX v22.6.2 Daemon Server] - 2026-04-02T05:17:09.700Z - [REQUEST]: Client Request for Project Graph Received
[NX v22.6.2 Daemon Server] - 2026-04-02T05:17:09.701Z - Reusing in-memory cached project graph because no files changed.
[NX v22.6.2 Daemon Server] - 2026-04-02T05:17:09.702Z - Serializing response for REQUEST_PROJECT_GRAPH message in json mode
[NX v22.6.2 Daemon Server] - 2026-04-02T05:17:09.702Z - Responding to REQUEST_PROJECT_GRAPH message
[NX v22.6.2 Daemon Server] - 2026-04-02T05:17:09.702Z - [REQUEST]: Responding to the client. project-graph
[NX v22.6.2 Daemon Server] - 2026-04-02T05:17:09.704Z - Time taken for 'total for creating and serializing project graph' 1.1859580000163987ms
[NX v22.6.2 Daemon Server] - 2026-04-02T05:17:09.706Z - Done responding to the client project-graph
[NX v22.6.2 Daemon Server] - 2026-04-02T05:17:09.707Z - Handled json message REQUEST_PROJECT_GRAPH. Handling time: 2. Response time: 5.
[NX v22.6.2 Daemon Client] - 2026-04-02T05:17:09.707Z - [Messenger] Received message, length: 1251133
[NX v22.6.2 Daemon Client] - 2026-04-02T05:17:09.713Z - [Messenger] Sending message type: PRE_TASKS_EXECUTION
[NX v22.6.2 Daemon Client] - 2026-04-02T05:17:09.713Z - [Messenger] Message sent
[NX v22.6.2 Daemon Server] - 2026-04-02T05:17:09.713Z - Received raw message of length 742
[NX v22.6.2 Daemon Server] - 2026-04-02T05:17:09.713Z - Received json message of type PRE_TASKS_EXECUTION
[NX v22.6.2 Daemon Server] - 2026-04-02T05:17:09.713Z - Serializing response for PRE_TASKS_EXECUTION message in json mode
[NX v22.6.2 Daemon Server] - 2026-04-02T05:17:09.713Z - Responding to PRE_TASKS_EXECUTION message
[NX v22.6.2 Daemon Server] - 2026-04-02T05:17:09.713Z - [REQUEST]: Responding to the client. handleRunPreTasksExecution
[NX v22.6.2 Daemon Server] - 2026-04-02T05:17:09.713Z - Done responding to the client handleRunPreTasksExecution
[NX v22.6.2 Daemon Server] - 2026-04-02T05:17:09.713Z - Handled json message PRE_TASKS_EXECUTION. Handling time: 0. Response time: 0.
[NX v22.6.2 Daemon Server] - 2026-04-02T05:17:09.713Z - Time taken for 'preTasksExecution' 0.16925000003539026ms
[NX v22.6.2 Daemon Client] - 2026-04-02T05:17:09.713Z - [Messenger] Received message, length: 2
[NX v22.6.2 Daemon Client] - 2026-04-02T05:17:09.775Z - [Messenger] Sending message type: HASH_TASKS
[NX v22.6.2 Daemon Client] - 2026-04-02T05:17:09.776Z - [Messenger] Message sent
[NX v22.6.2 Daemon Server] - 2026-04-02T05:17:09.777Z - Received raw message of length 21648
[NX v22.6.2 Daemon Server] - 2026-04-02T05:17:09.779Z - Received json message of type HASH_TASKS
[NX v22.6.2 Daemon Server] - 2026-04-02T05:17:09.779Z - Reusing in-memory cached project graph because no files changed.
DEBUG nx::native::tasks::hash_planner: get_plans_internal COMPLETED in 10.656542ms - processed 13 tasks (setup: 5.337ms, parallel_planning: 5.311583ms)
DEBUG nx::native::tasks::hashers::hash_workspace_files: Hashing workspace fileset with inputs: Adding "11270979969866030128" (".gitignore") to hash
DEBUG nx::native::tasks::hashers::hash_workspace_files: Hashing workspace fileset with inputs: Adding "11270979969866030128" (".gitignore") to hash
DEBUG nx::native::tasks::hashers::hash_workspace_files: Hashing workspace fileset with inputs: Adding "11270979969866030128" (".gitignore") to hash
DEBUG nx::native::tasks::hashers::hash_workspace_files: Hashing workspace fileset with inputs: Adding "11270979969866030128" (".gitignore") to hash
DEBUG nx::native::tasks::hashers::hash_workspace_files: Hashing workspace fileset with inputs: Adding "11270979969866030128" (".gitignore") to hash
DEBUG nx::native::tasks::hashers::hash_workspace_files: Hashing workspace fileset with inputs: Adding "11270979969866030128" (".gitignore") to hash
DEBUG nx::native::tasks::hashers::hash_workspace_files: Hashing workspace fileset with inputs: Adding "11270979969866030128" (".gitignore") to hash
DEBUG nx::native::tasks::hashers::hash_workspace_files: Hashing workspace fileset with inputs: Adding "11270979969866030128" (".gitignore") to hash
DEBUG nx::native::tasks::hashers::hash_workspace_files: Hashing workspace fileset with inputs: Adding "3553820021084211887" ("nx.json") to hash
DEBUG nx::native::tasks::hashers::hash_workspace_files: Hashing workspace fileset with inputs: Hash Value: "10665259820010788507"
DEBUG nx::native::tasks::hashers::hash_workspace_files: Hashing workspace fileset with inputs: Adding "3553820021084211887" ("nx.json") to hash
DEBUG nx::native::tasks::hashers::hash_workspace_files: Hashing workspace fileset with inputs: Hash Value: "10665259820010788507"
DEBUG nx::native::tasks::hashers::hash_workspace_files: Hashing workspace fileset with inputs: Adding "3553820021084211887" ("nx.json") to hash
DEBUG nx::native::tasks::hashers::hash_workspace_files: Hashing workspace fileset with inputs: Hash Value: "10665259820010788507"
DEBUG nx::native::tasks::hashers::hash_workspace_files: Hashing workspace fileset with inputs: Adding "3553820021084211887" ("nx.json") to hash
DEBUG nx::native::tasks::hashers::hash_workspace_files: Hashing workspace fileset with inputs: Hash Value: "10665259820010788507"
DEBUG nx::native::tasks::hashers::hash_workspace_files: Hashing workspace fileset with inputs: Adding "3553820021084211887" ("nx.json") to hash
DEBUG nx::native::tasks::hashers::hash_workspace_files: Hashing workspace fileset with inputs: Hash Value: "10665259820010788507"
DEBUG nx::native::tasks::hashers::hash_workspace_files: Hashing workspace fileset with inputs: Adding "3553820021084211887" ("nx.json") to hash
DEBUG nx::native::tasks::hashers::hash_workspace_files: Hashing workspace fileset with inputs: Hash Value: "10665259820010788507"
DEBUG nx::native::tasks::hashers::hash_workspace_files: Hashing workspace fileset with inputs: Adding "3553820021084211887" ("nx.json") to hash
DEBUG nx::native::tasks::hashers::hash_workspace_files: Hashing workspace fileset with inputs: Hash Value: "10665259820010788507"
DEBUG nx::native::tasks::hashers::hash_workspace_files: Hashing workspace fileset with inputs: Adding "3553820021084211887" ("nx.json") to hash
DEBUG nx::native::tasks::hashers::hash_workspace_files: Hashing workspace fileset with inputs: Hash Value: "10665259820010788507"
DEBUG nx::native::tasks::task_hasher: hash_plans COMPLETED in 57.345334ms - processed 13 plans (setup: 1.452667ms, hashing: 55.887833ms, assembly: 6.839042ms)
[NX v22.6.2 Daemon Server] - 2026-04-02T05:17:09.862Z - Serializing response for HASH_TASKS message in json mode
[NX v22.6.2 Daemon Server] - 2026-04-02T05:17:09.863Z - Responding to HASH_TASKS message
[NX v22.6.2 Daemon Server] - 2026-04-02T05:17:09.863Z - [REQUEST]: Responding to the client. handleHashTasks
[NX v22.6.2 Daemon Server] - 2026-04-02T05:17:09.866Z - Done responding to the client handleHashTasks
[NX v22.6.2 Daemon Server] - 2026-04-02T05:17:09.866Z - Handled json message HASH_TASKS. Handling time: 83. Response time: 4.
[NX v22.6.2 Daemon Client] - 2026-04-02T05:17:09.866Z - [Messenger] Received message, length: 466568
[NX v22.6.2 Daemon Client] - 2026-04-02T05:17:09.931Z - [Messenger] Sending message type: GET_ESTIMATED_TASK_TIMINGS
[NX v22.6.2 Daemon Client] - 2026-04-02T05:17:09.931Z - [Messenger] Message sent
[NX v22.6.2 Daemon Server] - 2026-04-02T05:17:09.931Z - Received raw message of length 705
[NX v22.6.2 Daemon Server] - 2026-04-02T05:17:09.931Z - Received json message of type GET_ESTIMATED_TASK_TIMINGS
[NX v22.6.2 Daemon Server] - 2026-04-02T05:17:09.932Z - Serializing response for GET_ESTIMATED_TASK_TIMINGS message in json mode
[NX v22.6.2 Daemon Server] - 2026-04-02T05:17:09.932Z - Responding to GET_ESTIMATED_TASK_TIMINGS message
[NX v22.6.2 Daemon Server] - 2026-04-02T05:17:09.932Z - [REQUEST]: Responding to the client. handleGetEstimatedTaskTimings
[NX v22.6.2 Daemon Server] - 2026-04-02T05:17:09.932Z - Done responding to the client handleGetEstimatedTaskTimings
[NX v22.6.2 Daemon Server] - 2026-04-02T05:17:09.932Z - Handled json message GET_ESTIMATED_TASK_TIMINGS. Handling time: 1. Response time: 0.
[NX v22.6.2 Daemon Client] - 2026-04-02T05:17:09.932Z - [Messenger] Received message, length: 425
[NX v22.6.2 Daemon Client] - 2026-04-02T05:17:09.937Z - [Messenger] Sending message type: OUTPUTS_HASHES_MATCH
[NX v22.6.2 Daemon Client] - 2026-04-02T05:17:09.937Z - [Messenger] Message sent
[NX v22.6.2 Daemon Server] - 2026-04-02T05:17:09.937Z - Received raw message of length 237
[NX v22.6.2 Daemon Server] - 2026-04-02T05:17:09.937Z - Received json message of type OUTPUTS_HASHES_MATCH
[NX v22.6.2 Daemon Server] - 2026-04-02T05:17:09.940Z - Serializing response for OUTPUTS_HASHES_MATCH message in json mode
[NX v22.6.2 Daemon Server] - 2026-04-02T05:17:09.940Z - Responding to OUTPUTS_HASHES_MATCH message
[NX v22.6.2 Daemon Server] - 2026-04-02T05:17:09.940Z - [REQUEST]: Responding to the client. outputsHashesMatch
[NX v22.6.2 Daemon Server] - 2026-04-02T05:17:09.940Z - Done responding to the client outputsHashesMatch
[NX v22.6.2 Daemon Server] - 2026-04-02T05:17:09.940Z - Handled json message OUTPUTS_HASHES_MATCH. Handling time: 3. Response time: 0.
[NX v22.6.2 Daemon Client] - 2026-04-02T05:17:09.940Z - [Messenger] Received message, length: 4
[NX v22.6.2 Daemon Client] - 2026-04-02T05:17:09.940Z - [Messenger] Sending message type: OUTPUTS_HASHES_MATCH
[NX v22.6.2 Daemon Client] - 2026-04-02T05:17:09.940Z - [Messenger] Message sent
[NX v22.6.2 Daemon Server] - 2026-04-02T05:17:09.940Z - Received raw message of length 244
[NX v22.6.2 Daemon Server] - 2026-04-02T05:17:09.940Z - Received json message of type OUTPUTS_HASHES_MATCH
[NX v22.6.2 Daemon Server] - 2026-04-02T05:17:09.942Z - Serializing response for OUTPUTS_HASHES_MATCH message in json mode
[NX v22.6.2 Daemon Server] - 2026-04-02T05:17:09.942Z - Responding to OUTPUTS_HASHES_MATCH message
[NX v22.6.2 Daemon Server] - 2026-04-02T05:17:09.942Z - [REQUEST]: Responding to the client. outputsHashesMatch
[NX v22.6.2 Daemon Server] - 2026-04-02T05:17:09.942Z - Done responding to the client outputsHashesMatch
[NX v22.6.2 Daemon Server] - 2026-04-02T05:17:09.942Z - Handled json message OUTPUTS_HASHES_MATCH. Handling time: 2. Response time: 0.
[NX v22.6.2 Daemon Client] - 2026-04-02T05:17:09.942Z - [Messenger] Received message, length: 4
[NX v22.6.2 Daemon Client] - 2026-04-02T05:17:09.942Z - [Messenger] Sending message type: RECORD_OUTPUTS_HASH
[NX v22.6.2 Daemon Client] - 2026-04-02T05:17:09.943Z - [Messenger] Message sent
[NX v22.6.2 Daemon Server] - 2026-04-02T05:17:09.943Z - Received raw message of length 236
[NX v22.6.2 Daemon Server] - 2026-04-02T05:17:09.943Z - Received json message of type RECORD_OUTPUTS_HASH
[NX v22.6.2 Daemon Server] - 2026-04-02T05:17:09.944Z - Serializing response for RECORD_OUTPUTS_HASH message in json mode
[NX v22.6.2 Daemon Server] - 2026-04-02T05:17:09.944Z - Responding to RECORD_OUTPUTS_HASH message
[NX v22.6.2 Daemon Server] - 2026-04-02T05:17:09.944Z - [REQUEST]: Responding to the client. recordOutputsHash
[NX v22.6.2 Daemon Server] - 2026-04-02T05:17:09.945Z - Done responding to the client recordOutputsHash
[NX v22.6.2 Daemon Server] - 2026-04-02T05:17:09.945Z - Handled json message RECORD_OUTPUTS_HASH. Handling time: 1. Response time: 1.
[NX v22.6.2 Daemon Client] - 2026-04-02T05:17:09.945Z - [Messenger] Received message, length: 2
[NX v22.6.2 Daemon Client] - 2026-04-02T05:17:09.945Z - [Messenger] Sending message type: RECORD_OUTPUTS_HASH
[NX v22.6.2 Daemon Client] - 2026-04-02T05:17:09.945Z - [Messenger] Message sent
[NX v22.6.2 Daemon Server] - 2026-04-02T05:17:09.945Z - Received raw message of length 243
[NX v22.6.2 Daemon Server] - 2026-04-02T05:17:09.945Z - Received json message of type RECORD_OUTPUTS_HASH
[NX v22.6.2 Daemon Server] - 2026-04-02T05:17:09.947Z - Serializing response for RECORD_OUTPUTS_HASH message in json mode
[NX v22.6.2 Daemon Server] - 2026-04-02T05:17:09.947Z - Responding to RECORD_OUTPUTS_HASH message
[NX v22.6.2 Daemon Server] - 2026-04-02T05:17:09.947Z - [REQUEST]: Responding to the client. recordOutputsHash
[NX v22.6.2 Daemon Server] - 2026-04-02T05:17:09.947Z - Done responding to the client recordOutputsHash
[NX v22.6.2 Daemon Server] - 2026-04-02T05:17:09.947Z - Handled json message RECORD_OUTPUTS_HASH. Handling time: 2. Response time: 0.
[NX v22.6.2 Daemon Client] - 2026-04-02T05:17:09.947Z - [Messenger] Received message, length: 2
[NX v22.6.2 Daemon Client] - 2026-04-02T05:17:09.950Z - [Messenger] Sending message type: OUTPUTS_HASHES_MATCH
[NX v22.6.2 Daemon Client] - 2026-04-02T05:17:09.950Z - [Messenger] Message sent
[NX v22.6.2 Daemon Server] - 2026-04-02T05:17:09.950Z - Received raw message of length 245
[NX v22.6.2 Daemon Server] - 2026-04-02T05:17:09.950Z - Received json message of type OUTPUTS_HASHES_MATCH
[NX v22.6.2 Daemon Server] - 2026-04-02T05:17:09.953Z - Serializing response for OUTPUTS_HASHES_MATCH message in json mode
[NX v22.6.2 Daemon Server] - 2026-04-02T05:17:09.953Z - Responding to OUTPUTS_HASHES_MATCH message
[NX v22.6.2 Daemon Server] - 2026-04-02T05:17:09.953Z - [REQUEST]: Responding to the client. outputsHashesMatch
[NX v22.6.2 Daemon Server] - 2026-04-02T05:17:09.953Z - Done responding to the client outputsHashesMatch
[NX v22.6.2 Daemon Server] - 2026-04-02T05:17:09.953Z - Handled json message OUTPUTS_HASHES_MATCH. Handling time: 3. Response time: 0.
[NX v22.6.2 Daemon Client] - 2026-04-02T05:17:09.953Z - [Messenger] Received message, length: 4
[NX v22.6.2 Daemon Client] - 2026-04-02T05:17:09.954Z - [Messenger] Sending message type: OUTPUTS_HASHES_MATCH
[NX v22.6.2 Daemon Client] - 2026-04-02T05:17:09.954Z - [Messenger] Message sent
[NX v22.6.2 Daemon Server] - 2026-04-02T05:17:09.954Z - Received raw message of length 208
[NX v22.6.2 Daemon Server] - 2026-04-02T05:17:09.954Z - Received json message of type OUTPUTS_HASHES_MATCH
[NX v22.6.2 Daemon Server] - 2026-04-02T05:17:09.956Z - Serializing response for OUTPUTS_HASHES_MATCH message in json mode
[NX v22.6.2 Daemon Server] - 2026-04-02T05:17:09.956Z - Responding to OUTPUTS_HASHES_MATCH message
[NX v22.6.2 Daemon Server] - 2026-04-02T05:17:09.956Z - [REQUEST]: Responding to the client. outputsHashesMatch
[NX v22.6.2 Daemon Server] - 2026-04-02T05:17:09.956Z - Done responding to the client outputsHashesMatch
[NX v22.6.2 Daemon Server] - 2026-04-02T05:17:09.956Z - Handled json message OUTPUTS_HASHES_MATCH. Handling time: 2. Response time: 0.
[NX v22.6.2 Daemon Client] - 2026-04-02T05:17:09.956Z - [Messenger] Received message, length: 4
[NX v22.6.2 Daemon Client] - 2026-04-02T05:17:09.957Z - [Messenger] Sending message type: RECORD_OUTPUTS_HASH
[NX v22.6.2 Daemon Client] - 2026-04-02T05:17:09.957Z - [Messenger] Message sent
[NX v22.6.2 Daemon Server] - 2026-04-02T05:17:09.957Z - Received raw message of length 244
[NX v22.6.2 Daemon Server] - 2026-04-02T05:17:09.957Z - Received json message of type RECORD_OUTPUTS_HASH
[NX v22.6.2 Daemon Server] - 2026-04-02T05:17:09.959Z - Serializing response for RECORD_OUTPUTS_HASH message in json mode
[NX v22.6.2 Daemon Server] - 2026-04-02T05:17:09.959Z - Responding to RECORD_OUTPUTS_HASH message
[NX v22.6.2 Daemon Server] - 2026-04-02T05:17:09.959Z - [REQUEST]: Responding to the client. recordOutputsHash
[NX v22.6.2 Daemon Server] - 2026-04-02T05:17:09.959Z - Done responding to the client recordOutputsHash
[NX v22.6.2 Daemon Server] - 2026-04-02T05:17:09.959Z - Handled json message RECORD_OUTPUTS_HASH. Handling time: 2. Response time: 0.
[NX v22.6.2 Daemon Client] - 2026-04-02T05:17:09.959Z - [Messenger] Received message, length: 2
[NX v22.6.2 Daemon Client] - 2026-04-02T05:17:09.959Z - [Messenger] Sending message type: RECORD_OUTPUTS_HASH
[NX v22.6.2 Daemon Server] - 2026-04-02T05:17:09.959Z - Received raw message of length 207
[NX v22.6.2 Daemon Client] - 2026-04-02T05:17:09.959Z - [Messenger] Message sent
[NX v22.6.2 Daemon Server] - 2026-04-02T05:17:09.959Z - Received json message of type RECORD_OUTPUTS_HASH
[NX v22.6.2 Daemon Server] - 2026-04-02T05:17:09.961Z - Serializing response for RECORD_OUTPUTS_HASH message in json mode
[NX v22.6.2 Daemon Server] - 2026-04-02T05:17:09.961Z - Responding to RECORD_OUTPUTS_HASH message
[NX v22.6.2 Daemon Server] - 2026-04-02T05:17:09.961Z - [REQUEST]: Responding to the client. recordOutputsHash
[NX v22.6.2 Daemon Server] - 2026-04-02T05:17:09.961Z - Done responding to the client recordOutputsHash
[NX v22.6.2 Daemon Server] - 2026-04-02T05:17:09.961Z - Handled json message RECORD_OUTPUTS_HASH. Handling time: 2. Response time: 0.
[NX v22.6.2 Daemon Client] - 2026-04-02T05:17:09.961Z - [Messenger] Received message, length: 2
[NX v22.6.2 Daemon Client] - 2026-04-02T05:17:09.961Z - [Messenger] Sending message type: OUTPUTS_HASHES_MATCH
[NX v22.6.2 Daemon Client] - 2026-04-02T05:17:09.961Z - [Messenger] Message sent
[NX v22.6.2 Daemon Server] - 2026-04-02T05:17:09.961Z - Received raw message of length 200
[NX v22.6.2 Daemon Server] - 2026-04-02T05:17:09.961Z - Received json message of type OUTPUTS_HASHES_MATCH
[NX v22.6.2 Daemon Server] - 2026-04-02T05:17:09.964Z - Serializing response for OUTPUTS_HASHES_MATCH message in json mode
[NX v22.6.2 Daemon Server] - 2026-04-02T05:17:09.964Z - Responding to OUTPUTS_HASHES_MATCH message
[NX v22.6.2 Daemon Server] - 2026-04-02T05:17:09.964Z - [REQUEST]: Responding to the client. outputsHashesMatch
[NX v22.6.2 Daemon Server] - 2026-04-02T05:17:09.964Z - Done responding to the client outputsHashesMatch
[NX v22.6.2 Daemon Server] - 2026-04-02T05:17:09.964Z - Handled json message OUTPUTS_HASHES_MATCH. Handling time: 3. Response time: 0.
[NX v22.6.2 Daemon Client] - 2026-04-02T05:17:09.964Z - [Messenger] Received message, length: 4
[NX v22.6.2 Daemon Client] - 2026-04-02T05:17:09.964Z - [Messenger] Sending message type: RECORD_OUTPUTS_HASH
[NX v22.6.2 Daemon Client] - 2026-04-02T05:17:09.964Z - [Messenger] Message sent
[NX v22.6.2 Daemon Server] - 2026-04-02T05:17:09.965Z - Received raw message of length 199
[NX v22.6.2 Daemon Server] - 2026-04-02T05:17:09.965Z - Received json message of type RECORD_OUTPUTS_HASH
[NX v22.6.2 Daemon Server] - 2026-04-02T05:17:09.968Z - Serializing response for RECORD_OUTPUTS_HASH message in json mode
[NX v22.6.2 Daemon Server] - 2026-04-02T05:17:09.968Z - Responding to RECORD_OUTPUTS_HASH message
[NX v22.6.2 Daemon Server] - 2026-04-02T05:17:09.968Z - [REQUEST]: Responding to the client. recordOutputsHash
[NX v22.6.2 Daemon Server] - 2026-04-02T05:17:09.968Z - Done responding to the client recordOutputsHash
[NX v22.6.2 Daemon Server] - 2026-04-02T05:17:09.968Z - Handled json message RECORD_OUTPUTS_HASH. Handling time: 3. Response time: 0.
[NX v22.6.2 Daemon Client] - 2026-04-02T05:17:09.968Z - [Messenger] Received message, length: 2
[NX v22.6.2 Daemon Client] - 2026-04-02T05:17:09.969Z - [Messenger] Sending message type: OUTPUTS_HASHES_MATCH
[NX v22.6.2 Daemon Client] - 2026-04-02T05:17:09.970Z - [Messenger] Message sent
[NX v22.6.2 Daemon Server] - 2026-04-02T05:17:09.970Z - Received raw message of length 224
[NX v22.6.2 Daemon Server] - 2026-04-02T05:17:09.970Z - Received json message of type OUTPUTS_HASHES_MATCH
[NX v22.6.2 Daemon Server] - 2026-04-02T05:17:09.971Z - Serializing response for OUTPUTS_HASHES_MATCH message in json mode
[NX v22.6.2 Daemon Server] - 2026-04-02T05:17:09.971Z - Responding to OUTPUTS_HASHES_MATCH message
[NX v22.6.2 Daemon Server] - 2026-04-02T05:17:09.971Z - [REQUEST]: Responding to the client. outputsHashesMatch
[NX v22.6.2 Daemon Server] - 2026-04-02T05:17:09.971Z - Done responding to the client outputsHashesMatch
[NX v22.6.2 Daemon Server] - 2026-04-02T05:17:09.971Z - Handled json message OUTPUTS_HASHES_MATCH. Handling time: 1. Response time: 0.
[NX v22.6.2 Daemon Client] - 2026-04-02T05:17:09.971Z - [Messenger] Received message, length: 4
[NX v22.6.2 Daemon Client] - 2026-04-02T05:17:09.972Z - [Messenger] Sending message type: RECORD_OUTPUTS_HASH
[NX v22.6.2 Daemon Client] - 2026-04-02T05:17:09.972Z - [Messenger] Message sent
[NX v22.6.2 Daemon Server] - 2026-04-02T05:17:09.972Z - Received raw message of length 223
[NX v22.6.2 Daemon Server] - 2026-04-02T05:17:09.972Z - Received json message of type RECORD_OUTPUTS_HASH
[NX v22.6.2 Daemon Server] - 2026-04-02T05:17:09.975Z - Serializing response for RECORD_OUTPUTS_HASH message in json mode
[NX v22.6.2 Daemon Server] - 2026-04-02T05:17:09.975Z - Responding to RECORD_OUTPUTS_HASH message
[NX v22.6.2 Daemon Server] - 2026-04-02T05:17:09.975Z - [REQUEST]: Responding to the client. recordOutputsHash
[NX v22.6.2 Daemon Server] - 2026-04-02T05:17:09.975Z - Done responding to the client recordOutputsHash
[NX v22.6.2 Daemon Server] - 2026-04-02T05:17:09.975Z - Handled json message RECORD_OUTPUTS_HASH. Handling time: 3. Response time: 0.
[NX v22.6.2 Daemon Client] - 2026-04-02T05:17:09.975Z - [Messenger] Received message, length: 2
[NX v22.6.2 Daemon Client] - 2026-04-02T05:17:09.977Z - [Messenger] Sending message type: OUTPUTS_HASHES_MATCH
[NX v22.6.2 Daemon Client] - 2026-04-02T05:17:09.977Z - [Messenger] Message sent
[NX v22.6.2 Daemon Server] - 2026-04-02T05:17:09.977Z - Received raw message of length 205
[NX v22.6.2 Daemon Server] - 2026-04-02T05:17:09.977Z - Received json message of type OUTPUTS_HASHES_MATCH
[NX v22.6.2 Daemon Server] - 2026-04-02T05:17:09.979Z - Serializing response for OUTPUTS_HASHES_MATCH message in json mode
[NX v22.6.2 Daemon Server] - 2026-04-02T05:17:09.979Z - Responding to OUTPUTS_HASHES_MATCH message
[NX v22.6.2 Daemon Server] - 2026-04-02T05:17:09.979Z - [REQUEST]: Responding to the client. outputsHashesMatch
[NX v22.6.2 Daemon Server] - 2026-04-02T05:17:09.979Z - Done responding to the client outputsHashesMatch
[NX v22.6.2 Daemon Server] - 2026-04-02T05:17:09.979Z - Handled json message OUTPUTS_HASHES_MATCH. Handling time: 2. Response time: 0.
[NX v22.6.2 Daemon Client] - 2026-04-02T05:17:09.979Z - [Messenger] Received message, length: 4
[NX v22.6.2 Daemon Client] - 2026-04-02T05:17:09.979Z - [Messenger] Sending message type: OUTPUTS_HASHES_MATCH
[NX v22.6.2 Daemon Client] - 2026-04-02T05:17:09.979Z - [Messenger] Message sent
[NX v22.6.2 Daemon Server] - 2026-04-02T05:17:09.979Z - Received raw message of length 208
[NX v22.6.2 Daemon Server] - 2026-04-02T05:17:09.979Z - Received json message of type OUTPUTS_HASHES_MATCH
[NX v22.6.2 Daemon Server] - 2026-04-02T05:17:09.983Z - Serializing response for OUTPUTS_HASHES_MATCH message in json mode
[NX v22.6.2 Daemon Server] - 2026-04-02T05:17:09.983Z - Responding to OUTPUTS_HASHES_MATCH message
[NX v22.6.2 Daemon Server] - 2026-04-02T05:17:09.983Z - [REQUEST]: Responding to the client. outputsHashesMatch
[NX v22.6.2 Daemon Server] - 2026-04-02T05:17:09.983Z - Done responding to the client outputsHashesMatch
[NX v22.6.2 Daemon Server] - 2026-04-02T05:17:09.983Z - Handled json message OUTPUTS_HASHES_MATCH. Handling time: 4. Response time: 0.
[NX v22.6.2 Daemon Client] - 2026-04-02T05:17:09.983Z - [Messenger] Received message, length: 4
[NX v22.6.2 Daemon Client] - 2026-04-02T05:17:09.983Z - [Messenger] Sending message type: RECORD_OUTPUTS_HASH
[NX v22.6.2 Daemon Client] - 2026-04-02T05:17:09.983Z - [Messenger] Message sent
[NX v22.6.2 Daemon Server] - 2026-04-02T05:17:09.983Z - Received raw message of length 204
[NX v22.6.2 Daemon Server] - 2026-04-02T05:17:09.983Z - Received json message of type RECORD_OUTPUTS_HASH
[NX v22.6.2 Daemon Server] - 2026-04-02T05:17:09.986Z - Serializing response for RECORD_OUTPUTS_HASH message in json mode
[NX v22.6.2 Daemon Server] - 2026-04-02T05:17:09.986Z - Responding to RECORD_OUTPUTS_HASH message
[NX v22.6.2 Daemon Server] - 2026-04-02T05:17:09.986Z - [REQUEST]: Responding to the client. recordOutputsHash
[NX v22.6.2 Daemon Server] - 2026-04-02T05:17:09.986Z - Done responding to the client recordOutputsHash
[NX v22.6.2 Daemon Server] - 2026-04-02T05:17:09.986Z - Handled json message RECORD_OUTPUTS_HASH. Handling time: 3. Response time: 0.
[NX v22.6.2 Daemon Client] - 2026-04-02T05:17:09.986Z - [Messenger] Received message, length: 2
[NX v22.6.2 Daemon Client] - 2026-04-02T05:17:09.987Z - [Messenger] Sending message type: RECORD_OUTPUTS_HASH
[NX v22.6.2 Daemon Client] - 2026-04-02T05:17:09.987Z - [Messenger] Message sent
[NX v22.6.2 Daemon Server] - 2026-04-02T05:17:09.987Z - Received raw message of length 207
[NX v22.6.2 Daemon Server] - 2026-04-02T05:17:09.987Z - Received json message of type RECORD_OUTPUTS_HASH
[NX v22.6.2 Daemon Server] - 2026-04-02T05:17:09.989Z - Serializing response for RECORD_OUTPUTS_HASH message in json mode
[NX v22.6.2 Daemon Server] - 2026-04-02T05:17:09.989Z - Responding to RECORD_OUTPUTS_HASH message
[NX v22.6.2 Daemon Server] - 2026-04-02T05:17:09.989Z - [REQUEST]: Responding to the client. recordOutputsHash
[NX v22.6.2 Daemon Server] - 2026-04-02T05:17:09.989Z - Done responding to the client recordOutputsHash
[NX v22.6.2 Daemon Server] - 2026-04-02T05:17:09.989Z - Handled json message RECORD_OUTPUTS_HASH. Handling time: 2. Response time: 0.
[NX v22.6.2 Daemon Client] - 2026-04-02T05:17:09.989Z - [Messenger] Received message, length: 2
[NX v22.6.2 Daemon Client] - 2026-04-02T05:17:09.990Z - [Messenger] Sending message type: OUTPUTS_HASHES_MATCH
[NX v22.6.2 Daemon Client] - 2026-04-02T05:17:09.990Z - [Messenger] Message sent
[NX v22.6.2 Daemon Server] - 2026-04-02T05:17:09.990Z - Received raw message of length 204
[NX v22.6.2 Daemon Server] - 2026-04-02T05:17:09.990Z - Received json message of type OUTPUTS_HASHES_MATCH
[NX v22.6.2 Daemon Server] - 2026-04-02T05:17:09.992Z - Serializing response for OUTPUTS_HASHES_MATCH message in json mode
[NX v22.6.2 Daemon Server] - 2026-04-02T05:17:09.992Z - Responding to OUTPUTS_HASHES_MATCH message
[NX v22.6.2 Daemon Server] - 2026-04-02T05:17:09.992Z - [REQUEST]: Responding to the client. outputsHashesMatch
[NX v22.6.2 Daemon Server] - 2026-04-02T05:17:09.992Z - Done responding to the client outputsHashesMatch
[NX v22.6.2 Daemon Server] - 2026-04-02T05:17:09.992Z - Handled json message OUTPUTS_HASHES_MATCH. Handling time: 2. Response time: 0.
[NX v22.6.2 Daemon Client] - 2026-04-02T05:17:09.992Z - [Messenger] Received message, length: 4
[NX v22.6.2 Daemon Client] - 2026-04-02T05:17:09.992Z - [Messenger] Sending message type: RECORD_OUTPUTS_HASH
[NX v22.6.2 Daemon Client] - 2026-04-02T05:17:09.992Z - [Messenger] Message sent
[NX v22.6.2 Daemon Server] - 2026-04-02T05:17:09.992Z - Received raw message of length 203
[NX v22.6.2 Daemon Server] - 2026-04-02T05:17:09.992Z - Received json message of type RECORD_OUTPUTS_HASH
[NX v22.6.2 Daemon Server] - 2026-04-02T05:17:09.995Z - Serializing response for RECORD_OUTPUTS_HASH message in json mode
[NX v22.6.2 Daemon Server] - 2026-04-02T05:17:09.995Z - Responding to RECORD_OUTPUTS_HASH message
[NX v22.6.2 Daemon Server] - 2026-04-02T05:17:09.995Z - [REQUEST]: Responding to the client. recordOutputsHash
[NX v22.6.2 Daemon Server] - 2026-04-02T05:17:09.995Z - Done responding to the client recordOutputsHash
[NX v22.6.2 Daemon Server] - 2026-04-02T05:17:09.995Z - Handled json message RECORD_OUTPUTS_HASH. Handling time: 3. Response time: 0.
[NX v22.6.2 Daemon Client] - 2026-04-02T05:17:09.995Z - [Messenger] Received message, length: 2
[NX v22.6.2 Daemon Client] - 2026-04-02T05:17:09.997Z - [Messenger] Sending message type: OUTPUTS_HASHES_MATCH
[NX v22.6.2 Daemon Client] - 2026-04-02T05:17:09.998Z - [Messenger] Message sent
[NX v22.6.2 Daemon Server] - 2026-04-02T05:17:09.998Z - Received raw message of length 236
[NX v22.6.2 Daemon Server] - 2026-04-02T05:17:09.998Z - Received json message of type OUTPUTS_HASHES_MATCH
[NX v22.6.2 Daemon Server] - 2026-04-02T05:17:10.001Z - Serializing response for OUTPUTS_HASHES_MATCH message in json mode
[NX v22.6.2 Daemon Server] - 2026-04-02T05:17:10.001Z - Responding to OUTPUTS_HASHES_MATCH message
[NX v22.6.2 Daemon Server] - 2026-04-02T05:17:10.001Z - [REQUEST]: Responding to the client. outputsHashesMatch
[NX v22.6.2 Daemon Server] - 2026-04-02T05:17:10.001Z - Done responding to the client outputsHashesMatch
[NX v22.6.2 Daemon Server] - 2026-04-02T05:17:10.001Z - Handled json message OUTPUTS_HASHES_MATCH. Handling time: 3. Response time: 0.
[NX v22.6.2 Daemon Client] - 2026-04-02T05:17:10.001Z - [Messenger] Received message, length: 4
[NX v22.6.2 Daemon Client] - 2026-04-02T05:17:10.001Z - [Messenger] Sending message type: OUTPUTS_HASHES_MATCH
[NX v22.6.2 Daemon Client] - 2026-04-02T05:17:10.002Z - [Messenger] Message sent
[NX v22.6.2 Daemon Server] - 2026-04-02T05:17:10.002Z - Received raw message of length 233
[NX v22.6.2 Daemon Server] - 2026-04-02T05:17:10.002Z - Received json message of type OUTPUTS_HASHES_MATCH
[NX v22.6.2 Daemon Server] - 2026-04-02T05:17:10.007Z - Serializing response for OUTPUTS_HASHES_MATCH message in json mode
[NX v22.6.2 Daemon Server] - 2026-04-02T05:17:10.007Z - Responding to OUTPUTS_HASHES_MATCH message
[NX v22.6.2 Daemon Server] - 2026-04-02T05:17:10.007Z - [REQUEST]: Responding to the client. outputsHashesMatch
[NX v22.6.2 Daemon Server] - 2026-04-02T05:17:10.007Z - Done responding to the client outputsHashesMatch
[NX v22.6.2 Daemon Server] - 2026-04-02T05:17:10.007Z - Handled json message OUTPUTS_HASHES_MATCH. Handling time: 5. Response time: 0.
[NX v22.6.2 Daemon Client] - 2026-04-02T05:17:10.007Z - [Messenger] Received message, length: 4
[NX v22.6.2 Daemon Client] - 2026-04-02T05:17:10.007Z - [Messenger] Sending message type: RECORD_OUTPUTS_HASH
[NX v22.6.2 Daemon Client] - 2026-04-02T05:17:10.007Z - [Messenger] Message sent
[NX v22.6.2 Daemon Server] - 2026-04-02T05:17:10.007Z - Received raw message of length 235
[NX v22.6.2 Daemon Server] - 2026-04-02T05:17:10.007Z - Received json message of type RECORD_OUTPUTS_HASH
[NX v22.6.2 Daemon Server] - 2026-04-02T05:17:10.009Z - Serializing response for RECORD_OUTPUTS_HASH message in json mode
[NX v22.6.2 Daemon Server] - 2026-04-02T05:17:10.009Z - Responding to RECORD_OUTPUTS_HASH message
[NX v22.6.2 Daemon Server] - 2026-04-02T05:17:10.009Z - [REQUEST]: Responding to the client. recordOutputsHash
[NX v22.6.2 Daemon Server] - 2026-04-02T05:17:10.009Z - Done responding to the client recordOutputsHash
[NX v22.6.2 Daemon Server] - 2026-04-02T05:17:10.009Z - Handled json message RECORD_OUTPUTS_HASH. Handling time: 2. Response time: 0.
[NX v22.6.2 Daemon Client] - 2026-04-02T05:17:10.009Z - [Messenger] Received message, length: 2
[NX v22.6.2 Daemon Client] - 2026-04-02T05:17:10.009Z - [Messenger] Sending message type: RECORD_OUTPUTS_HASH
[NX v22.6.2 Daemon Client] - 2026-04-02T05:17:10.010Z - [Messenger] Message sent
[NX v22.6.2 Daemon Server] - 2026-04-02T05:17:10.010Z - Received raw message of length 232
[NX v22.6.2 Daemon Server] - 2026-04-02T05:17:10.010Z - Received json message of type RECORD_OUTPUTS_HASH
[NX v22.6.2 Daemon Server] - 2026-04-02T05:17:10.012Z - Serializing response for RECORD_OUTPUTS_HASH message in json mode
[NX v22.6.2 Daemon Server] - 2026-04-02T05:17:10.012Z - Responding to RECORD_OUTPUTS_HASH message
[NX v22.6.2 Daemon Server] - 2026-04-02T05:17:10.012Z - [REQUEST]: Responding to the client. recordOutputsHash
[NX v22.6.2 Daemon Server] - 2026-04-02T05:17:10.012Z - Done responding to the client recordOutputsHash
[NX v22.6.2 Daemon Server] - 2026-04-02T05:17:10.012Z - Handled json message RECORD_OUTPUTS_HASH. Handling time: 2. Response time: 0.
[NX v22.6.2 Daemon Client] - 2026-04-02T05:17:10.012Z - [Messenger] Received message, length: 2
[NX v22.6.2 Daemon Client] - 2026-04-02T05:17:10.013Z - [Messenger] Sending message type: OUTPUTS_HASHES_MATCH
[NX v22.6.2 Daemon Client] - 2026-04-02T05:17:10.014Z - [Messenger] Message sent
[NX v22.6.2 Daemon Server] - 2026-04-02T05:17:10.014Z - Received raw message of length 196
[NX v22.6.2 Daemon Server] - 2026-04-02T05:17:10.014Z - Received json message of type OUTPUTS_HASHES_MATCH
[NX v22.6.2 Daemon Server] - 2026-04-02T05:17:10.020Z - Serializing response for OUTPUTS_HASHES_MATCH message in json mode
[NX v22.6.2 Daemon Server] - 2026-04-02T05:17:10.020Z - Responding to OUTPUTS_HASHES_MATCH message
[NX v22.6.2 Daemon Server] - 2026-04-02T05:17:10.020Z - [REQUEST]: Responding to the client. outputsHashesMatch
[NX v22.6.2 Daemon Server] - 2026-04-02T05:17:10.020Z - Done responding to the client outputsHashesMatch
[NX v22.6.2 Daemon Server] - 2026-04-02T05:17:10.020Z - Handled json message OUTPUTS_HASHES_MATCH. Handling time: 6. Response time: 0.
[NX v22.6.2 Daemon Client] - 2026-04-02T05:17:10.020Z - [Messenger] Received message, length: 5
[NX v22.6.2 Daemon Client] - 2026-04-02T05:17:10.070Z - [Messenger] Sending message type: OUTPUTS_HASHES_MATCH
[NX v22.6.2 Daemon Client] - 2026-04-02T05:17:10.070Z - [Messenger] Message sent
[NX v22.6.2 Daemon Server] - 2026-04-02T05:17:10.070Z - Received raw message of length 184
[NX v22.6.2 Daemon Server] - 2026-04-02T05:17:10.071Z - Received json message of type OUTPUTS_HASHES_MATCH
[NX v22.6.2 Daemon Server] - 2026-04-02T05:17:10.078Z - Serializing response for OUTPUTS_HASHES_MATCH message in json mode
[NX v22.6.2 Daemon Server] - 2026-04-02T05:17:10.078Z - Responding to OUTPUTS_HASHES_MATCH message
[NX v22.6.2 Daemon Server] - 2026-04-02T05:17:10.078Z - [REQUEST]: Responding to the client. outputsHashesMatch
[NX v22.6.2 Daemon Server] - 2026-04-02T05:17:10.078Z - Done responding to the client outputsHashesMatch
[NX v22.6.2 Daemon Server] - 2026-04-02T05:17:10.078Z - Handled json message OUTPUTS_HASHES_MATCH. Handling time: 7. Response time: 0.
[NX v22.6.2 Daemon Client] - 2026-04-02T05:17:10.078Z - [Messenger] Received message, length: 4
[NX v22.6.2 Daemon Server] - 2026-04-02T05:17:10.079Z - [WATCHER]: Processing file changes in outputs
[NX v22.6.2 Daemon Client] - 2026-04-02T05:17:10.079Z - [Messenger] Sending message type: RECORD_OUTPUTS_HASH
[NX v22.6.2 Daemon Client] - 2026-04-02T05:17:10.079Z - [Messenger] Message sent
[NX v22.6.2 Daemon Server] - 2026-04-02T05:17:10.079Z - Received raw message of length 195
[NX v22.6.2 Daemon Server] - 2026-04-02T05:17:10.079Z - Received json message of type RECORD_OUTPUTS_HASH
[NX v22.6.2 Daemon Server] - 2026-04-02T05:17:10.087Z - Serializing response for RECORD_OUTPUTS_HASH message in json mode
[NX v22.6.2 Daemon Server] - 2026-04-02T05:17:10.087Z - Responding to RECORD_OUTPUTS_HASH message
[NX v22.6.2 Daemon Server] - 2026-04-02T05:17:10.087Z - [REQUEST]: Responding to the client. recordOutputsHash
[NX v22.6.2 Daemon Server] - 2026-04-02T05:17:10.087Z - Done responding to the client recordOutputsHash
[NX v22.6.2 Daemon Server] - 2026-04-02T05:17:10.087Z - Handled json message RECORD_OUTPUTS_HASH. Handling time: 8. Response time: 0.
[NX v22.6.2 Daemon Server] - 2026-04-02T05:17:10.087Z - [WATCHER]: 50 file(s) created or restored, 0 file(s) modified, 0 file(s) deleted
[NX v22.6.2 Daemon Client] - 2026-04-02T05:17:10.087Z - [Messenger] Received message, length: 2
[NX v22.6.2 Daemon Client] - 2026-04-02T05:17:10.087Z - [Messenger] Sending message type: RECORD_OUTPUTS_HASH
[NX v22.6.2 Daemon Client] - 2026-04-02T05:17:10.087Z - [Messenger] Message sent
[NX v22.6.2 Daemon Server] - 2026-04-02T05:17:10.088Z - [SYNC]: clearing sync generators cache due to file changes
[NX v22.6.2 Daemon Server] - 2026-04-02T05:17:10.088Z - Received raw message of length 183
[NX v22.6.2 Daemon Server] - 2026-04-02T05:17:10.088Z - Received json message of type RECORD_OUTPUTS_HASH
[NX v22.6.2 Daemon Server] - 2026-04-02T05:17:10.092Z - Serializing response for RECORD_OUTPUTS_HASH message in json mode
[NX v22.6.2 Daemon Server] - 2026-04-02T05:17:10.092Z - Responding to RECORD_OUTPUTS_HASH message
[NX v22.6.2 Daemon Server] - 2026-04-02T05:17:10.092Z - [REQUEST]: Responding to the client. recordOutputsHash
[NX v22.6.2 Daemon Server] - 2026-04-02T05:17:10.092Z - Done responding to the client recordOutputsHash
[NX v22.6.2 Daemon Server] - 2026-04-02T05:17:10.092Z - Handled json message RECORD_OUTPUTS_HASH. Handling time: 4. Response time: 0.
[NX v22.6.2 Daemon Client] - 2026-04-02T05:17:10.092Z - [Messenger] Received message, length: 2
[NX v22.6.2 Daemon Client] - 2026-04-02T05:17:10.093Z - [Messenger] Sending message type: RECORD_TASK_RUNS
[NX v22.6.2 Daemon Client] - 2026-04-02T05:17:10.094Z - [Messenger] Message sent
[NX v22.6.2 Daemon Server] - 2026-04-02T05:17:10.094Z - Received raw message of length 2571
[NX v22.6.2 Daemon Server] - 2026-04-02T05:17:10.094Z - Received json message of type RECORD_TASK_RUNS
[NX v22.6.2 Daemon Server] - 2026-04-02T05:17:10.094Z - Serializing response for RECORD_TASK_RUNS message in json mode
[NX v22.6.2 Daemon Server] - 2026-04-02T05:17:10.094Z - Responding to RECORD_TASK_RUNS message
[NX v22.6.2 Daemon Server] - 2026-04-02T05:17:10.094Z - [REQUEST]: Responding to the client. handleRecordTaskRuns
[NX v22.6.2 Daemon Server] - 2026-04-02T05:17:10.094Z - Done responding to the client handleRecordTaskRuns
[NX v22.6.2 Daemon Server] - 2026-04-02T05:17:10.094Z - Handled json message RECORD_TASK_RUNS. Handling time: 0. Response time: 0.
[NX v22.6.2 Daemon Client] - 2026-04-02T05:17:10.094Z - [Messenger] Received message, length: 4
[NX v22.6.2 Daemon Client] - 2026-04-02T05:17:10.094Z - [Messenger] Sending message type: GET_FLAKY_TASKS
[NX v22.6.2 Daemon Server] - 2026-04-02T05:17:10.094Z - Received raw message of length 327
[NX v22.6.2 Daemon Client] - 2026-04-02T05:17:10.094Z - [Messenger] Message sent
[NX v22.6.2 Daemon Server] - 2026-04-02T05:17:10.094Z - Received json message of type GET_FLAKY_TASKS
[NX v22.6.2 Daemon Server] - 2026-04-02T05:17:10.094Z - Serializing response for GET_FLAKY_TASKS message in json mode
[NX v22.6.2 Daemon Server] - 2026-04-02T05:17:10.094Z - Responding to GET_FLAKY_TASKS message
[NX v22.6.2 Daemon Server] - 2026-04-02T05:17:10.094Z - [REQUEST]: Responding to the client. handleGetFlakyTasks
[NX v22.6.2 Daemon Server] - 2026-04-02T05:17:10.094Z - Done responding to the client handleGetFlakyTasks
[NX v22.6.2 Daemon Server] - 2026-04-02T05:17:10.094Z - Handled json message GET_FLAKY_TASKS. Handling time: 0. Response time: 0.
[NX v22.6.2 Daemon Client] - 2026-04-02T05:17:10.094Z - [Messenger] Received message, length: 2
[NX v22.6.2 Daemon Server] - 2026-04-02T05:17:10.133Z - [WATCHER]: Processing file changes in outputs
[NX v22.6.2 Daemon Server] - 2026-04-02T05:17:10.261Z - [REQUEST]: Updated workspace context based on watched changes, recomputing project graph...
[NX v22.6.2 Daemon Server] - 2026-04-02T05:17:10.261Z - [REQUEST]: apps/thunder-console/public/assets/images/icons/arrowhead-right-outline.svg,apps/thunder-console/public/assets/images/icons/email.svg,apps/thunder-console/public/assets/images/icons/recaptcha.png,apps/thunder-console/public/assets/images/favicon.ico,apps/thunder-console/public/assets/images/icons/microsoft.svg,apps/thunder-console/public/assets/images/icons/loop.svg,apps/thunder-console/public/assets/images/icons/apple.svg,apps/thunder-console/public/assets/images/icons/form.svg,apps/thunder-console/public/assets/images/icons/check-mark-inside-a-black-box.svg,apps/thunder-console/public/assets/images/icons/phone.svg,apps/thunder-console/public/assets/images/icons/button.svg,apps/thunder-console/public/assets/images/icons/landscape-placeholder.svg,apps/thunder-console/public/assets/images/icons/fingerprint.svg,apps/thunder-console/public/assets/images/icons/image-square.svg,apps/thunder-console/public/assets/images/icons/github.svg,apps/thunder-console/public/assets/images/icons/email-down.svg,apps/thunder-console/public/assets/images/icons/text-size.svg,apps/thunder-console/public/assets/images/icons/mobile-message.svg,apps/thunder-console/public/assets/images/logo-mini-inverted.svg,apps/thunder-console/public/assets/images/icons/facebook.svg,apps/thunder-console/public/assets/images/icons/textbox.svg,apps/thunder-console/public/assets/images/icons/decide.svg,apps/thunder-console/public/assets/images/icons/divider.svg,apps/thunder-console/public/assets/images/icons/google.svg,apps/thunder-console/public/assets/images/icons/display-rich-text.svg,apps/thunder-console/public/assets/images/logo.svg,apps/thunder-console/public/assets/images/icons/stamp.svg,apps/thunder-console/public/assets/images/icons/date.svg,apps/thunder-console/public/assets/images/icons/step.svg,apps/thunder-console/public/assets/images/icons/boolean.svg,apps/thunder-console/public/assets/images/icons/at.svg,apps/thunder-console/public/assets/images/logo-inverted.svg,apps/thunder-console/public/assets/images/icons/microsoft-black.svg,apps/thunder-console/public/assets/images/icons/password-input.svg,apps/thunder-console/public/assets/images/icons/message-text.svg,apps/thunder-console/public/assets/images/icons/refresh-ccw.svg,apps/thunder-console/public/assets/images/icons/facebook-black.svg,apps/thunder-console/public/assets/images/icons/checkbox-check.svg,apps/thunder-console/public/assets/images/icons/user.svg,apps/thunder-console/public/assets/images/icons/scan.svg,apps/thunder-console/public/assets/images/icons/play.svg,apps/thunder-console/public/assets/images/icons/magnifying-glass.svg,apps/thunder-console/public/assets/images/icons/link.svg,apps/thunder-console/public/assets/images/logo-mini.svg,apps/thunder-console/public/assets/images/icons/google-generic.svg,apps/thunder-console/public/config.js,apps/thunder-console/public/assets/images/icons/robot.svg,apps/thunder-console/public/assets/images/icons/password.svg,apps/thunder-console/public/assets/images/icons/transaction-password-otp-verification-code-security.svg,apps/thunder-console/public/assets/images/icons/number-input.svg
[NX v22.6.2 Daemon Server] - 2026-04-02T05:17:10.261Z - [REQUEST]: 
[NX v22.6.2 Daemon Server] - 2026-04-02T05:17:10.326Z - Time taken for 'hash changed files from watcher' 71.63879200001247ms
Time taken for 'plugin worker 86342 code loading' 81.862ms
[NX v22.6.2 Daemon Server] - 2026-04-02T05:17:10.684Z - Time taken for 'start-plugin-worker:nx/js/dependencies-and-lockfile' 362.079875000054ms
Time taken for 'nx/js/dependencies-and-lockfile:createNodes' 9.894499999999994ms
Time taken for 'plugin worker 86343 code loading' 99.65575000000001ms
Time taken for 'plugin worker 86344 code loading' 90.331208ms
[NX v22.6.2 Daemon Server] - 2026-04-02T05:17:10.963Z - Time taken for 'start-plugin-worker:nx/core/package-json' 638.7199999999721ms
[NX v22.6.2 Daemon Server] - 2026-04-02T05:17:10.963Z - Time taken for 'start-plugin-worker:nx/core/project-json' 638.0855830000946ms
Time taken for 'nx/core/package-json:createNodes' 257.273709ms
[NX v22.6.2 Daemon Server] - 2026-04-02T05:17:11.960Z - Time taken for 'build-project-configs' 1030.4791249999544ms
[NX v22.6.2 Daemon Server] - 2026-04-02T05:17:11.960Z - Time taken for 'createNodes:merge' 1.835958999930881ms
[NX v22.6.2 Daemon Server] - 2026-04-02T05:17:11.960Z - Time taken for 'get-all-workspace-files' 133.16754099994432ms
Time taken for 'build typescript dependencies' 0.17791699999997945ms
[NX v22.6.2 Daemon Server] - 2026-04-02T05:17:12.115Z - [SYNC]: collect registered sync generators
[NX v22.6.2 Daemon Server] - 2026-04-02T05:17:12.116Z - [SYNC]: project graph hash is the same, not collecting task sync generators
[NX v22.6.2 Daemon Server] - 2026-04-02T05:17:12.116Z - [SYNC]: nx.json hash is the same, not collecting global sync generators
[NX v22.6.2 Daemon Server] - 2026-04-02T05:17:12.116Z - Time taken for 'total execution time for createProjectGraph()' 452.85037499992177ms
[NX v22.6.2 Daemon Server] - 2026-04-02T05:17:12.116Z - Time taken for 'createDependencies' 237.7733340000268ms
[NX v22.6.2 Daemon Server] - 2026-04-02T05:17:12.116Z - Time taken for 'nx/js/dependencies-and-lockfile:createDependencies' 237.6943330001086ms
[NX v22.6.2 Daemon Server] - 2026-04-02T05:17:12.116Z - Time taken for 'createMetadata' 0.11850000009872019ms
[NX v22.6.2 Daemon Server] - 2026-04-02T05:17:12.116Z - Time taken for 'serialize graph' 3.768041000002995ms
[NX v22.6.2 Daemon Server] - 2026-04-02T05:17:13.141Z - Established a connection. Number of open connections: 2
[NX v22.6.2 Daemon Client] - 2026-04-02T05:17:13.141Z - [Messenger] Sending message type: GET_CONFIGURE_AI_AGENTS_STATUS
[NX v22.6.2 Daemon Server] - 2026-04-02T05:17:13.142Z - Closed a connection. Number of open connections: 1
[NX v22.6.2 Daemon Client] - 2026-04-02T05:17:13.142Z - [Messenger] Message sent
[NX v22.6.2 Daemon Server] - 2026-04-02T05:17:13.142Z - Received raw message of length 41
[NX v22.6.2 Daemon Server] - 2026-04-02T05:17:13.142Z - Received json message of type GET_CONFIGURE_AI_AGENTS_STATUS
[NX v22.6.2 Daemon Server] - 2026-04-02T05:17:13.142Z - [AI-AGENTS]: Returning cached agent configuration status
[NX v22.6.2 Daemon Server] - 2026-04-02T05:17:13.142Z - Serializing response for GET_CONFIGURE_AI_AGENTS_STATUS message in json mode
[NX v22.6.2 Daemon Server] - 2026-04-02T05:17:13.142Z - Responding to GET_CONFIGURE_AI_AGENTS_STATUS message
[NX v22.6.2 Daemon Server] - 2026-04-02T05:17:13.142Z - [REQUEST]: Responding to the client. handleGetConfigureAiAgentsStatus
[NX v22.6.2 Daemon Server] - 2026-04-02T05:17:13.142Z - Done responding to the client handleGetConfigureAiAgentsStatus
[NX v22.6.2 Daemon Server] - 2026-04-02T05:17:13.142Z - Handled json message GET_CONFIGURE_AI_AGENTS_STATUS. Handling time: 0. Response time: 0.
[NX v22.6.2 Daemon Client] - 2026-04-02T05:17:13.142Z - [Messenger] Received message, length: 342
[NX v22.6.2 Daemon Client] - 2026-04-02T05:17:13.345Z - [Messenger] Sending message type: POST_TASKS_EXECUTION
[NX v22.6.2 Daemon Client] - 2026-04-02T05:17:13.347Z - [Messenger] Message sent
[NX v22.6.2 Daemon Server] - 2026-04-02T05:17:13.348Z - Received raw message of length 472933
[NX v22.6.2 Daemon Server] - 2026-04-02T05:17:13.349Z - Received json message of type POST_TASKS_EXECUTION
[NX v22.6.2 Daemon Server] - 2026-04-02T05:17:13.349Z - Serializing response for POST_TASKS_EXECUTION message in json mode
[NX v22.6.2 Daemon Server] - 2026-04-02T05:17:13.349Z - Responding to POST_TASKS_EXECUTION message
[NX v22.6.2 Daemon Server] - 2026-04-02T05:17:13.349Z - [REQUEST]: Responding to the client. handleRunPostTasksExecution
[NX v22.6.2 Daemon Server] - 2026-04-02T05:17:13.349Z - Done responding to the client handleRunPostTasksExecution
[NX v22.6.2 Daemon Server] - 2026-04-02T05:17:13.350Z - Handled json message POST_TASKS_EXECUTION. Handling time: 0. Response time: 1.
[NX v22.6.2 Daemon Server] - 2026-04-02T05:17:13.350Z - Time taken for 'postTasksExecution' 0.1213749999878928ms
[NX v22.6.2 Daemon Client] - 2026-04-02T05:17:13.350Z - [Messenger] Received message, length: 4
[NX v22.6.2 Daemon Server] - 2026-04-02T05:17:13.360Z - Closed a connection. Number of open connections: 0
[NX v22.6.2 Daemon Server] - 2026-04-02T05:17:24.614Z - Established a connection. Number of open connections: 1
[NX v22.6.2 Daemon Server] - 2026-04-02T05:17:24.615Z - Closed a connection. Number of open connections: 0
[NX v22.6.2 Daemon Server] - 2026-04-02T05:17:24.615Z - Established a connection. Number of open connections: 1
[NX v22.6.2 Daemon Server] - 2026-04-02T05:17:24.615Z - Closed a connection. Number of open connections: 0
[NX v22.6.2 Daemon Server] - 2026-04-02T05:17:24.615Z - Established a connection. Number of open connections: 1
[NX v22.6.2 Daemon Client] - 2026-04-02T05:17:24.615Z - [Messenger] Setting up socket listeners
[NX v22.6.2 Daemon Client] - 2026-04-02T05:17:24.617Z - [Messenger] listen() complete
[NX v22.6.2 Daemon Client] - 2026-04-02T05:17:24.618Z - [Messenger] Sending message type: GET_NX_CONSOLE_STATUS
[NX v22.6.2 Daemon Client] - 2026-04-02T05:17:24.618Z - [Messenger] Message sent
[NX v22.6.2 Daemon Server] - 2026-04-02T05:17:24.627Z - Received raw message of length 32
[NX v22.6.2 Daemon Server] - 2026-04-02T05:17:24.627Z - Received json message of type GET_NX_CONSOLE_STATUS
[NX v22.6.2 Daemon Server] - 2026-04-02T05:17:24.627Z - Serializing response for GET_NX_CONSOLE_STATUS message in json mode
[NX v22.6.2 Daemon Server] - 2026-04-02T05:17:24.627Z - Responding to GET_NX_CONSOLE_STATUS message
[NX v22.6.2 Daemon Server] - 2026-04-02T05:17:24.627Z - [REQUEST]: Responding to the client. handleGetNxConsoleStatus
[NX v22.6.2 Daemon Server] - 2026-04-02T05:17:24.627Z - Done responding to the client handleGetNxConsoleStatus
[NX v22.6.2 Daemon Server] - 2026-04-02T05:17:24.627Z - Handled json message GET_NX_CONSOLE_STATUS. Handling time: 0. Response time: 0.
[NX v22.6.2 Daemon Client] - 2026-04-02T05:17:24.627Z - [Messenger] Received message, length: 22
[NX v22.6.2 Daemon Client] - 2026-04-02T05:17:24.674Z - [Messenger] Sending message type: REQUEST_PROJECT_GRAPH
[NX v22.6.2 Daemon Client] - 2026-04-02T05:17:24.674Z - [Messenger] Message sent
[NX v22.6.2 Daemon Server] - 2026-04-02T05:17:24.674Z - Received raw message of length 32
[NX v22.6.2 Daemon Server] - 2026-04-02T05:17:24.674Z - Received json message of type REQUEST_PROJECT_GRAPH
[NX v22.6.2 Daemon Server] - 2026-04-02T05:17:24.674Z - [REQUEST]: Client Request for Project Graph Received
[NX v22.6.2 Daemon Server] - 2026-04-02T05:17:24.674Z - Reusing in-memory cached project graph because no files changed.
[NX v22.6.2 Daemon Server] - 2026-04-02T05:17:24.674Z - Serializing response for REQUEST_PROJECT_GRAPH message in json mode
[NX v22.6.2 Daemon Server] - 2026-04-02T05:17:24.674Z - Responding to REQUEST_PROJECT_GRAPH message
[NX v22.6.2 Daemon Server] - 2026-04-02T05:17:24.674Z - [REQUEST]: Responding to the client. project-graph
[NX v22.6.2 Daemon Server] - 2026-04-02T05:17:24.677Z - Time taken for 'total for creating and serializing project graph' 0.26566599996294826ms
[NX v22.6.2 Daemon Server] - 2026-04-02T05:17:24.679Z - Done responding to the client project-graph
[NX v22.6.2 Daemon Server] - 2026-04-02T05:17:24.679Z - Handled json message REQUEST_PROJECT_GRAPH. Handling time: 0. Response time: 5.
[NX v22.6.2 Daemon Client] - 2026-04-02T05:17:24.680Z - [Messenger] Received message, length: 1251133
[NX v22.6.2 Daemon Client] - 2026-04-02T05:17:24.686Z - [Messenger] Sending message type: PRE_TASKS_EXECUTION
[NX v22.6.2 Daemon Client] - 2026-04-02T05:17:24.686Z - [Messenger] Message sent
[NX v22.6.2 Daemon Server] - 2026-04-02T05:17:24.686Z - Received raw message of length 742
[NX v22.6.2 Daemon Server] - 2026-04-02T05:17:24.686Z - Received json message of type PRE_TASKS_EXECUTION
[NX v22.6.2 Daemon Server] - 2026-04-02T05:17:24.686Z - Serializing response for PRE_TASKS_EXECUTION message in json mode
[NX v22.6.2 Daemon Server] - 2026-04-02T05:17:24.686Z - Responding to PRE_TASKS_EXECUTION message
[NX v22.6.2 Daemon Server] - 2026-04-02T05:17:24.686Z - [REQUEST]: Responding to the client. handleRunPreTasksExecution
[NX v22.6.2 Daemon Server] - 2026-04-02T05:17:24.686Z - Done responding to the client handleRunPreTasksExecution
[NX v22.6.2 Daemon Server] - 2026-04-02T05:17:24.686Z - Handled json message PRE_TASKS_EXECUTION. Handling time: 0. Response time: 0.
[NX v22.6.2 Daemon Server] - 2026-04-02T05:17:24.686Z - Time taken for 'preTasksExecution' 0.13908300001639873ms
[NX v22.6.2 Daemon Client] - 2026-04-02T05:17:24.686Z - [Messenger] Received message, length: 2
[NX v22.6.2 Daemon Client] - 2026-04-02T05:17:24.745Z - [Messenger] Sending message type: HASH_TASKS
[NX v22.6.2 Daemon Client] - 2026-04-02T05:17:24.745Z - [Messenger] Message sent
[NX v22.6.2 Daemon Server] - 2026-04-02T05:17:24.747Z - Received raw message of length 21648
[NX v22.6.2 Daemon Server] - 2026-04-02T05:17:24.747Z - Received json message of type HASH_TASKS
[NX v22.6.2 Daemon Server] - 2026-04-02T05:17:24.747Z - Reusing in-memory cached project graph because no files changed.
DEBUG nx::native::tasks::hash_planner: get_plans_internal COMPLETED in 8.760791ms - processed 13 tasks (setup: 5.319708ms, parallel_planning: 3.438542ms)
DEBUG nx::native::tasks::hashers::hash_workspace_files: Hashing workspace fileset with inputs: Adding "11270979969866030128" (".gitignore") to hash
DEBUG nx::native::tasks::hashers::hash_workspace_files: Hashing workspace fileset with inputs: Adding "11270979969866030128" (".gitignore") to hash
DEBUG nx::native::tasks::hashers::hash_workspace_files: Hashing workspace fileset with inputs: Adding "11270979969866030128" (".gitignore") to hash
DEBUG nx::native::tasks::hashers::hash_workspace_files: Hashing workspace fileset with inputs: Adding "11270979969866030128" (".gitignore") to hash
DEBUG nx::native::tasks::hashers::hash_workspace_files: Hashing workspace fileset with inputs: Adding "11270979969866030128" (".gitignore") to hash
DEBUG nx::native::tasks::hashers::hash_workspace_files: Hashing workspace fileset with inputs: Adding "11270979969866030128" (".gitignore") to hash
DEBUG nx::native::tasks::hashers::hash_workspace_files: Hashing workspace fileset with inputs: Adding "11270979969866030128" (".gitignore") to hash
DEBUG nx::native::tasks::hashers::hash_workspace_files: Hashing workspace fileset with inputs: Adding "11270979969866030128" (".gitignore") to hash
DEBUG nx::native::tasks::hashers::hash_workspace_files: Hashing workspace fileset with inputs: Adding "3553820021084211887" ("nx.json") to hash
DEBUG nx::native::tasks::hashers::hash_workspace_files: Hashing workspace fileset with inputs: Hash Value: "10665259820010788507"
DEBUG nx::native::tasks::hashers::hash_workspace_files: Hashing workspace fileset with inputs: Adding "3553820021084211887" ("nx.json") to hash
DEBUG nx::native::tasks::hashers::hash_workspace_files: Hashing workspace fileset with inputs: Hash Value: "10665259820010788507"
DEBUG nx::native::tasks::hashers::hash_workspace_files: Hashing workspace fileset with inputs: Adding "3553820021084211887" ("nx.json") to hash
DEBUG nx::native::tasks::hashers::hash_workspace_files: Hashing workspace fileset with inputs: Hash Value: "10665259820010788507"
DEBUG nx::native::tasks::hashers::hash_workspace_files: Hashing workspace fileset with inputs: Adding "3553820021084211887" ("nx.json") to hash
DEBUG nx::native::tasks::hashers::hash_workspace_files: Hashing workspace fileset with inputs: Hash Value: "10665259820010788507"
DEBUG nx::native::tasks::hashers::hash_workspace_files: Hashing workspace fileset with inputs: Adding "3553820021084211887" ("nx.json") to hash
DEBUG nx::native::tasks::hashers::hash_workspace_files: Hashing workspace fileset with inputs: Hash Value: "10665259820010788507"
DEBUG nx::native::tasks::hashers::hash_workspace_files: Hashing workspace fileset with inputs: Adding "3553820021084211887" ("nx.json") to hash
DEBUG nx::native::tasks::hashers::hash_workspace_files: Hashing workspace fileset with inputs: Hash Value: "10665259820010788507"
DEBUG nx::native::tasks::hashers::hash_workspace_files: Hashing workspace fileset with inputs: Adding "3553820021084211887" ("nx.json") to hash
DEBUG nx::native::tasks::hashers::hash_workspace_files: Hashing workspace fileset with inputs: Hash Value: "10665259820010788507"
DEBUG nx::native::tasks::hashers::hash_workspace_files: Hashing workspace fileset with inputs: Adding "3553820021084211887" ("nx.json") to hash
DEBUG nx::native::tasks::hashers::hash_workspace_files: Hashing workspace fileset with inputs: Hash Value: "10665259820010788507"
DEBUG nx::native::tasks::task_hasher: hash_plans COMPLETED in 50.9475ms - processed 13 plans (setup: 1.930333ms, hashing: 49.012375ms, assembly: 6.960958ms)
[NX v22.6.2 Daemon Server] - 2026-04-02T05:17:24.817Z - Serializing response for HASH_TASKS message in json mode
[NX v22.6.2 Daemon Server] - 2026-04-02T05:17:24.819Z - Responding to HASH_TASKS message
[NX v22.6.2 Daemon Server] - 2026-04-02T05:17:24.819Z - [REQUEST]: Responding to the client. handleHashTasks
[NX v22.6.2 Daemon Server] - 2026-04-02T05:17:24.821Z - Done responding to the client handleHashTasks
[NX v22.6.2 Daemon Server] - 2026-04-02T05:17:24.821Z - Handled json message HASH_TASKS. Handling time: 70. Response time: 4.
[NX v22.6.2 Daemon Client] - 2026-04-02T05:17:24.821Z - [Messenger] Received message, length: 466568
[NX v22.6.2 Daemon Client] - 2026-04-02T05:17:24.868Z - [Messenger] Sending message type: GET_ESTIMATED_TASK_TIMINGS
[NX v22.6.2 Daemon Client] - 2026-04-02T05:17:24.868Z - [Messenger] Message sent
[NX v22.6.2 Daemon Server] - 2026-04-02T05:17:24.868Z - Received raw message of length 705
[NX v22.6.2 Daemon Server] - 2026-04-02T05:17:24.868Z - Received json message of type GET_ESTIMATED_TASK_TIMINGS
[NX v22.6.2 Daemon Server] - 2026-04-02T05:17:24.869Z - Serializing response for GET_ESTIMATED_TASK_TIMINGS message in json mode
[NX v22.6.2 Daemon Server] - 2026-04-02T05:17:24.869Z - Responding to GET_ESTIMATED_TASK_TIMINGS message
[NX v22.6.2 Daemon Server] - 2026-04-02T05:17:24.869Z - [REQUEST]: Responding to the client. handleGetEstimatedTaskTimings
[NX v22.6.2 Daemon Server] - 2026-04-02T05:17:24.869Z - Done responding to the client handleGetEstimatedTaskTimings
[NX v22.6.2 Daemon Server] - 2026-04-02T05:17:24.869Z - Handled json message GET_ESTIMATED_TASK_TIMINGS. Handling time: 1. Response time: 0.
[NX v22.6.2 Daemon Client] - 2026-04-02T05:17:24.869Z - [Messenger] Received message, length: 425
[NX v22.6.2 Daemon Client] - 2026-04-02T05:17:24.873Z - [Messenger] Sending message type: OUTPUTS_HASHES_MATCH
[NX v22.6.2 Daemon Client] - 2026-04-02T05:17:24.873Z - [Messenger] Message sent
[NX v22.6.2 Daemon Server] - 2026-04-02T05:17:24.873Z - Received raw message of length 237
[NX v22.6.2 Daemon Server] - 2026-04-02T05:17:24.873Z - Received json message of type OUTPUTS_HASHES_MATCH
[NX v22.6.2 Daemon Server] - 2026-04-02T05:17:24.875Z - Serializing response for OUTPUTS_HASHES_MATCH message in json mode
[NX v22.6.2 Daemon Server] - 2026-04-02T05:17:24.875Z - Responding to OUTPUTS_HASHES_MATCH message
[NX v22.6.2 Daemon Server] - 2026-04-02T05:17:24.875Z - [REQUEST]: Responding to the client. outputsHashesMatch
[NX v22.6.2 Daemon Server] - 2026-04-02T05:17:24.875Z - Done responding to the client outputsHashesMatch
[NX v22.6.2 Daemon Server] - 2026-04-02T05:17:24.875Z - Handled json message OUTPUTS_HASHES_MATCH. Handling time: 2. Response time: 0.
[NX v22.6.2 Daemon Client] - 2026-04-02T05:17:24.875Z - [Messenger] Received message, length: 4
[NX v22.6.2 Daemon Client] - 2026-04-02T05:17:24.875Z - [Messenger] Sending message type: OUTPUTS_HASHES_MATCH
[NX v22.6.2 Daemon Client] - 2026-04-02T05:17:24.875Z - [Messenger] Message sent
[NX v22.6.2 Daemon Server] - 2026-04-02T05:17:24.875Z - Received raw message of length 244
[NX v22.6.2 Daemon Server] - 2026-04-02T05:17:24.875Z - Received json message of type OUTPUTS_HASHES_MATCH
[NX v22.6.2 Daemon Server] - 2026-04-02T05:17:24.878Z - Serializing response for OUTPUTS_HASHES_MATCH message in json mode
[NX v22.6.2 Daemon Server] - 2026-04-02T05:17:24.878Z - Responding to OUTPUTS_HASHES_MATCH message
[NX v22.6.2 Daemon Server] - 2026-04-02T05:17:24.878Z - [REQUEST]: Responding to the client. outputsHashesMatch
[NX v22.6.2 Daemon Server] - 2026-04-02T05:17:24.878Z - Done responding to the client outputsHashesMatch
[NX v22.6.2 Daemon Server] - 2026-04-02T05:17:24.878Z - Handled json message OUTPUTS_HASHES_MATCH. Handling time: 3. Response time: 0.
[NX v22.6.2 Daemon Client] - 2026-04-02T05:17:24.878Z - [Messenger] Received message, length: 4
[NX v22.6.2 Daemon Client] - 2026-04-02T05:17:24.879Z - [Messenger] Sending message type: RECORD_OUTPUTS_HASH
[NX v22.6.2 Daemon Server] - 2026-04-02T05:17:24.879Z - Received raw message of length 236
[NX v22.6.2 Daemon Client] - 2026-04-02T05:17:24.879Z - [Messenger] Message sent
[NX v22.6.2 Daemon Server] - 2026-04-02T05:17:24.879Z - Received json message of type RECORD_OUTPUTS_HASH
[NX v22.6.2 Daemon Server] - 2026-04-02T05:17:24.882Z - Serializing response for RECORD_OUTPUTS_HASH message in json mode
[NX v22.6.2 Daemon Server] - 2026-04-02T05:17:24.882Z - Responding to RECORD_OUTPUTS_HASH message
[NX v22.6.2 Daemon Server] - 2026-04-02T05:17:24.882Z - [REQUEST]: Responding to the client. recordOutputsHash
[NX v22.6.2 Daemon Server] - 2026-04-02T05:17:24.882Z - Done responding to the client recordOutputsHash
[NX v22.6.2 Daemon Server] - 2026-04-02T05:17:24.882Z - Handled json message RECORD_OUTPUTS_HASH. Handling time: 3. Response time: 0.
[NX v22.6.2 Daemon Client] - 2026-04-02T05:17:24.882Z - [Messenger] Received message, length: 2
[NX v22.6.2 Daemon Client] - 2026-04-02T05:17:24.882Z - [Messenger] Sending message type: RECORD_OUTPUTS_HASH
[NX v22.6.2 Daemon Client] - 2026-04-02T05:17:24.882Z - [Messenger] Message sent
[NX v22.6.2 Daemon Server] - 2026-04-02T05:17:24.882Z - Received raw message of length 243
[NX v22.6.2 Daemon Server] - 2026-04-02T05:17:24.882Z - Received json message of type RECORD_OUTPUTS_HASH
[NX v22.6.2 Daemon Server] - 2026-04-02T05:17:24.884Z - Serializing response for RECORD_OUTPUTS_HASH message in json mode
[NX v22.6.2 Daemon Server] - 2026-04-02T05:17:24.884Z - Responding to RECORD_OUTPUTS_HASH message
[NX v22.6.2 Daemon Server] - 2026-04-02T05:17:24.884Z - [REQUEST]: Responding to the client. recordOutputsHash
[NX v22.6.2 Daemon Server] - 2026-04-02T05:17:24.884Z - Done responding to the client recordOutputsHash
[NX v22.6.2 Daemon Server] - 2026-04-02T05:17:24.884Z - Handled json message RECORD_OUTPUTS_HASH. Handling time: 2. Response time: 0.
[NX v22.6.2 Daemon Client] - 2026-04-02T05:17:24.884Z - [Messenger] Received message, length: 2
[NX v22.6.2 Daemon Client] - 2026-04-02T05:17:24.886Z - [Messenger] Sending message type: OUTPUTS_HASHES_MATCH
[NX v22.6.2 Daemon Client] - 2026-04-02T05:17:24.886Z - [Messenger] Message sent
[NX v22.6.2 Daemon Server] - 2026-04-02T05:17:24.886Z - Received raw message of length 245
[NX v22.6.2 Daemon Server] - 2026-04-02T05:17:24.887Z - Received json message of type OUTPUTS_HASHES_MATCH
[NX v22.6.2 Daemon Server] - 2026-04-02T05:17:24.889Z - Serializing response for OUTPUTS_HASHES_MATCH message in json mode
[NX v22.6.2 Daemon Server] - 2026-04-02T05:17:24.890Z - Responding to OUTPUTS_HASHES_MATCH message
[NX v22.6.2 Daemon Server] - 2026-04-02T05:17:24.890Z - [REQUEST]: Responding to the client. outputsHashesMatch
[NX v22.6.2 Daemon Server] - 2026-04-02T05:17:24.890Z - Done responding to the client outputsHashesMatch
[NX v22.6.2 Daemon Server] - 2026-04-02T05:17:24.890Z - Handled json message OUTPUTS_HASHES_MATCH. Handling time: 2. Response time: 1.
[NX v22.6.2 Daemon Client] - 2026-04-02T05:17:24.890Z - [Messenger] Received message, length: 4
[NX v22.6.2 Daemon Client] - 2026-04-02T05:17:24.890Z - [Messenger] Sending message type: OUTPUTS_HASHES_MATCH
[NX v22.6.2 Daemon Client] - 2026-04-02T05:17:24.890Z - [Messenger] Message sent
[NX v22.6.2 Daemon Server] - 2026-04-02T05:17:24.890Z - Received raw message of length 208
[NX v22.6.2 Daemon Server] - 2026-04-02T05:17:24.890Z - Received json message of type OUTPUTS_HASHES_MATCH
[NX v22.6.2 Daemon Server] - 2026-04-02T05:17:24.893Z - Serializing response for OUTPUTS_HASHES_MATCH message in json mode
[NX v22.6.2 Daemon Server] - 2026-04-02T05:17:24.893Z - Responding to OUTPUTS_HASHES_MATCH message
[NX v22.6.2 Daemon Server] - 2026-04-02T05:17:24.893Z - [REQUEST]: Responding to the client. outputsHashesMatch
[NX v22.6.2 Daemon Server] - 2026-04-02T05:17:24.893Z - Done responding to the client outputsHashesMatch
[NX v22.6.2 Daemon Server] - 2026-04-02T05:17:24.893Z - Handled json message OUTPUTS_HASHES_MATCH. Handling time: 3. Response time: 0.
[NX v22.6.2 Daemon Client] - 2026-04-02T05:17:24.893Z - [Messenger] Received message, length: 4
[NX v22.6.2 Daemon Client] - 2026-04-02T05:17:24.894Z - [Messenger] Sending message type: RECORD_OUTPUTS_HASH
[NX v22.6.2 Daemon Client] - 2026-04-02T05:17:24.894Z - [Messenger] Message sent
[NX v22.6.2 Daemon Server] - 2026-04-02T05:17:24.894Z - Received raw message of length 244
[NX v22.6.2 Daemon Server] - 2026-04-02T05:17:24.894Z - Received json message of type RECORD_OUTPUTS_HASH
[NX v22.6.2 Daemon Server] - 2026-04-02T05:17:24.897Z - Serializing response for RECORD_OUTPUTS_HASH message in json mode
[NX v22.6.2 Daemon Server] - 2026-04-02T05:17:24.897Z - Responding to RECORD_OUTPUTS_HASH message
[NX v22.6.2 Daemon Server] - 2026-04-02T05:17:24.897Z - [REQUEST]: Responding to the client. recordOutputsHash
[NX v22.6.2 Daemon Server] - 2026-04-02T05:17:24.897Z - Done responding to the client recordOutputsHash
[NX v22.6.2 Daemon Server] - 2026-04-02T05:17:24.897Z - Handled json message RECORD_OUTPUTS_HASH. Handling time: 3. Response time: 0.
[NX v22.6.2 Daemon Client] - 2026-04-02T05:17:24.897Z - [Messenger] Received message, length: 2
[NX v22.6.2 Daemon Client] - 2026-04-02T05:17:24.897Z - [Messenger] Sending message type: RECORD_OUTPUTS_HASH
[NX v22.6.2 Daemon Client] - 2026-04-02T05:17:24.897Z - [Messenger] Message sent
[NX v22.6.2 Daemon Server] - 2026-04-02T05:17:24.897Z - Received raw message of length 207
[NX v22.6.2 Daemon Server] - 2026-04-02T05:17:24.897Z - Received json message of type RECORD_OUTPUTS_HASH
[NX v22.6.2 Daemon Server] - 2026-04-02T05:17:24.899Z - Serializing response for RECORD_OUTPUTS_HASH message in json mode
[NX v22.6.2 Daemon Server] - 2026-04-02T05:17:24.899Z - Responding to RECORD_OUTPUTS_HASH message
[NX v22.6.2 Daemon Server] - 2026-04-02T05:17:24.899Z - [REQUEST]: Responding to the client. recordOutputsHash
[NX v22.6.2 Daemon Server] - 2026-04-02T05:17:24.899Z - Done responding to the client recordOutputsHash
[NX v22.6.2 Daemon Server] - 2026-04-02T05:17:24.899Z - Handled json message RECORD_OUTPUTS_HASH. Handling time: 2. Response time: 0.
[NX v22.6.2 Daemon Client] - 2026-04-02T05:17:24.899Z - [Messenger] Received message, length: 2
[NX v22.6.2 Daemon Client] - 2026-04-02T05:17:24.899Z - [Messenger] Sending message type: OUTPUTS_HASHES_MATCH
[NX v22.6.2 Daemon Client] - 2026-04-02T05:17:24.900Z - [Messenger] Message sent
[NX v22.6.2 Daemon Server] - 2026-04-02T05:17:24.900Z - Received raw message of length 200
[NX v22.6.2 Daemon Server] - 2026-04-02T05:17:24.900Z - Received json message of type OUTPUTS_HASHES_MATCH
[NX v22.6.2 Daemon Server] - 2026-04-02T05:17:24.902Z - Serializing response for OUTPUTS_HASHES_MATCH message in json mode
[NX v22.6.2 Daemon Server] - 2026-04-02T05:17:24.902Z - Responding to OUTPUTS_HASHES_MATCH message
[NX v22.6.2 Daemon Server] - 2026-04-02T05:17:24.902Z - [REQUEST]: Responding to the client. outputsHashesMatch
[NX v22.6.2 Daemon Server] - 2026-04-02T05:17:24.902Z - Done responding to the client outputsHashesMatch
[NX v22.6.2 Daemon Server] - 2026-04-02T05:17:24.902Z - Handled json message OUTPUTS_HASHES_MATCH. Handling time: 2. Response time: 0.
[NX v22.6.2 Daemon Client] - 2026-04-02T05:17:24.902Z - [Messenger] Received message, length: 4
[NX v22.6.2 Daemon Client] - 2026-04-02T05:17:24.903Z - [Messenger] Sending message type: RECORD_OUTPUTS_HASH
[NX v22.6.2 Daemon Client] - 2026-04-02T05:17:24.903Z - [Messenger] Message sent
[NX v22.6.2 Daemon Server] - 2026-04-02T05:17:24.903Z - Received raw message of length 199
[NX v22.6.2 Daemon Server] - 2026-04-02T05:17:24.903Z - Received json message of type RECORD_OUTPUTS_HASH
[NX v22.6.2 Daemon Server] - 2026-04-02T05:17:24.905Z - Serializing response for RECORD_OUTPUTS_HASH message in json mode
[NX v22.6.2 Daemon Server] - 2026-04-02T05:17:24.905Z - Responding to RECORD_OUTPUTS_HASH message
[NX v22.6.2 Daemon Server] - 2026-04-02T05:17:24.905Z - [REQUEST]: Responding to the client. recordOutputsHash
[NX v22.6.2 Daemon Server] - 2026-04-02T05:17:24.905Z - Done responding to the client recordOutputsHash
[NX v22.6.2 Daemon Server] - 2026-04-02T05:17:24.905Z - Handled json message RECORD_OUTPUTS_HASH. Handling time: 2. Response time: 0.
[NX v22.6.2 Daemon Client] - 2026-04-02T05:17:24.905Z - [Messenger] Received message, length: 2
[NX v22.6.2 Daemon Client] - 2026-04-02T05:17:24.906Z - [Messenger] Sending message type: OUTPUTS_HASHES_MATCH
[NX v22.6.2 Daemon Client] - 2026-04-02T05:17:24.906Z - [Messenger] Message sent
[NX v22.6.2 Daemon Server] - 2026-04-02T05:17:24.906Z - Received raw message of length 224
[NX v22.6.2 Daemon Server] - 2026-04-02T05:17:24.906Z - Received json message of type OUTPUTS_HASHES_MATCH
[NX v22.6.2 Daemon Server] - 2026-04-02T05:17:24.908Z - Serializing response for OUTPUTS_HASHES_MATCH message in json mode
[NX v22.6.2 Daemon Server] - 2026-04-02T05:17:24.908Z - Responding to OUTPUTS_HASHES_MATCH message
[NX v22.6.2 Daemon Server] - 2026-04-02T05:17:24.908Z - [REQUEST]: Responding to the client. outputsHashesMatch
[NX v22.6.2 Daemon Server] - 2026-04-02T05:17:24.908Z - Done responding to the client outputsHashesMatch
[NX v22.6.2 Daemon Server] - 2026-04-02T05:17:24.908Z - Handled json message OUTPUTS_HASHES_MATCH. Handling time: 2. Response time: 0.
[NX v22.6.2 Daemon Client] - 2026-04-02T05:17:24.908Z - [Messenger] Received message, length: 4
[NX v22.6.2 Daemon Client] - 2026-04-02T05:17:24.908Z - [Messenger] Sending message type: RECORD_OUTPUTS_HASH
[NX v22.6.2 Daemon Client] - 2026-04-02T05:17:24.908Z - [Messenger] Message sent
[NX v22.6.2 Daemon Server] - 2026-04-02T05:17:24.908Z - Received raw message of length 223
[NX v22.6.2 Daemon Server] - 2026-04-02T05:17:24.908Z - Received json message of type RECORD_OUTPUTS_HASH
[NX v22.6.2 Daemon Server] - 2026-04-02T05:17:24.910Z - Serializing response for RECORD_OUTPUTS_HASH message in json mode
[NX v22.6.2 Daemon Server] - 2026-04-02T05:17:24.910Z - Responding to RECORD_OUTPUTS_HASH message
[NX v22.6.2 Daemon Server] - 2026-04-02T05:17:24.910Z - [REQUEST]: Responding to the client. recordOutputsHash
[NX v22.6.2 Daemon Server] - 2026-04-02T05:17:24.910Z - Done responding to the client recordOutputsHash
[NX v22.6.2 Daemon Server] - 2026-04-02T05:17:24.910Z - Handled json message RECORD_OUTPUTS_HASH. Handling time: 2. Response time: 0.
[NX v22.6.2 Daemon Client] - 2026-04-02T05:17:24.910Z - [Messenger] Received message, length: 2
[NX v22.6.2 Daemon Client] - 2026-04-02T05:17:24.912Z - [Messenger] Sending message type: OUTPUTS_HASHES_MATCH
[NX v22.6.2 Daemon Client] - 2026-04-02T05:17:24.912Z - [Messenger] Message sent
[NX v22.6.2 Daemon Server] - 2026-04-02T05:17:24.912Z - Received raw message of length 205
[NX v22.6.2 Daemon Server] - 2026-04-02T05:17:24.912Z - Received json message of type OUTPUTS_HASHES_MATCH
[NX v22.6.2 Daemon Server] - 2026-04-02T05:17:24.915Z - Serializing response for OUTPUTS_HASHES_MATCH message in json mode
[NX v22.6.2 Daemon Server] - 2026-04-02T05:17:24.915Z - Responding to OUTPUTS_HASHES_MATCH message
[NX v22.6.2 Daemon Server] - 2026-04-02T05:17:24.915Z - [REQUEST]: Responding to the client. outputsHashesMatch
[NX v22.6.2 Daemon Server] - 2026-04-02T05:17:24.915Z - Done responding to the client outputsHashesMatch
[NX v22.6.2 Daemon Server] - 2026-04-02T05:17:24.915Z - Handled json message OUTPUTS_HASHES_MATCH. Handling time: 3. Response time: 0.
[NX v22.6.2 Daemon Client] - 2026-04-02T05:17:24.915Z - [Messenger] Received message, length: 4
[NX v22.6.2 Daemon Client] - 2026-04-02T05:17:24.915Z - [Messenger] Sending message type: OUTPUTS_HASHES_MATCH
[NX v22.6.2 Daemon Server] - 2026-04-02T05:17:24.915Z - Received raw message of length 208
[NX v22.6.2 Daemon Client] - 2026-04-02T05:17:24.915Z - [Messenger] Message sent
[NX v22.6.2 Daemon Server] - 2026-04-02T05:17:24.915Z - Received json message of type OUTPUTS_HASHES_MATCH
[NX v22.6.2 Daemon Server] - 2026-04-02T05:17:24.918Z - Serializing response for OUTPUTS_HASHES_MATCH message in json mode
[NX v22.6.2 Daemon Server] - 2026-04-02T05:17:24.918Z - Responding to OUTPUTS_HASHES_MATCH message
[NX v22.6.2 Daemon Server] - 2026-04-02T05:17:24.918Z - [REQUEST]: Responding to the client. outputsHashesMatch
[NX v22.6.2 Daemon Server] - 2026-04-02T05:17:24.918Z - Done responding to the client outputsHashesMatch
[NX v22.6.2 Daemon Server] - 2026-04-02T05:17:24.918Z - Handled json message OUTPUTS_HASHES_MATCH. Handling time: 3. Response time: 0.
[NX v22.6.2 Daemon Client] - 2026-04-02T05:17:24.918Z - [Messenger] Received message, length: 4
[NX v22.6.2 Daemon Client] - 2026-04-02T05:17:24.919Z - [Messenger] Sending message type: RECORD_OUTPUTS_HASH
[NX v22.6.2 Daemon Client] - 2026-04-02T05:17:24.919Z - [Messenger] Message sent
[NX v22.6.2 Daemon Server] - 2026-04-02T05:17:24.919Z - Received raw message of length 204
[NX v22.6.2 Daemon Server] - 2026-04-02T05:17:24.919Z - Received json message of type RECORD_OUTPUTS_HASH
[NX v22.6.2 Daemon Server] - 2026-04-02T05:17:24.920Z - Serializing response for RECORD_OUTPUTS_HASH message in json mode
[NX v22.6.2 Daemon Server] - 2026-04-02T05:17:24.920Z - Responding to RECORD_OUTPUTS_HASH message
[NX v22.6.2 Daemon Server] - 2026-04-02T05:17:24.920Z - [REQUEST]: Responding to the client. recordOutputsHash
[NX v22.6.2 Daemon Server] - 2026-04-02T05:17:24.920Z - Done responding to the client recordOutputsHash
[NX v22.6.2 Daemon Server] - 2026-04-02T05:17:24.920Z - Handled json message RECORD_OUTPUTS_HASH. Handling time: 1. Response time: 0.
[NX v22.6.2 Daemon Client] - 2026-04-02T05:17:24.920Z - [Messenger] Received message, length: 2
[NX v22.6.2 Daemon Client] - 2026-04-02T05:17:24.921Z - [Messenger] Sending message type: RECORD_OUTPUTS_HASH
[NX v22.6.2 Daemon Client] - 2026-04-02T05:17:24.921Z - [Messenger] Message sent
[NX v22.6.2 Daemon Server] - 2026-04-02T05:17:24.921Z - Received raw message of length 207
[NX v22.6.2 Daemon Server] - 2026-04-02T05:17:24.921Z - Received json message of type RECORD_OUTPUTS_HASH
[NX v22.6.2 Daemon Server] - 2026-04-02T05:17:24.923Z - Serializing response for RECORD_OUTPUTS_HASH message in json mode
[NX v22.6.2 Daemon Server] - 2026-04-02T05:17:24.923Z - Responding to RECORD_OUTPUTS_HASH message
[NX v22.6.2 Daemon Server] - 2026-04-02T05:17:24.923Z - [REQUEST]: Responding to the client. recordOutputsHash
[NX v22.6.2 Daemon Server] - 2026-04-02T05:17:24.923Z - Done responding to the client recordOutputsHash
[NX v22.6.2 Daemon Server] - 2026-04-02T05:17:24.923Z - Handled json message RECORD_OUTPUTS_HASH. Handling time: 2. Response time: 0.
[NX v22.6.2 Daemon Client] - 2026-04-02T05:17:24.923Z - [Messenger] Received message, length: 2
[NX v22.6.2 Daemon Client] - 2026-04-02T05:17:24.923Z - [Messenger] Sending message type: OUTPUTS_HASHES_MATCH
[NX v22.6.2 Daemon Client] - 2026-04-02T05:17:24.923Z - [Messenger] Message sent
[NX v22.6.2 Daemon Server] - 2026-04-02T05:17:24.924Z - Received raw message of length 204
[NX v22.6.2 Daemon Server] - 2026-04-02T05:17:24.924Z - Received json message of type OUTPUTS_HASHES_MATCH
[NX v22.6.2 Daemon Server] - 2026-04-02T05:17:24.926Z - Serializing response for OUTPUTS_HASHES_MATCH message in json mode
[NX v22.6.2 Daemon Server] - 2026-04-02T05:17:24.927Z - Responding to OUTPUTS_HASHES_MATCH message
[NX v22.6.2 Daemon Server] - 2026-04-02T05:17:24.927Z - [REQUEST]: Responding to the client. outputsHashesMatch
[NX v22.6.2 Daemon Server] - 2026-04-02T05:17:24.927Z - Done responding to the client outputsHashesMatch
[NX v22.6.2 Daemon Server] - 2026-04-02T05:17:24.927Z - Handled json message OUTPUTS_HASHES_MATCH. Handling time: 2. Response time: 1.
[NX v22.6.2 Daemon Client] - 2026-04-02T05:17:24.927Z - [Messenger] Received message, length: 4
[NX v22.6.2 Daemon Client] - 2026-04-02T05:17:24.927Z - [Messenger] Sending message type: RECORD_OUTPUTS_HASH
[NX v22.6.2 Daemon Client] - 2026-04-02T05:17:24.927Z - [Messenger] Message sent
[NX v22.6.2 Daemon Server] - 2026-04-02T05:17:24.927Z - Received raw message of length 203
[NX v22.6.2 Daemon Server] - 2026-04-02T05:17:24.927Z - Received json message of type RECORD_OUTPUTS_HASH
[NX v22.6.2 Daemon Server] - 2026-04-02T05:17:24.929Z - Serializing response for RECORD_OUTPUTS_HASH message in json mode
[NX v22.6.2 Daemon Server] - 2026-04-02T05:17:24.929Z - Responding to RECORD_OUTPUTS_HASH message
[NX v22.6.2 Daemon Server] - 2026-04-02T05:17:24.929Z - [REQUEST]: Responding to the client. recordOutputsHash
[NX v22.6.2 Daemon Server] - 2026-04-02T05:17:24.929Z - Done responding to the client recordOutputsHash
[NX v22.6.2 Daemon Server] - 2026-04-02T05:17:24.929Z - Handled json message RECORD_OUTPUTS_HASH. Handling time: 2. Response time: 0.
[NX v22.6.2 Daemon Client] - 2026-04-02T05:17:24.929Z - [Messenger] Received message, length: 2
[NX v22.6.2 Daemon Client] - 2026-04-02T05:17:24.931Z - [Messenger] Sending message type: OUTPUTS_HASHES_MATCH
[NX v22.6.2 Daemon Client] - 2026-04-02T05:17:24.931Z - [Messenger] Message sent
[NX v22.6.2 Daemon Server] - 2026-04-02T05:17:24.931Z - Received raw message of length 236
[NX v22.6.2 Daemon Server] - 2026-04-02T05:17:24.931Z - Received json message of type OUTPUTS_HASHES_MATCH
[NX v22.6.2 Daemon Server] - 2026-04-02T05:17:24.934Z - Serializing response for OUTPUTS_HASHES_MATCH message in json mode
[NX v22.6.2 Daemon Server] - 2026-04-02T05:17:24.934Z - Responding to OUTPUTS_HASHES_MATCH message
[NX v22.6.2 Daemon Server] - 2026-04-02T05:17:24.934Z - [REQUEST]: Responding to the client. outputsHashesMatch
[NX v22.6.2 Daemon Server] - 2026-04-02T05:17:24.934Z - Done responding to the client outputsHashesMatch
[NX v22.6.2 Daemon Server] - 2026-04-02T05:17:24.934Z - Handled json message OUTPUTS_HASHES_MATCH. Handling time: 3. Response time: 0.
[NX v22.6.2 Daemon Client] - 2026-04-02T05:17:24.934Z - [Messenger] Received message, length: 4
[NX v22.6.2 Daemon Client] - 2026-04-02T05:17:24.934Z - [Messenger] Sending message type: OUTPUTS_HASHES_MATCH
[NX v22.6.2 Daemon Server] - 2026-04-02T05:17:24.934Z - Received raw message of length 233
[NX v22.6.2 Daemon Client] - 2026-04-02T05:17:24.934Z - [Messenger] Message sent
[NX v22.6.2 Daemon Server] - 2026-04-02T05:17:24.934Z - Received json message of type OUTPUTS_HASHES_MATCH
[NX v22.6.2 Daemon Server] - 2026-04-02T05:17:24.937Z - Serializing response for OUTPUTS_HASHES_MATCH message in json mode
[NX v22.6.2 Daemon Server] - 2026-04-02T05:17:24.937Z - Responding to OUTPUTS_HASHES_MATCH message
[NX v22.6.2 Daemon Server] - 2026-04-02T05:17:24.937Z - [REQUEST]: Responding to the client. outputsHashesMatch
[NX v22.6.2 Daemon Server] - 2026-04-02T05:17:24.937Z - Done responding to the client outputsHashesMatch
[NX v22.6.2 Daemon Server] - 2026-04-02T05:17:24.937Z - Handled json message OUTPUTS_HASHES_MATCH. Handling time: 3. Response time: 0.
[NX v22.6.2 Daemon Client] - 2026-04-02T05:17:24.937Z - [Messenger] Received message, length: 4
[NX v22.6.2 Daemon Client] - 2026-04-02T05:17:24.937Z - [Messenger] Sending message type: RECORD_OUTPUTS_HASH
[NX v22.6.2 Daemon Server] - 2026-04-02T05:17:24.937Z - Received raw message of length 235
[NX v22.6.2 Daemon Client] - 2026-04-02T05:17:24.937Z - [Messenger] Message sent
[NX v22.6.2 Daemon Server] - 2026-04-02T05:17:24.938Z - Received json message of type RECORD_OUTPUTS_HASH
[NX v22.6.2 Daemon Server] - 2026-04-02T05:17:24.939Z - Serializing response for RECORD_OUTPUTS_HASH message in json mode
[NX v22.6.2 Daemon Server] - 2026-04-02T05:17:24.940Z - Responding to RECORD_OUTPUTS_HASH message
[NX v22.6.2 Daemon Server] - 2026-04-02T05:17:24.940Z - [REQUEST]: Responding to the client. recordOutputsHash
[NX v22.6.2 Daemon Server] - 2026-04-02T05:17:24.940Z - Done responding to the client recordOutputsHash
[NX v22.6.2 Daemon Server] - 2026-04-02T05:17:24.940Z - Handled json message RECORD_OUTPUTS_HASH. Handling time: 1. Response time: 1.
[NX v22.6.2 Daemon Client] - 2026-04-02T05:17:24.940Z - [Messenger] Received message, length: 2
[NX v22.6.2 Daemon Client] - 2026-04-02T05:17:24.940Z - [Messenger] Sending message type: RECORD_OUTPUTS_HASH
[NX v22.6.2 Daemon Client] - 2026-04-02T05:17:24.940Z - [Messenger] Message sent
[NX v22.6.2 Daemon Server] - 2026-04-02T05:17:24.940Z - Received raw message of length 232
[NX v22.6.2 Daemon Server] - 2026-04-02T05:17:24.940Z - Received json message of type RECORD_OUTPUTS_HASH
[NX v22.6.2 Daemon Server] - 2026-04-02T05:17:24.943Z - Serializing response for RECORD_OUTPUTS_HASH message in json mode
[NX v22.6.2 Daemon Server] - 2026-04-02T05:17:24.943Z - Responding to RECORD_OUTPUTS_HASH message
[NX v22.6.2 Daemon Server] - 2026-04-02T05:17:24.943Z - [REQUEST]: Responding to the client. recordOutputsHash
[NX v22.6.2 Daemon Server] - 2026-04-02T05:17:24.943Z - Done responding to the client recordOutputsHash
[NX v22.6.2 Daemon Server] - 2026-04-02T05:17:24.943Z - Handled json message RECORD_OUTPUTS_HASH. Handling time: 3. Response time: 0.
[NX v22.6.2 Daemon Client] - 2026-04-02T05:17:24.943Z - [Messenger] Received message, length: 2
[NX v22.6.2 Daemon Client] - 2026-04-02T05:17:24.945Z - [Messenger] Sending message type: OUTPUTS_HASHES_MATCH
[NX v22.6.2 Daemon Client] - 2026-04-02T05:17:24.945Z - [Messenger] Message sent
[NX v22.6.2 Daemon Server] - 2026-04-02T05:17:24.945Z - Received raw message of length 196
[NX v22.6.2 Daemon Server] - 2026-04-02T05:17:24.945Z - Received json message of type OUTPUTS_HASHES_MATCH
[NX v22.6.2 Daemon Server] - 2026-04-02T05:17:24.949Z - Serializing response for OUTPUTS_HASHES_MATCH message in json mode
[NX v22.6.2 Daemon Server] - 2026-04-02T05:17:24.949Z - Responding to OUTPUTS_HASHES_MATCH message
[NX v22.6.2 Daemon Server] - 2026-04-02T05:17:24.949Z - [REQUEST]: Responding to the client. outputsHashesMatch
[NX v22.6.2 Daemon Server] - 2026-04-02T05:17:24.949Z - Done responding to the client outputsHashesMatch
[NX v22.6.2 Daemon Server] - 2026-04-02T05:17:24.949Z - Handled json message OUTPUTS_HASHES_MATCH. Handling time: 4. Response time: 0.
[NX v22.6.2 Daemon Client] - 2026-04-02T05:17:24.949Z - [Messenger] Received message, length: 4
[NX v22.6.2 Daemon Client] - 2026-04-02T05:17:24.949Z - [Messenger] Sending message type: OUTPUTS_HASHES_MATCH
[NX v22.6.2 Daemon Client] - 2026-04-02T05:17:24.949Z - [Messenger] Message sent
[NX v22.6.2 Daemon Server] - 2026-04-02T05:17:24.949Z - Received raw message of length 184
[NX v22.6.2 Daemon Server] - 2026-04-02T05:17:24.949Z - Received json message of type OUTPUTS_HASHES_MATCH
[NX v22.6.2 Daemon Server] - 2026-04-02T05:17:24.953Z - Serializing response for OUTPUTS_HASHES_MATCH message in json mode
[NX v22.6.2 Daemon Server] - 2026-04-02T05:17:24.954Z - Responding to OUTPUTS_HASHES_MATCH message
[NX v22.6.2 Daemon Server] - 2026-04-02T05:17:24.954Z - [REQUEST]: Responding to the client. outputsHashesMatch
[NX v22.6.2 Daemon Server] - 2026-04-02T05:17:24.954Z - Done responding to the client outputsHashesMatch
[NX v22.6.2 Daemon Server] - 2026-04-02T05:17:24.954Z - Handled json message OUTPUTS_HASHES_MATCH. Handling time: 4. Response time: 1.
[NX v22.6.2 Daemon Client] - 2026-04-02T05:17:24.954Z - [Messenger] Received message, length: 4
[NX v22.6.2 Daemon Client] - 2026-04-02T05:17:24.954Z - [Messenger] Sending message type: RECORD_OUTPUTS_HASH
[NX v22.6.2 Daemon Client] - 2026-04-02T05:17:24.954Z - [Messenger] Message sent
[NX v22.6.2 Daemon Server] - 2026-04-02T05:17:24.954Z - Received raw message of length 195
[NX v22.6.2 Daemon Server] - 2026-04-02T05:17:24.954Z - Received json message of type RECORD_OUTPUTS_HASH
[NX v22.6.2 Daemon Server] - 2026-04-02T05:17:24.959Z - Serializing response for RECORD_OUTPUTS_HASH message in json mode
[NX v22.6.2 Daemon Server] - 2026-04-02T05:17:24.959Z - Responding to RECORD_OUTPUTS_HASH message
[NX v22.6.2 Daemon Server] - 2026-04-02T05:17:24.959Z - [REQUEST]: Responding to the client. recordOutputsHash
[NX v22.6.2 Daemon Server] - 2026-04-02T05:17:24.959Z - Done responding to the client recordOutputsHash
[NX v22.6.2 Daemon Server] - 2026-04-02T05:17:24.959Z - Handled json message RECORD_OUTPUTS_HASH. Handling time: 5. Response time: 0.
[NX v22.6.2 Daemon Client] - 2026-04-02T05:17:24.959Z - [Messenger] Received message, length: 2
[NX v22.6.2 Daemon Client] - 2026-04-02T05:17:24.959Z - [Messenger] Sending message type: RECORD_OUTPUTS_HASH
[NX v22.6.2 Daemon Client] - 2026-04-02T05:17:24.959Z - [Messenger] Message sent
[NX v22.6.2 Daemon Server] - 2026-04-02T05:17:24.959Z - Received raw message of length 183
[NX v22.6.2 Daemon Server] - 2026-04-02T05:17:24.959Z - Received json message of type RECORD_OUTPUTS_HASH
[NX v22.6.2 Daemon Server] - 2026-04-02T05:17:24.965Z - Serializing response for RECORD_OUTPUTS_HASH message in json mode
[NX v22.6.2 Daemon Server] - 2026-04-02T05:17:24.965Z - Responding to RECORD_OUTPUTS_HASH message
[NX v22.6.2 Daemon Server] - 2026-04-02T05:17:24.965Z - [REQUEST]: Responding to the client. recordOutputsHash
[NX v22.6.2 Daemon Server] - 2026-04-02T05:17:24.965Z - Done responding to the client recordOutputsHash
[NX v22.6.2 Daemon Server] - 2026-04-02T05:17:24.965Z - Handled json message RECORD_OUTPUTS_HASH. Handling time: 6. Response time: 0.
[NX v22.6.2 Daemon Client] - 2026-04-02T05:17:24.965Z - [Messenger] Received message, length: 2
[NX v22.6.2 Daemon Client] - 2026-04-02T05:17:24.966Z - [Messenger] Sending message type: RECORD_TASK_RUNS
[NX v22.6.2 Daemon Client] - 2026-04-02T05:17:24.966Z - [Messenger] Message sent
[NX v22.6.2 Daemon Server] - 2026-04-02T05:17:24.966Z - Received raw message of length 2585
[NX v22.6.2 Daemon Server] - 2026-04-02T05:17:24.966Z - Received json message of type RECORD_TASK_RUNS
[NX v22.6.2 Daemon Server] - 2026-04-02T05:17:24.967Z - Serializing response for RECORD_TASK_RUNS message in json mode
[NX v22.6.2 Daemon Server] - 2026-04-02T05:17:24.967Z - Responding to RECORD_TASK_RUNS message
[NX v22.6.2 Daemon Server] - 2026-04-02T05:17:24.967Z - [REQUEST]: Responding to the client. handleRecordTaskRuns
[NX v22.6.2 Daemon Server] - 2026-04-02T05:17:24.967Z - Done responding to the client handleRecordTaskRuns
[NX v22.6.2 Daemon Server] - 2026-04-02T05:17:24.967Z - Handled json message RECORD_TASK_RUNS. Handling time: 1. Response time: 0.
[NX v22.6.2 Daemon Client] - 2026-04-02T05:17:24.967Z - [Messenger] Received message, length: 4
[NX v22.6.2 Daemon Client] - 2026-04-02T05:17:24.967Z - [Messenger] Sending message type: GET_FLAKY_TASKS
[NX v22.6.2 Daemon Client] - 2026-04-02T05:17:24.967Z - [Messenger] Message sent
[NX v22.6.2 Daemon Server] - 2026-04-02T05:17:24.967Z - Received raw message of length 327
[NX v22.6.2 Daemon Server] - 2026-04-02T05:17:24.967Z - Received json message of type GET_FLAKY_TASKS
[NX v22.6.2 Daemon Server] - 2026-04-02T05:17:24.968Z - Serializing response for GET_FLAKY_TASKS message in json mode
[NX v22.6.2 Daemon Server] - 2026-04-02T05:17:24.968Z - Responding to GET_FLAKY_TASKS message
[NX v22.6.2 Daemon Server] - 2026-04-02T05:17:24.968Z - [REQUEST]: Responding to the client. handleGetFlakyTasks
[NX v22.6.2 Daemon Server] - 2026-04-02T05:17:24.968Z - Done responding to the client handleGetFlakyTasks
[NX v22.6.2 Daemon Server] - 2026-04-02T05:17:24.968Z - Handled json message GET_FLAKY_TASKS. Handling time: 1. Response time: 0.
[NX v22.6.2 Daemon Client] - 2026-04-02T05:17:24.968Z - [Messenger] Received message, length: 2
[NX v22.6.2 Daemon Server] - 2026-04-02T05:17:28.011Z - Established a connection. Number of open connections: 2
[NX v22.6.2 Daemon Client] - 2026-04-02T05:17:28.011Z - [Messenger] Sending message type: GET_CONFIGURE_AI_AGENTS_STATUS
[NX v22.6.2 Daemon Server] - 2026-04-02T05:17:28.011Z - Closed a connection. Number of open connections: 1
[NX v22.6.2 Daemon Client] - 2026-04-02T05:17:28.011Z - [Messenger] Message sent
[NX v22.6.2 Daemon Server] - 2026-04-02T05:17:28.011Z - Received raw message of length 41
[NX v22.6.2 Daemon Server] - 2026-04-02T05:17:28.011Z - Received json message of type GET_CONFIGURE_AI_AGENTS_STATUS
[NX v22.6.2 Daemon Server] - 2026-04-02T05:17:28.011Z - [AI-AGENTS]: Returning cached agent configuration status
[NX v22.6.2 Daemon Server] - 2026-04-02T05:17:28.011Z - Serializing response for GET_CONFIGURE_AI_AGENTS_STATUS message in json mode
[NX v22.6.2 Daemon Server] - 2026-04-02T05:17:28.011Z - Responding to GET_CONFIGURE_AI_AGENTS_STATUS message
[NX v22.6.2 Daemon Server] - 2026-04-02T05:17:28.011Z - [REQUEST]: Responding to the client. handleGetConfigureAiAgentsStatus
[NX v22.6.2 Daemon Server] - 2026-04-02T05:17:28.011Z - Done responding to the client handleGetConfigureAiAgentsStatus
[NX v22.6.2 Daemon Server] - 2026-04-02T05:17:28.011Z - Handled json message GET_CONFIGURE_AI_AGENTS_STATUS. Handling time: 0. Response time: 0.
[NX v22.6.2 Daemon Client] - 2026-04-02T05:17:28.011Z - [Messenger] Received message, length: 342
[NX v22.6.2 Daemon Client] - 2026-04-02T05:17:28.211Z - [Messenger] Sending message type: POST_TASKS_EXECUTION
[NX v22.6.2 Daemon Client] - 2026-04-02T05:17:28.213Z - [Messenger] Message sent
[NX v22.6.2 Daemon Server] - 2026-04-02T05:17:28.214Z - Received raw message of length 472947
[NX v22.6.2 Daemon Server] - 2026-04-02T05:17:28.216Z - Received json message of type POST_TASKS_EXECUTION
[NX v22.6.2 Daemon Server] - 2026-04-02T05:17:28.216Z - Serializing response for POST_TASKS_EXECUTION message in json mode
[NX v22.6.2 Daemon Server] - 2026-04-02T05:17:28.216Z - Responding to POST_TASKS_EXECUTION message
[NX v22.6.2 Daemon Server] - 2026-04-02T05:17:28.216Z - [REQUEST]: Responding to the client. handleRunPostTasksExecution
[NX v22.6.2 Daemon Server] - 2026-04-02T05:17:28.216Z - Done responding to the client handleRunPostTasksExecution
[NX v22.6.2 Daemon Server] - 2026-04-02T05:17:28.216Z - Handled json message POST_TASKS_EXECUTION. Handling time: 0. Response time: 0.
[NX v22.6.2 Daemon Server] - 2026-04-02T05:17:28.216Z - Time taken for 'postTasksExecution' 0.17587499995715916ms
[NX v22.6.2 Daemon Client] - 2026-04-02T05:17:28.216Z - [Messenger] Received message, length: 4
[NX v22.6.2 Daemon Server] - 2026-04-02T05:17:28.226Z - Closed a connection. Number of open connections: 0
[NX v22.6.2 Daemon Server] - 2026-04-02T05:17:28.905Z - [WATCHER]: Processing file changes in outputs
[NX v22.6.2 Daemon Server] - 2026-04-02T05:29:58.830Z - Established a connection. Number of open connections: 1
[NX v22.6.2 Daemon Server] - 2026-04-02T05:29:58.831Z - Established a connection. Number of open connections: 2
[NX v22.6.2 Daemon Server] - 2026-04-02T05:29:58.832Z - Closed a connection. Number of open connections: 1
[NX v22.6.2 Daemon Client] - 2026-04-02T05:29:58.831Z - [Messenger] Setting up socket listeners
[NX v22.6.2 Daemon Server] - 2026-04-02T05:29:58.832Z - Established a connection. Number of open connections: 2
[NX v22.6.2 Daemon Server] - 2026-04-02T05:29:58.832Z - Closed a connection. Number of open connections: 1
[NX v22.6.2 Daemon Client] - 2026-04-02T05:29:58.832Z - [Messenger] listen() complete
[NX v22.6.2 Daemon Client] - 2026-04-02T05:29:58.833Z - [Messenger] Sending message type: GET_NX_CONSOLE_STATUS
[NX v22.6.2 Daemon Client] - 2026-04-02T05:29:58.834Z - [Messenger] Message sent
[NX v22.6.2 Daemon Server] - 2026-04-02T05:29:58.843Z - Received raw message of length 32
[NX v22.6.2 Daemon Server] - 2026-04-02T05:29:58.843Z - Received json message of type GET_NX_CONSOLE_STATUS
[NX v22.6.2 Daemon Server] - 2026-04-02T05:29:58.844Z - Serializing response for GET_NX_CONSOLE_STATUS message in json mode
[NX v22.6.2 Daemon Server] - 2026-04-02T05:29:58.844Z - Responding to GET_NX_CONSOLE_STATUS message
[NX v22.6.2 Daemon Server] - 2026-04-02T05:29:58.844Z - [REQUEST]: Responding to the client. handleGetNxConsoleStatus
[NX v22.6.2 Daemon Server] - 2026-04-02T05:29:58.844Z - Done responding to the client handleGetNxConsoleStatus
[NX v22.6.2 Daemon Server] - 2026-04-02T05:29:58.844Z - Handled json message GET_NX_CONSOLE_STATUS. Handling time: 1. Response time: 0.
[NX v22.6.2 Daemon Client] - 2026-04-02T05:29:58.844Z - [Messenger] Received message, length: 22
[NX v22.6.2 Daemon Client] - 2026-04-02T05:29:58.898Z - [Messenger] Sending message type: REQUEST_PROJECT_GRAPH
[NX v22.6.2 Daemon Client] - 2026-04-02T05:29:58.898Z - [Messenger] Message sent
[NX v22.6.2 Daemon Server] - 2026-04-02T05:29:58.898Z - Received raw message of length 32
[NX v22.6.2 Daemon Server] - 2026-04-02T05:29:58.898Z - Received json message of type REQUEST_PROJECT_GRAPH
[NX v22.6.2 Daemon Server] - 2026-04-02T05:29:58.898Z - [REQUEST]: Client Request for Project Graph Received
[NX v22.6.2 Daemon Server] - 2026-04-02T05:29:58.899Z - Reusing in-memory cached project graph because no files changed.
[NX v22.6.2 Daemon Server] - 2026-04-02T05:29:58.899Z - Serializing response for REQUEST_PROJECT_GRAPH message in json mode
[NX v22.6.2 Daemon Server] - 2026-04-02T05:29:58.899Z - Responding to REQUEST_PROJECT_GRAPH message
[NX v22.6.2 Daemon Server] - 2026-04-02T05:29:58.899Z - [REQUEST]: Responding to the client. project-graph
[NX v22.6.2 Daemon Server] - 2026-04-02T05:29:58.902Z - Time taken for 'total for creating and serializing project graph' 0.6296250000596046ms
[NX v22.6.2 Daemon Server] - 2026-04-02T05:29:58.904Z - Done responding to the client project-graph
[NX v22.6.2 Daemon Server] - 2026-04-02T05:29:58.904Z - Handled json message REQUEST_PROJECT_GRAPH. Handling time: 1. Response time: 5.
[NX v22.6.2 Daemon Client] - 2026-04-02T05:29:58.905Z - [Messenger] Received message, length: 1251133
[NX v22.6.2 Daemon Client] - 2026-04-02T05:29:58.911Z - [Messenger] Sending message type: PRE_TASKS_EXECUTION
[NX v22.6.2 Daemon Client] - 2026-04-02T05:29:58.911Z - [Messenger] Message sent
[NX v22.6.2 Daemon Server] - 2026-04-02T05:29:58.911Z - Received raw message of length 743
[NX v22.6.2 Daemon Server] - 2026-04-02T05:29:58.912Z - Received json message of type PRE_TASKS_EXECUTION
[NX v22.6.2 Daemon Server] - 2026-04-02T05:29:58.912Z - Serializing response for PRE_TASKS_EXECUTION message in json mode
[NX v22.6.2 Daemon Server] - 2026-04-02T05:29:58.912Z - Responding to PRE_TASKS_EXECUTION message
[NX v22.6.2 Daemon Server] - 2026-04-02T05:29:58.912Z - [REQUEST]: Responding to the client. handleRunPreTasksExecution
[NX v22.6.2 Daemon Server] - 2026-04-02T05:29:58.912Z - Done responding to the client handleRunPreTasksExecution
[NX v22.6.2 Daemon Server] - 2026-04-02T05:29:58.912Z - Handled json message PRE_TASKS_EXECUTION. Handling time: 0. Response time: 0.
[NX v22.6.2 Daemon Server] - 2026-04-02T05:29:58.912Z - Time taken for 'preTasksExecution' 0.1656250001396984ms
[NX v22.6.2 Daemon Client] - 2026-04-02T05:29:58.912Z - [Messenger] Received message, length: 2
[NX v22.6.2 Daemon Client] - 2026-04-02T05:29:58.964Z - [Messenger] Sending message type: HASH_TASKS
[NX v22.6.2 Daemon Client] - 2026-04-02T05:29:58.965Z - [Messenger] Message sent
[NX v22.6.2 Daemon Server] - 2026-04-02T05:29:58.966Z - Received raw message of length 21648
[NX v22.6.2 Daemon Server] - 2026-04-02T05:29:58.967Z - Received json message of type HASH_TASKS
[NX v22.6.2 Daemon Server] - 2026-04-02T05:29:58.967Z - Reusing in-memory cached project graph because no files changed.
DEBUG nx::native::tasks::hash_planner: get_plans_internal COMPLETED in 12.931125ms - processed 13 tasks (setup: 5.238709ms, parallel_planning: 7.688875ms)
DEBUG nx::native::tasks::hashers::hash_workspace_files: Hashing workspace fileset with inputs: Adding "11270979969866030128" (".gitignore") to hash
DEBUG nx::native::tasks::hashers::hash_workspace_files: Hashing workspace fileset with inputs: Adding "11270979969866030128" (".gitignore") to hash
DEBUG nx::native::tasks::hashers::hash_workspace_files: Hashing workspace fileset with inputs: Adding "11270979969866030128" (".gitignore") to hash
DEBUG nx::native::tasks::hashers::hash_workspace_files: Hashing workspace fileset with inputs: Adding "11270979969866030128" (".gitignore") to hash
DEBUG nx::native::tasks::hashers::hash_workspace_files: Hashing workspace fileset with inputs: Adding "11270979969866030128" (".gitignore") to hash
DEBUG nx::native::tasks::hashers::hash_workspace_files: Hashing workspace fileset with inputs: Adding "11270979969866030128" (".gitignore") to hash
DEBUG nx::native::tasks::hashers::hash_workspace_files: Hashing workspace fileset with inputs: Adding "11270979969866030128" (".gitignore") to hash
DEBUG nx::native::tasks::hashers::hash_workspace_files: Hashing workspace fileset with inputs: Adding "11270979969866030128" (".gitignore") to hash
DEBUG nx::native::tasks::hashers::hash_workspace_files: Hashing workspace fileset with inputs: Adding "3553820021084211887" ("nx.json") to hash
DEBUG nx::native::tasks::hashers::hash_workspace_files: Hashing workspace fileset with inputs: Hash Value: "10665259820010788507"
DEBUG nx::native::tasks::hashers::hash_workspace_files: Hashing workspace fileset with inputs: Adding "3553820021084211887" ("nx.json") to hash
DEBUG nx::native::tasks::hashers::hash_workspace_files: Hashing workspace fileset with inputs: Hash Value: "10665259820010788507"
DEBUG nx::native::tasks::hashers::hash_workspace_files: Hashing workspace fileset with inputs: Adding "3553820021084211887" ("nx.json") to hash
DEBUG nx::native::tasks::hashers::hash_workspace_files: Hashing workspace fileset with inputs: Hash Value: "10665259820010788507"
DEBUG nx::native::tasks::hashers::hash_workspace_files: Hashing workspace fileset with inputs: Adding "3553820021084211887" ("nx.json") to hash
DEBUG nx::native::tasks::hashers::hash_workspace_files: Hashing workspace fileset with inputs: Adding "3553820021084211887" ("nx.json") to hash
DEBUG nx::native::tasks::hashers::hash_workspace_files: Hashing workspace fileset with inputs: Hash Value: "10665259820010788507"
DEBUG nx::native::tasks::hashers::hash_workspace_files: Hashing workspace fileset with inputs: Hash Value: "10665259820010788507"
DEBUG nx::native::tasks::hashers::hash_workspace_files: Hashing workspace fileset with inputs: Adding "3553820021084211887" ("nx.json") to hash
DEBUG nx::native::tasks::hashers::hash_workspace_files: Hashing workspace fileset with inputs: Hash Value: "10665259820010788507"
DEBUG nx::native::tasks::hashers::hash_workspace_files: Hashing workspace fileset with inputs: Adding "3553820021084211887" ("nx.json") to hash
DEBUG nx::native::tasks::hashers::hash_workspace_files: Hashing workspace fileset with inputs: Hash Value: "10665259820010788507"
DEBUG nx::native::tasks::hashers::hash_workspace_files: Hashing workspace fileset with inputs: Adding "3553820021084211887" ("nx.json") to hash
DEBUG nx::native::tasks::hashers::hash_workspace_files: Hashing workspace fileset with inputs: Hash Value: "10665259820010788507"
DEBUG nx::native::tasks::task_hasher: hash_plans COMPLETED in 48.7985ms - processed 13 plans (setup: 1.025334ms, hashing: 47.771375ms, assembly: 6.863209ms)
[NX v22.6.2 Daemon Server] - 2026-04-02T05:29:59.035Z - Serializing response for HASH_TASKS message in json mode
[NX v22.6.2 Daemon Server] - 2026-04-02T05:29:59.036Z - Responding to HASH_TASKS message
[NX v22.6.2 Daemon Server] - 2026-04-02T05:29:59.036Z - [REQUEST]: Responding to the client. handleHashTasks
[NX v22.6.2 Daemon Server] - 2026-04-02T05:29:59.039Z - Done responding to the client handleHashTasks
[NX v22.6.2 Daemon Server] - 2026-04-02T05:29:59.039Z - Handled json message HASH_TASKS. Handling time: 68. Response time: 4.
[NX v22.6.2 Daemon Client] - 2026-04-02T05:29:59.039Z - [Messenger] Received message, length: 466568
[NX v22.6.2 Daemon Client] - 2026-04-02T05:29:59.088Z - [Messenger] Sending message type: GET_ESTIMATED_TASK_TIMINGS
[NX v22.6.2 Daemon Client] - 2026-04-02T05:29:59.088Z - [Messenger] Message sent
[NX v22.6.2 Daemon Server] - 2026-04-02T05:29:59.088Z - Received raw message of length 705
[NX v22.6.2 Daemon Server] - 2026-04-02T05:29:59.088Z - Received json message of type GET_ESTIMATED_TASK_TIMINGS
[NX v22.6.2 Daemon Server] - 2026-04-02T05:29:59.089Z - Serializing response for GET_ESTIMATED_TASK_TIMINGS message in json mode
[NX v22.6.2 Daemon Server] - 2026-04-02T05:29:59.089Z - Responding to GET_ESTIMATED_TASK_TIMINGS message
[NX v22.6.2 Daemon Server] - 2026-04-02T05:29:59.089Z - [REQUEST]: Responding to the client. handleGetEstimatedTaskTimings
[NX v22.6.2 Daemon Server] - 2026-04-02T05:29:59.089Z - Done responding to the client handleGetEstimatedTaskTimings
[NX v22.6.2 Daemon Server] - 2026-04-02T05:29:59.089Z - Handled json message GET_ESTIMATED_TASK_TIMINGS. Handling time: 1. Response time: 0.
[NX v22.6.2 Daemon Client] - 2026-04-02T05:29:59.089Z - [Messenger] Received message, length: 425
[NX v22.6.2 Daemon Client] - 2026-04-02T05:29:59.093Z - [Messenger] Sending message type: OUTPUTS_HASHES_MATCH
[NX v22.6.2 Daemon Client] - 2026-04-02T05:29:59.093Z - [Messenger] Message sent
[NX v22.6.2 Daemon Server] - 2026-04-02T05:29:59.093Z - Received raw message of length 237
[NX v22.6.2 Daemon Server] - 2026-04-02T05:29:59.093Z - Received json message of type OUTPUTS_HASHES_MATCH
[NX v22.6.2 Daemon Server] - 2026-04-02T05:29:59.095Z - Serializing response for OUTPUTS_HASHES_MATCH message in json mode
[NX v22.6.2 Daemon Server] - 2026-04-02T05:29:59.095Z - Responding to OUTPUTS_HASHES_MATCH message
[NX v22.6.2 Daemon Server] - 2026-04-02T05:29:59.095Z - [REQUEST]: Responding to the client. outputsHashesMatch
[NX v22.6.2 Daemon Server] - 2026-04-02T05:29:59.096Z - Done responding to the client outputsHashesMatch
[NX v22.6.2 Daemon Server] - 2026-04-02T05:29:59.096Z - Handled json message OUTPUTS_HASHES_MATCH. Handling time: 2. Response time: 1.
[NX v22.6.2 Daemon Client] - 2026-04-02T05:29:59.096Z - [Messenger] Received message, length: 4
[NX v22.6.2 Daemon Client] - 2026-04-02T05:29:59.096Z - [Messenger] Sending message type: OUTPUTS_HASHES_MATCH
[NX v22.6.2 Daemon Server] - 2026-04-02T05:29:59.096Z - Received raw message of length 244
[NX v22.6.2 Daemon Client] - 2026-04-02T05:29:59.096Z - [Messenger] Message sent
[NX v22.6.2 Daemon Server] - 2026-04-02T05:29:59.096Z - Received json message of type OUTPUTS_HASHES_MATCH
[NX v22.6.2 Daemon Server] - 2026-04-02T05:29:59.099Z - Serializing response for OUTPUTS_HASHES_MATCH message in json mode
[NX v22.6.2 Daemon Server] - 2026-04-02T05:29:59.099Z - Responding to OUTPUTS_HASHES_MATCH message
[NX v22.6.2 Daemon Server] - 2026-04-02T05:29:59.099Z - [REQUEST]: Responding to the client. outputsHashesMatch
[NX v22.6.2 Daemon Server] - 2026-04-02T05:29:59.099Z - Done responding to the client outputsHashesMatch
[NX v22.6.2 Daemon Server] - 2026-04-02T05:29:59.099Z - Handled json message OUTPUTS_HASHES_MATCH. Handling time: 3. Response time: 0.
[NX v22.6.2 Daemon Client] - 2026-04-02T05:29:59.099Z - [Messenger] Received message, length: 4
[NX v22.6.2 Daemon Client] - 2026-04-02T05:29:59.099Z - [Messenger] Sending message type: RECORD_OUTPUTS_HASH
[NX v22.6.2 Daemon Client] - 2026-04-02T05:29:59.099Z - [Messenger] Message sent
[NX v22.6.2 Daemon Server] - 2026-04-02T05:29:59.100Z - Received raw message of length 236
[NX v22.6.2 Daemon Server] - 2026-04-02T05:29:59.100Z - Received json message of type RECORD_OUTPUTS_HASH
[NX v22.6.2 Daemon Server] - 2026-04-02T05:29:59.103Z - Serializing response for RECORD_OUTPUTS_HASH message in json mode
[NX v22.6.2 Daemon Server] - 2026-04-02T05:29:59.103Z - Responding to RECORD_OUTPUTS_HASH message
[NX v22.6.2 Daemon Server] - 2026-04-02T05:29:59.103Z - [REQUEST]: Responding to the client. recordOutputsHash
[NX v22.6.2 Daemon Server] - 2026-04-02T05:29:59.103Z - Done responding to the client recordOutputsHash
[NX v22.6.2 Daemon Server] - 2026-04-02T05:29:59.103Z - Handled json message RECORD_OUTPUTS_HASH. Handling time: 3. Response time: 0.
[NX v22.6.2 Daemon Client] - 2026-04-02T05:29:59.103Z - [Messenger] Received message, length: 2
[NX v22.6.2 Daemon Client] - 2026-04-02T05:29:59.103Z - [Messenger] Sending message type: RECORD_OUTPUTS_HASH
[NX v22.6.2 Daemon Client] - 2026-04-02T05:29:59.103Z - [Messenger] Message sent
[NX v22.6.2 Daemon Server] - 2026-04-02T05:29:59.103Z - Received raw message of length 243
[NX v22.6.2 Daemon Server] - 2026-04-02T05:29:59.103Z - Received json message of type RECORD_OUTPUTS_HASH
[NX v22.6.2 Daemon Server] - 2026-04-02T05:29:59.106Z - Serializing response for RECORD_OUTPUTS_HASH message in json mode
[NX v22.6.2 Daemon Server] - 2026-04-02T05:29:59.106Z - Responding to RECORD_OUTPUTS_HASH message
[NX v22.6.2 Daemon Server] - 2026-04-02T05:29:59.106Z - [REQUEST]: Responding to the client. recordOutputsHash
[NX v22.6.2 Daemon Server] - 2026-04-02T05:29:59.106Z - Done responding to the client recordOutputsHash
[NX v22.6.2 Daemon Server] - 2026-04-02T05:29:59.106Z - Handled json message RECORD_OUTPUTS_HASH. Handling time: 3. Response time: 0.
[NX v22.6.2 Daemon Client] - 2026-04-02T05:29:59.106Z - [Messenger] Received message, length: 2
[NX v22.6.2 Daemon Client] - 2026-04-02T05:29:59.109Z - [Messenger] Sending message type: OUTPUTS_HASHES_MATCH
[NX v22.6.2 Daemon Client] - 2026-04-02T05:29:59.109Z - [Messenger] Message sent
[NX v22.6.2 Daemon Server] - 2026-04-02T05:29:59.109Z - Received raw message of length 245
[NX v22.6.2 Daemon Server] - 2026-04-02T05:29:59.109Z - Received json message of type OUTPUTS_HASHES_MATCH
[NX v22.6.2 Daemon Server] - 2026-04-02T05:29:59.111Z - Serializing response for OUTPUTS_HASHES_MATCH message in json mode
[NX v22.6.2 Daemon Server] - 2026-04-02T05:29:59.111Z - Responding to OUTPUTS_HASHES_MATCH message
[NX v22.6.2 Daemon Server] - 2026-04-02T05:29:59.111Z - [REQUEST]: Responding to the client. outputsHashesMatch
[NX v22.6.2 Daemon Server] - 2026-04-02T05:29:59.111Z - Done responding to the client outputsHashesMatch
[NX v22.6.2 Daemon Server] - 2026-04-02T05:29:59.111Z - Handled json message OUTPUTS_HASHES_MATCH. Handling time: 2. Response time: 0.
[NX v22.6.2 Daemon Client] - 2026-04-02T05:29:59.111Z - [Messenger] Received message, length: 4
[NX v22.6.2 Daemon Client] - 2026-04-02T05:29:59.111Z - [Messenger] Sending message type: OUTPUTS_HASHES_MATCH
[NX v22.6.2 Daemon Server] - 2026-04-02T05:29:59.111Z - Received raw message of length 208
[NX v22.6.2 Daemon Server] - 2026-04-02T05:29:59.111Z - Received json message of type OUTPUTS_HASHES_MATCH
[NX v22.6.2 Daemon Client] - 2026-04-02T05:29:59.111Z - [Messenger] Message sent
[NX v22.6.2 Daemon Server] - 2026-04-02T05:29:59.114Z - Serializing response for OUTPUTS_HASHES_MATCH message in json mode
[NX v22.6.2 Daemon Server] - 2026-04-02T05:29:59.114Z - Responding to OUTPUTS_HASHES_MATCH message
[NX v22.6.2 Daemon Server] - 2026-04-02T05:29:59.114Z - [REQUEST]: Responding to the client. outputsHashesMatch
[NX v22.6.2 Daemon Server] - 2026-04-02T05:29:59.114Z - Done responding to the client outputsHashesMatch
[NX v22.6.2 Daemon Server] - 2026-04-02T05:29:59.114Z - Handled json message OUTPUTS_HASHES_MATCH. Handling time: 3. Response time: 0.
[NX v22.6.2 Daemon Client] - 2026-04-02T05:29:59.114Z - [Messenger] Received message, length: 4
[NX v22.6.2 Daemon Client] - 2026-04-02T05:29:59.114Z - [Messenger] Sending message type: RECORD_OUTPUTS_HASH
[NX v22.6.2 Daemon Client] - 2026-04-02T05:29:59.114Z - [Messenger] Message sent
[NX v22.6.2 Daemon Server] - 2026-04-02T05:29:59.114Z - Received raw message of length 244
[NX v22.6.2 Daemon Server] - 2026-04-02T05:29:59.114Z - Received json message of type RECORD_OUTPUTS_HASH
[NX v22.6.2 Daemon Server] - 2026-04-02T05:29:59.116Z - Serializing response for RECORD_OUTPUTS_HASH message in json mode
[NX v22.6.2 Daemon Server] - 2026-04-02T05:29:59.116Z - Responding to RECORD_OUTPUTS_HASH message
[NX v22.6.2 Daemon Server] - 2026-04-02T05:29:59.116Z - [REQUEST]: Responding to the client. recordOutputsHash
[NX v22.6.2 Daemon Server] - 2026-04-02T05:29:59.116Z - Done responding to the client recordOutputsHash
[NX v22.6.2 Daemon Server] - 2026-04-02T05:29:59.116Z - Handled json message RECORD_OUTPUTS_HASH. Handling time: 2. Response time: 0.
[NX v22.6.2 Daemon Client] - 2026-04-02T05:29:59.116Z - [Messenger] Received message, length: 2
[NX v22.6.2 Daemon Client] - 2026-04-02T05:29:59.116Z - [Messenger] Sending message type: RECORD_OUTPUTS_HASH
[NX v22.6.2 Daemon Client] - 2026-04-02T05:29:59.117Z - [Messenger] Message sent
[NX v22.6.2 Daemon Server] - 2026-04-02T05:29:59.117Z - Received raw message of length 207
[NX v22.6.2 Daemon Server] - 2026-04-02T05:29:59.117Z - Received json message of type RECORD_OUTPUTS_HASH
[NX v22.6.2 Daemon Server] - 2026-04-02T05:29:59.119Z - Serializing response for RECORD_OUTPUTS_HASH message in json mode
[NX v22.6.2 Daemon Server] - 2026-04-02T05:29:59.119Z - Responding to RECORD_OUTPUTS_HASH message
[NX v22.6.2 Daemon Server] - 2026-04-02T05:29:59.119Z - [REQUEST]: Responding to the client. recordOutputsHash
[NX v22.6.2 Daemon Server] - 2026-04-02T05:29:59.119Z - Done responding to the client recordOutputsHash
[NX v22.6.2 Daemon Server] - 2026-04-02T05:29:59.119Z - Handled json message RECORD_OUTPUTS_HASH. Handling time: 2. Response time: 0.
[NX v22.6.2 Daemon Client] - 2026-04-02T05:29:59.119Z - [Messenger] Received message, length: 2
[NX v22.6.2 Daemon Client] - 2026-04-02T05:29:59.119Z - [Messenger] Sending message type: OUTPUTS_HASHES_MATCH
[NX v22.6.2 Daemon Client] - 2026-04-02T05:29:59.119Z - [Messenger] Message sent
[NX v22.6.2 Daemon Server] - 2026-04-02T05:29:59.119Z - Received raw message of length 200
[NX v22.6.2 Daemon Server] - 2026-04-02T05:29:59.119Z - Received json message of type OUTPUTS_HASHES_MATCH
[NX v22.6.2 Daemon Server] - 2026-04-02T05:29:59.122Z - Serializing response for OUTPUTS_HASHES_MATCH message in json mode
[NX v22.6.2 Daemon Server] - 2026-04-02T05:29:59.122Z - Responding to OUTPUTS_HASHES_MATCH message
[NX v22.6.2 Daemon Server] - 2026-04-02T05:29:59.122Z - [REQUEST]: Responding to the client. outputsHashesMatch
[NX v22.6.2 Daemon Server] - 2026-04-02T05:29:59.122Z - Done responding to the client outputsHashesMatch
[NX v22.6.2 Daemon Server] - 2026-04-02T05:29:59.122Z - Handled json message OUTPUTS_HASHES_MATCH. Handling time: 3. Response time: 0.
[NX v22.6.2 Daemon Client] - 2026-04-02T05:29:59.122Z - [Messenger] Received message, length: 4
[NX v22.6.2 Daemon Client] - 2026-04-02T05:29:59.122Z - [Messenger] Sending message type: RECORD_OUTPUTS_HASH
[NX v22.6.2 Daemon Client] - 2026-04-02T05:29:59.122Z - [Messenger] Message sent
[NX v22.6.2 Daemon Server] - 2026-04-02T05:29:59.122Z - Received raw message of length 199
[NX v22.6.2 Daemon Server] - 2026-04-02T05:29:59.122Z - Received json message of type RECORD_OUTPUTS_HASH
[NX v22.6.2 Daemon Server] - 2026-04-02T05:29:59.124Z - Serializing response for RECORD_OUTPUTS_HASH message in json mode
[NX v22.6.2 Daemon Server] - 2026-04-02T05:29:59.124Z - Responding to RECORD_OUTPUTS_HASH message
[NX v22.6.2 Daemon Server] - 2026-04-02T05:29:59.124Z - [REQUEST]: Responding to the client. recordOutputsHash
[NX v22.6.2 Daemon Server] - 2026-04-02T05:29:59.124Z - Done responding to the client recordOutputsHash
[NX v22.6.2 Daemon Server] - 2026-04-02T05:29:59.124Z - Handled json message RECORD_OUTPUTS_HASH. Handling time: 2. Response time: 0.
[NX v22.6.2 Daemon Client] - 2026-04-02T05:29:59.124Z - [Messenger] Received message, length: 2
[NX v22.6.2 Daemon Client] - 2026-04-02T05:29:59.126Z - [Messenger] Sending message type: OUTPUTS_HASHES_MATCH
[NX v22.6.2 Daemon Client] - 2026-04-02T05:29:59.126Z - [Messenger] Message sent
[NX v22.6.2 Daemon Server] - 2026-04-02T05:29:59.126Z - Received raw message of length 224
[NX v22.6.2 Daemon Server] - 2026-04-02T05:29:59.126Z - Received json message of type OUTPUTS_HASHES_MATCH
[NX v22.6.2 Daemon Server] - 2026-04-02T05:29:59.129Z - Serializing response for OUTPUTS_HASHES_MATCH message in json mode
[NX v22.6.2 Daemon Server] - 2026-04-02T05:29:59.129Z - Responding to OUTPUTS_HASHES_MATCH message
[NX v22.6.2 Daemon Server] - 2026-04-02T05:29:59.129Z - [REQUEST]: Responding to the client. outputsHashesMatch
[NX v22.6.2 Daemon Server] - 2026-04-02T05:29:59.129Z - Done responding to the client outputsHashesMatch
[NX v22.6.2 Daemon Server] - 2026-04-02T05:29:59.129Z - Handled json message OUTPUTS_HASHES_MATCH. Handling time: 3. Response time: 0.
[NX v22.6.2 Daemon Client] - 2026-04-02T05:29:59.129Z - [Messenger] Received message, length: 4
[NX v22.6.2 Daemon Client] - 2026-04-02T05:29:59.129Z - [Messenger] Sending message type: RECORD_OUTPUTS_HASH
[NX v22.6.2 Daemon Server] - 2026-04-02T05:29:59.129Z - Received raw message of length 223
[NX v22.6.2 Daemon Client] - 2026-04-02T05:29:59.129Z - [Messenger] Message sent
[NX v22.6.2 Daemon Server] - 2026-04-02T05:29:59.129Z - Received json message of type RECORD_OUTPUTS_HASH
[NX v22.6.2 Daemon Server] - 2026-04-02T05:29:59.131Z - Serializing response for RECORD_OUTPUTS_HASH message in json mode
[NX v22.6.2 Daemon Server] - 2026-04-02T05:29:59.131Z - Responding to RECORD_OUTPUTS_HASH message
[NX v22.6.2 Daemon Server] - 2026-04-02T05:29:59.131Z - [REQUEST]: Responding to the client. recordOutputsHash
[NX v22.6.2 Daemon Server] - 2026-04-02T05:29:59.131Z - Done responding to the client recordOutputsHash
[NX v22.6.2 Daemon Server] - 2026-04-02T05:29:59.131Z - Handled json message RECORD_OUTPUTS_HASH. Handling time: 2. Response time: 0.
[NX v22.6.2 Daemon Client] - 2026-04-02T05:29:59.131Z - [Messenger] Received message, length: 2
[NX v22.6.2 Daemon Client] - 2026-04-02T05:29:59.133Z - [Messenger] Sending message type: OUTPUTS_HASHES_MATCH
[NX v22.6.2 Daemon Client] - 2026-04-02T05:29:59.133Z - [Messenger] Message sent
[NX v22.6.2 Daemon Server] - 2026-04-02T05:29:59.133Z - Received raw message of length 205
[NX v22.6.2 Daemon Server] - 2026-04-02T05:29:59.133Z - Received json message of type OUTPUTS_HASHES_MATCH
[NX v22.6.2 Daemon Server] - 2026-04-02T05:29:59.135Z - Serializing response for OUTPUTS_HASHES_MATCH message in json mode
[NX v22.6.2 Daemon Server] - 2026-04-02T05:29:59.135Z - Responding to OUTPUTS_HASHES_MATCH message
[NX v22.6.2 Daemon Server] - 2026-04-02T05:29:59.135Z - [REQUEST]: Responding to the client. outputsHashesMatch
[NX v22.6.2 Daemon Server] - 2026-04-02T05:29:59.135Z - Done responding to the client outputsHashesMatch
[NX v22.6.2 Daemon Server] - 2026-04-02T05:29:59.135Z - Handled json message OUTPUTS_HASHES_MATCH. Handling time: 2. Response time: 0.
[NX v22.6.2 Daemon Client] - 2026-04-02T05:29:59.135Z - [Messenger] Received message, length: 4
[NX v22.6.2 Daemon Client] - 2026-04-02T05:29:59.136Z - [Messenger] Sending message type: OUTPUTS_HASHES_MATCH
[NX v22.6.2 Daemon Client] - 2026-04-02T05:29:59.136Z - [Messenger] Message sent
[NX v22.6.2 Daemon Server] - 2026-04-02T05:29:59.136Z - Received raw message of length 208
[NX v22.6.2 Daemon Server] - 2026-04-02T05:29:59.136Z - Received json message of type OUTPUTS_HASHES_MATCH
[NX v22.6.2 Daemon Server] - 2026-04-02T05:29:59.139Z - Serializing response for OUTPUTS_HASHES_MATCH message in json mode
[NX v22.6.2 Daemon Server] - 2026-04-02T05:29:59.139Z - Responding to OUTPUTS_HASHES_MATCH message
[NX v22.6.2 Daemon Server] - 2026-04-02T05:29:59.139Z - [REQUEST]: Responding to the client. outputsHashesMatch
[NX v22.6.2 Daemon Server] - 2026-04-02T05:29:59.139Z - Done responding to the client outputsHashesMatch
[NX v22.6.2 Daemon Server] - 2026-04-02T05:29:59.140Z - Handled json message OUTPUTS_HASHES_MATCH. Handling time: 3. Response time: 1.
[NX v22.6.2 Daemon Client] - 2026-04-02T05:29:59.140Z - [Messenger] Received message, length: 4
[NX v22.6.2 Daemon Client] - 2026-04-02T05:29:59.140Z - [Messenger] Sending message type: RECORD_OUTPUTS_HASH
[NX v22.6.2 Daemon Client] - 2026-04-02T05:29:59.140Z - [Messenger] Message sent
[NX v22.6.2 Daemon Server] - 2026-04-02T05:29:59.140Z - Received raw message of length 204
[NX v22.6.2 Daemon Server] - 2026-04-02T05:29:59.140Z - Received json message of type RECORD_OUTPUTS_HASH
[NX v22.6.2 Daemon Server] - 2026-04-02T05:29:59.143Z - Serializing response for RECORD_OUTPUTS_HASH message in json mode
[NX v22.6.2 Daemon Server] - 2026-04-02T05:29:59.143Z - Responding to RECORD_OUTPUTS_HASH message
[NX v22.6.2 Daemon Server] - 2026-04-02T05:29:59.143Z - [REQUEST]: Responding to the client. recordOutputsHash
[NX v22.6.2 Daemon Server] - 2026-04-02T05:29:59.143Z - Done responding to the client recordOutputsHash
[NX v22.6.2 Daemon Server] - 2026-04-02T05:29:59.143Z - Handled json message RECORD_OUTPUTS_HASH. Handling time: 3. Response time: 0.
[NX v22.6.2 Daemon Client] - 2026-04-02T05:29:59.143Z - [Messenger] Received message, length: 2
[NX v22.6.2 Daemon Client] - 2026-04-02T05:29:59.143Z - [Messenger] Sending message type: RECORD_OUTPUTS_HASH
[NX v22.6.2 Daemon Client] - 2026-04-02T05:29:59.143Z - [Messenger] Message sent
[NX v22.6.2 Daemon Server] - 2026-04-02T05:29:59.143Z - Received raw message of length 207
[NX v22.6.2 Daemon Server] - 2026-04-02T05:29:59.143Z - Received json message of type RECORD_OUTPUTS_HASH
[NX v22.6.2 Daemon Server] - 2026-04-02T05:29:59.146Z - Serializing response for RECORD_OUTPUTS_HASH message in json mode
[NX v22.6.2 Daemon Server] - 2026-04-02T05:29:59.146Z - Responding to RECORD_OUTPUTS_HASH message
[NX v22.6.2 Daemon Server] - 2026-04-02T05:29:59.146Z - [REQUEST]: Responding to the client. recordOutputsHash
[NX v22.6.2 Daemon Server] - 2026-04-02T05:29:59.146Z - Done responding to the client recordOutputsHash
[NX v22.6.2 Daemon Server] - 2026-04-02T05:29:59.146Z - Handled json message RECORD_OUTPUTS_HASH. Handling time: 3. Response time: 0.
[NX v22.6.2 Daemon Client] - 2026-04-02T05:29:59.146Z - [Messenger] Received message, length: 2
[NX v22.6.2 Daemon Client] - 2026-04-02T05:29:59.146Z - [Messenger] Sending message type: OUTPUTS_HASHES_MATCH
[NX v22.6.2 Daemon Client] - 2026-04-02T05:29:59.147Z - [Messenger] Message sent
[NX v22.6.2 Daemon Server] - 2026-04-02T05:29:59.147Z - Received raw message of length 204
[NX v22.6.2 Daemon Server] - 2026-04-02T05:29:59.147Z - Received json message of type OUTPUTS_HASHES_MATCH
[NX v22.6.2 Daemon Server] - 2026-04-02T05:29:59.148Z - Serializing response for OUTPUTS_HASHES_MATCH message in json mode
[NX v22.6.2 Daemon Server] - 2026-04-02T05:29:59.148Z - Responding to OUTPUTS_HASHES_MATCH message
[NX v22.6.2 Daemon Server] - 2026-04-02T05:29:59.148Z - [REQUEST]: Responding to the client. outputsHashesMatch
[NX v22.6.2 Daemon Server] - 2026-04-02T05:29:59.148Z - Done responding to the client outputsHashesMatch
[NX v22.6.2 Daemon Server] - 2026-04-02T05:29:59.148Z - Handled json message OUTPUTS_HASHES_MATCH. Handling time: 1. Response time: 0.
[NX v22.6.2 Daemon Client] - 2026-04-02T05:29:59.148Z - [Messenger] Received message, length: 4
[NX v22.6.2 Daemon Client] - 2026-04-02T05:29:59.149Z - [Messenger] Sending message type: RECORD_OUTPUTS_HASH
[NX v22.6.2 Daemon Server] - 2026-04-02T05:29:59.149Z - Received raw message of length 203
[NX v22.6.2 Daemon Client] - 2026-04-02T05:29:59.149Z - [Messenger] Message sent
[NX v22.6.2 Daemon Server] - 2026-04-02T05:29:59.149Z - Received json message of type RECORD_OUTPUTS_HASH
[NX v22.6.2 Daemon Server] - 2026-04-02T05:29:59.151Z - Serializing response for RECORD_OUTPUTS_HASH message in json mode
[NX v22.6.2 Daemon Server] - 2026-04-02T05:29:59.151Z - Responding to RECORD_OUTPUTS_HASH message
[NX v22.6.2 Daemon Server] - 2026-04-02T05:29:59.151Z - [REQUEST]: Responding to the client. recordOutputsHash
[NX v22.6.2 Daemon Server] - 2026-04-02T05:29:59.151Z - Done responding to the client recordOutputsHash
[NX v22.6.2 Daemon Server] - 2026-04-02T05:29:59.151Z - Handled json message RECORD_OUTPUTS_HASH. Handling time: 2. Response time: 0.
[NX v22.6.2 Daemon Client] - 2026-04-02T05:29:59.151Z - [Messenger] Received message, length: 2
[NX v22.6.2 Daemon Client] - 2026-04-02T05:29:59.154Z - [Messenger] Sending message type: OUTPUTS_HASHES_MATCH
[NX v22.6.2 Daemon Client] - 2026-04-02T05:29:59.154Z - [Messenger] Message sent
[NX v22.6.2 Daemon Server] - 2026-04-02T05:29:59.154Z - Received raw message of length 236
[NX v22.6.2 Daemon Server] - 2026-04-02T05:29:59.154Z - Received json message of type OUTPUTS_HASHES_MATCH
[NX v22.6.2 Daemon Server] - 2026-04-02T05:29:59.158Z - Serializing response for OUTPUTS_HASHES_MATCH message in json mode
[NX v22.6.2 Daemon Server] - 2026-04-02T05:29:59.158Z - Responding to OUTPUTS_HASHES_MATCH message
[NX v22.6.2 Daemon Server] - 2026-04-02T05:29:59.158Z - [REQUEST]: Responding to the client. outputsHashesMatch
[NX v22.6.2 Daemon Server] - 2026-04-02T05:29:59.158Z - Done responding to the client outputsHashesMatch
[NX v22.6.2 Daemon Server] - 2026-04-02T05:29:59.158Z - Handled json message OUTPUTS_HASHES_MATCH. Handling time: 4. Response time: 0.
[NX v22.6.2 Daemon Client] - 2026-04-02T05:29:59.158Z - [Messenger] Received message, length: 4
[NX v22.6.2 Daemon Client] - 2026-04-02T05:29:59.159Z - [Messenger] Sending message type: OUTPUTS_HASHES_MATCH
[NX v22.6.2 Daemon Client] - 2026-04-02T05:29:59.159Z - [Messenger] Message sent
[NX v22.6.2 Daemon Server] - 2026-04-02T05:29:59.159Z - Received raw message of length 233
[NX v22.6.2 Daemon Server] - 2026-04-02T05:29:59.159Z - Received json message of type OUTPUTS_HASHES_MATCH
[NX v22.6.2 Daemon Server] - 2026-04-02T05:29:59.161Z - Serializing response for OUTPUTS_HASHES_MATCH message in json mode
[NX v22.6.2 Daemon Server] - 2026-04-02T05:29:59.161Z - Responding to OUTPUTS_HASHES_MATCH message
[NX v22.6.2 Daemon Server] - 2026-04-02T05:29:59.161Z - [REQUEST]: Responding to the client. outputsHashesMatch
[NX v22.6.2 Daemon Server] - 2026-04-02T05:29:59.161Z - Done responding to the client outputsHashesMatch
[NX v22.6.2 Daemon Server] - 2026-04-02T05:29:59.161Z - Handled json message OUTPUTS_HASHES_MATCH. Handling time: 2. Response time: 0.
[NX v22.6.2 Daemon Client] - 2026-04-02T05:29:59.161Z - [Messenger] Received message, length: 4
[NX v22.6.2 Daemon Client] - 2026-04-02T05:29:59.161Z - [Messenger] Sending message type: RECORD_OUTPUTS_HASH
[NX v22.6.2 Daemon Client] - 2026-04-02T05:29:59.161Z - [Messenger] Message sent
[NX v22.6.2 Daemon Server] - 2026-04-02T05:29:59.161Z - Received raw message of length 235
[NX v22.6.2 Daemon Server] - 2026-04-02T05:29:59.161Z - Received json message of type RECORD_OUTPUTS_HASH
[NX v22.6.2 Daemon Server] - 2026-04-02T05:29:59.164Z - Serializing response for RECORD_OUTPUTS_HASH message in json mode
[NX v22.6.2 Daemon Server] - 2026-04-02T05:29:59.164Z - Responding to RECORD_OUTPUTS_HASH message
[NX v22.6.2 Daemon Server] - 2026-04-02T05:29:59.164Z - [REQUEST]: Responding to the client. recordOutputsHash
[NX v22.6.2 Daemon Server] - 2026-04-02T05:29:59.164Z - Done responding to the client recordOutputsHash
[NX v22.6.2 Daemon Server] - 2026-04-02T05:29:59.164Z - Handled json message RECORD_OUTPUTS_HASH. Handling time: 3. Response time: 0.
[NX v22.6.2 Daemon Client] - 2026-04-02T05:29:59.164Z - [Messenger] Received message, length: 2
[NX v22.6.2 Daemon Client] - 2026-04-02T05:29:59.164Z - [Messenger] Sending message type: RECORD_OUTPUTS_HASH
[NX v22.6.2 Daemon Client] - 2026-04-02T05:29:59.164Z - [Messenger] Message sent
[NX v22.6.2 Daemon Server] - 2026-04-02T05:29:59.164Z - Received raw message of length 232
[NX v22.6.2 Daemon Server] - 2026-04-02T05:29:59.164Z - Received json message of type RECORD_OUTPUTS_HASH
[NX v22.6.2 Daemon Server] - 2026-04-02T05:29:59.166Z - Serializing response for RECORD_OUTPUTS_HASH message in json mode
[NX v22.6.2 Daemon Server] - 2026-04-02T05:29:59.166Z - Responding to RECORD_OUTPUTS_HASH message
[NX v22.6.2 Daemon Server] - 2026-04-02T05:29:59.166Z - [REQUEST]: Responding to the client. recordOutputsHash
[NX v22.6.2 Daemon Server] - 2026-04-02T05:29:59.166Z - Done responding to the client recordOutputsHash
[NX v22.6.2 Daemon Server] - 2026-04-02T05:29:59.166Z - Handled json message RECORD_OUTPUTS_HASH. Handling time: 2. Response time: 0.
[NX v22.6.2 Daemon Client] - 2026-04-02T05:29:59.166Z - [Messenger] Received message, length: 2
[NX v22.6.2 Daemon Client] - 2026-04-02T05:29:59.169Z - [Messenger] Sending message type: OUTPUTS_HASHES_MATCH
[NX v22.6.2 Daemon Client] - 2026-04-02T05:29:59.169Z - [Messenger] Message sent
[NX v22.6.2 Daemon Server] - 2026-04-02T05:29:59.169Z - Received raw message of length 196
[NX v22.6.2 Daemon Server] - 2026-04-02T05:29:59.169Z - Received json message of type OUTPUTS_HASHES_MATCH
[NX v22.6.2 Daemon Server] - 2026-04-02T05:29:59.176Z - Serializing response for OUTPUTS_HASHES_MATCH message in json mode
[NX v22.6.2 Daemon Server] - 2026-04-02T05:29:59.176Z - Responding to OUTPUTS_HASHES_MATCH message
[NX v22.6.2 Daemon Server] - 2026-04-02T05:29:59.176Z - [REQUEST]: Responding to the client. outputsHashesMatch
[NX v22.6.2 Daemon Server] - 2026-04-02T05:29:59.176Z - Done responding to the client outputsHashesMatch
[NX v22.6.2 Daemon Server] - 2026-04-02T05:29:59.176Z - Handled json message OUTPUTS_HASHES_MATCH. Handling time: 7. Response time: 0.
[NX v22.6.2 Daemon Client] - 2026-04-02T05:29:59.176Z - [Messenger] Received message, length: 5
[NX v22.6.2 Daemon Client] - 2026-04-02T05:29:59.229Z - [Messenger] Sending message type: OUTPUTS_HASHES_MATCH
[NX v22.6.2 Daemon Client] - 2026-04-02T05:29:59.229Z - [Messenger] Message sent
[NX v22.6.2 Daemon Server] - 2026-04-02T05:29:59.229Z - Received raw message of length 184
[NX v22.6.2 Daemon Server] - 2026-04-02T05:29:59.230Z - Received json message of type OUTPUTS_HASHES_MATCH
[NX v22.6.2 Daemon Server] - 2026-04-02T05:29:59.237Z - Serializing response for OUTPUTS_HASHES_MATCH message in json mode
[NX v22.6.2 Daemon Server] - 2026-04-02T05:29:59.237Z - Responding to OUTPUTS_HASHES_MATCH message
[NX v22.6.2 Daemon Server] - 2026-04-02T05:29:59.237Z - [REQUEST]: Responding to the client. outputsHashesMatch
[NX v22.6.2 Daemon Server] - 2026-04-02T05:29:59.237Z - Done responding to the client outputsHashesMatch
[NX v22.6.2 Daemon Server] - 2026-04-02T05:29:59.237Z - Handled json message OUTPUTS_HASHES_MATCH. Handling time: 7. Response time: 0.
[NX v22.6.2 Daemon Server] - 2026-04-02T05:29:59.237Z - [WATCHER]: Processing file changes in outputs
[NX v22.6.2 Daemon Client] - 2026-04-02T05:29:59.237Z - [Messenger] Received message, length: 4
[NX v22.6.2 Daemon Client] - 2026-04-02T05:29:59.237Z - [Messenger] Sending message type: RECORD_OUTPUTS_HASH
[NX v22.6.2 Daemon Client] - 2026-04-02T05:29:59.237Z - [Messenger] Message sent
[NX v22.6.2 Daemon Server] - 2026-04-02T05:29:59.238Z - Received raw message of length 195
[NX v22.6.2 Daemon Server] - 2026-04-02T05:29:59.238Z - Received json message of type RECORD_OUTPUTS_HASH
[NX v22.6.2 Daemon Server] - 2026-04-02T05:29:59.242Z - Serializing response for RECORD_OUTPUTS_HASH message in json mode
[NX v22.6.2 Daemon Server] - 2026-04-02T05:29:59.242Z - Responding to RECORD_OUTPUTS_HASH message
[NX v22.6.2 Daemon Server] - 2026-04-02T05:29:59.242Z - [REQUEST]: Responding to the client. recordOutputsHash
[NX v22.6.2 Daemon Server] - 2026-04-02T05:29:59.242Z - Done responding to the client recordOutputsHash
[NX v22.6.2 Daemon Server] - 2026-04-02T05:29:59.242Z - Handled json message RECORD_OUTPUTS_HASH. Handling time: 4. Response time: 0.
[NX v22.6.2 Daemon Client] - 2026-04-02T05:29:59.242Z - [Messenger] Received message, length: 2
[NX v22.6.2 Daemon Client] - 2026-04-02T05:29:59.243Z - [Messenger] Sending message type: RECORD_OUTPUTS_HASH
[NX v22.6.2 Daemon Client] - 2026-04-02T05:29:59.243Z - [Messenger] Message sent
[NX v22.6.2 Daemon Server] - 2026-04-02T05:29:59.243Z - Received raw message of length 183
[NX v22.6.2 Daemon Server] - 2026-04-02T05:29:59.243Z - Received json message of type RECORD_OUTPUTS_HASH
[NX v22.6.2 Daemon Server] - 2026-04-02T05:29:59.246Z - Serializing response for RECORD_OUTPUTS_HASH message in json mode
[NX v22.6.2 Daemon Server] - 2026-04-02T05:29:59.246Z - Responding to RECORD_OUTPUTS_HASH message
[NX v22.6.2 Daemon Server] - 2026-04-02T05:29:59.246Z - [REQUEST]: Responding to the client. recordOutputsHash
[NX v22.6.2 Daemon Server] - 2026-04-02T05:29:59.246Z - Done responding to the client recordOutputsHash
[NX v22.6.2 Daemon Server] - 2026-04-02T05:29:59.246Z - Handled json message RECORD_OUTPUTS_HASH. Handling time: 3. Response time: 0.
[NX v22.6.2 Daemon Client] - 2026-04-02T05:29:59.247Z - [Messenger] Received message, length: 2
[NX v22.6.2 Daemon Client] - 2026-04-02T05:29:59.248Z - [Messenger] Sending message type: RECORD_TASK_RUNS
[NX v22.6.2 Daemon Client] - 2026-04-02T05:29:59.249Z - [Messenger] Message sent
[NX v22.6.2 Daemon Server] - 2026-04-02T05:29:59.249Z - Received raw message of length 2571
[NX v22.6.2 Daemon Server] - 2026-04-02T05:29:59.249Z - Received json message of type RECORD_TASK_RUNS
[NX v22.6.2 Daemon Server] - 2026-04-02T05:29:59.249Z - Serializing response for RECORD_TASK_RUNS message in json mode
[NX v22.6.2 Daemon Server] - 2026-04-02T05:29:59.249Z - Responding to RECORD_TASK_RUNS message
[NX v22.6.2 Daemon Server] - 2026-04-02T05:29:59.249Z - [REQUEST]: Responding to the client. handleRecordTaskRuns
[NX v22.6.2 Daemon Server] - 2026-04-02T05:29:59.249Z - Done responding to the client handleRecordTaskRuns
[NX v22.6.2 Daemon Server] - 2026-04-02T05:29:59.249Z - Handled json message RECORD_TASK_RUNS. Handling time: 0. Response time: 0.
[NX v22.6.2 Daemon Client] - 2026-04-02T05:29:59.249Z - [Messenger] Received message, length: 4
[NX v22.6.2 Daemon Client] - 2026-04-02T05:29:59.249Z - [Messenger] Sending message type: GET_FLAKY_TASKS
[NX v22.6.2 Daemon Client] - 2026-04-02T05:29:59.250Z - [Messenger] Message sent
[NX v22.6.2 Daemon Server] - 2026-04-02T05:29:59.250Z - Received raw message of length 327
[NX v22.6.2 Daemon Server] - 2026-04-02T05:29:59.250Z - Received json message of type GET_FLAKY_TASKS
[NX v22.6.2 Daemon Server] - 2026-04-02T05:29:59.250Z - Serializing response for GET_FLAKY_TASKS message in json mode
[NX v22.6.2 Daemon Server] - 2026-04-02T05:29:59.250Z - Responding to GET_FLAKY_TASKS message
[NX v22.6.2 Daemon Server] - 2026-04-02T05:29:59.250Z - [REQUEST]: Responding to the client. handleGetFlakyTasks
[NX v22.6.2 Daemon Server] - 2026-04-02T05:29:59.250Z - Done responding to the client handleGetFlakyTasks
[NX v22.6.2 Daemon Server] - 2026-04-02T05:29:59.250Z - Handled json message GET_FLAKY_TASKS. Handling time: 0. Response time: 0.
[NX v22.6.2 Daemon Client] - 2026-04-02T05:29:59.250Z - [Messenger] Received message, length: 2
[NX v22.6.2 Daemon Server] - 2026-04-02T05:29:59.252Z - [WATCHER]: 50 file(s) created or restored, 0 file(s) modified, 0 file(s) deleted
[NX v22.6.2 Daemon Server] - 2026-04-02T05:29:59.253Z - [SYNC]: clearing sync generators cache due to file changes
[NX v22.6.2 Daemon Server] - 2026-04-02T05:29:59.285Z - [WATCHER]: Processing file changes in outputs
[NX v22.6.2 Daemon Server] - 2026-04-02T05:29:59.435Z - [REQUEST]: Updated workspace context based on watched changes, recomputing project graph...
[NX v22.6.2 Daemon Server] - 2026-04-02T05:29:59.436Z - [REQUEST]: apps/thunder-console/public/assets/images/icons/landscape-placeholder.svg,apps/thunder-console/public/assets/images/icons/stamp.svg,apps/thunder-console/public/assets/images/icons/date.svg,apps/thunder-console/public/assets/images/icons/facebook-black.svg,apps/thunder-console/public/assets/images/icons/user.svg,apps/thunder-console/public/config.js,apps/thunder-console/public/assets/images/icons/decide.svg,apps/thunder-console/public/assets/images/icons/display-rich-text.svg,apps/thunder-console/public/assets/images/icons/number-input.svg,apps/thunder-console/public/assets/images/icons/textbox.svg,apps/thunder-console/public/assets/images/icons/facebook.svg,apps/thunder-console/public/assets/images/icons/recaptcha.png,apps/thunder-console/public/assets/images/logo-inverted.svg,apps/thunder-console/public/assets/images/icons/message-text.svg,apps/thunder-console/public/assets/images/icons/phone.svg,apps/thunder-console/public/assets/images/logo.svg,apps/thunder-console/public/assets/images/icons/refresh-ccw.svg,apps/thunder-console/public/assets/images/icons/google.svg,apps/thunder-console/public/assets/images/icons/google-generic.svg,apps/thunder-console/public/assets/images/icons/robot.svg,apps/thunder-console/public/assets/images/icons/transaction-password-otp-verification-code-security.svg,apps/thunder-console/public/assets/images/icons/apple.svg,apps/thunder-console/public/assets/images/icons/arrowhead-right-outline.svg,apps/thunder-console/public/assets/images/icons/checkbox-check.svg,apps/thunder-console/public/assets/images/icons/link.svg,apps/thunder-console/public/assets/images/icons/microsoft.svg,apps/thunder-console/public/assets/images/icons/image-square.svg,apps/thunder-console/public/assets/images/icons/github.svg,apps/thunder-console/public/assets/images/icons/play.svg,apps/thunder-console/public/assets/images/icons/scan.svg,apps/thunder-console/public/assets/images/icons/divider.svg,apps/thunder-console/public/assets/images/icons/email-down.svg,apps/thunder-console/public/assets/images/icons/email.svg,apps/thunder-console/public/assets/images/icons/check-mark-inside-a-black-box.svg,apps/thunder-console/public/assets/images/icons/boolean.svg,apps/thunder-console/public/assets/images/logo-mini-inverted.svg,apps/thunder-console/public/assets/images/icons/loop.svg,apps/thunder-console/public/assets/images/icons/fingerprint.svg,apps/thunder-console/public/assets/images/icons/at.svg,apps/thunder-console/public/assets/images/icons/mobile-message.svg,apps/thunder-console/public/assets/images/logo-mini.svg,apps/thunder-console/public/assets/images/icons/microsoft-black.svg,apps/thunder-console/public/assets/images/icons/text-size.svg,apps/thunder-console/public/assets/images/icons/password-input.svg,apps/thunder-console/public/assets/images/icons/magnifying-glass.svg,apps/thunder-console/public/assets/images/icons/form.svg,apps/thunder-console/public/assets/images/icons/button.svg,apps/thunder-console/public/assets/images/icons/step.svg,apps/thunder-console/public/assets/images/icons/password.svg,apps/thunder-console/public/assets/images/favicon.ico
[NX v22.6.2 Daemon Server] - 2026-04-02T05:29:59.436Z - [REQUEST]: 
[NX v22.6.2 Daemon Server] - 2026-04-02T05:29:59.488Z - Time taken for 'hash changed files from watcher' 82.03704200009815ms
Time taken for 'plugin worker 94767 code loading' 98.698791ms
Time taken for 'plugin worker 94769 code loading' 98.02841599999999ms
Time taken for 'plugin worker 94768 code loading' 97.863625ms
[NX v22.6.2 Daemon Server] - 2026-04-02T05:29:59.623Z - Time taken for 'start-plugin-worker:nx/js/dependencies-and-lockfile' 138.60499999998137ms
[NX v22.6.2 Daemon Server] - 2026-04-02T05:29:59.625Z - Time taken for 'start-plugin-worker:nx/core/package-json' 138.25404100003652ms
[NX v22.6.2 Daemon Server] - 2026-04-02T05:29:59.625Z - Time taken for 'start-plugin-worker:nx/core/project-json' 137.6874170000665ms
Time taken for 'nx/js/dependencies-and-lockfile:createNodes' 8.67754100000002ms
Time taken for 'nx/core/package-json:createNodes' 224.743583ms
[NX v22.6.2 Daemon Server] - 2026-04-02T05:30:00.442Z - Time taken for 'build-project-configs' 411.6820000000298ms
[NX v22.6.2 Daemon Server] - 2026-04-02T05:30:00.442Z - Time taken for 'createNodes:merge' 2.9459999999962747ms
[NX v22.6.2 Daemon Server] - 2026-04-02T05:30:00.442Z - Time taken for 'get-all-workspace-files' 118.64937500003725ms
Time taken for 'build typescript dependencies' 0.17970800000011877ms
[NX v22.6.2 Daemon Server] - 2026-04-02T05:30:00.597Z - [SYNC]: collect registered sync generators
[NX v22.6.2 Daemon Server] - 2026-04-02T05:30:00.598Z - [SYNC]: project graph hash is the same, not collecting task sync generators
[NX v22.6.2 Daemon Server] - 2026-04-02T05:30:00.598Z - [SYNC]: nx.json hash is the same, not collecting global sync generators
[NX v22.6.2 Daemon Server] - 2026-04-02T05:30:00.598Z - Time taken for 'total execution time for createProjectGraph()' 423.2608749999199ms
[NX v22.6.2 Daemon Server] - 2026-04-02T05:30:00.598Z - Time taken for 'createDependencies' 214.99216699996032ms
[NX v22.6.2 Daemon Server] - 2026-04-02T05:30:00.598Z - Time taken for 'nx/js/dependencies-and-lockfile:createDependencies' 214.8917909997981ms
[NX v22.6.2 Daemon Server] - 2026-04-02T05:30:00.598Z - Time taken for 'createMetadata' 0.04645900009199977ms
[NX v22.6.2 Daemon Server] - 2026-04-02T05:30:00.598Z - Time taken for 'serialize graph' 3.6024999998044223ms
[NX v22.6.2 Daemon Server] - 2026-04-02T05:30:02.299Z - Established a connection. Number of open connections: 2
[NX v22.6.2 Daemon Server] - 2026-04-02T05:30:02.300Z - Closed a connection. Number of open connections: 1
[NX v22.6.2 Daemon Client] - 2026-04-02T05:30:02.299Z - [Messenger] Sending message type: GET_CONFIGURE_AI_AGENTS_STATUS
[NX v22.6.2 Daemon Server] - 2026-04-02T05:30:02.300Z - Received raw message of length 41
[NX v22.6.2 Daemon Client] - 2026-04-02T05:30:02.300Z - [Messenger] Message sent
[NX v22.6.2 Daemon Server] - 2026-04-02T05:30:02.300Z - Received json message of type GET_CONFIGURE_AI_AGENTS_STATUS
[NX v22.6.2 Daemon Server] - 2026-04-02T05:30:02.300Z - [AI-AGENTS]: Returning cached agent configuration status
[NX v22.6.2 Daemon Server] - 2026-04-02T05:30:02.300Z - Serializing response for GET_CONFIGURE_AI_AGENTS_STATUS message in json mode
[NX v22.6.2 Daemon Server] - 2026-04-02T05:30:02.300Z - Responding to GET_CONFIGURE_AI_AGENTS_STATUS message
[NX v22.6.2 Daemon Server] - 2026-04-02T05:30:02.300Z - [REQUEST]: Responding to the client. handleGetConfigureAiAgentsStatus
[NX v22.6.2 Daemon Server] - 2026-04-02T05:30:02.300Z - Done responding to the client handleGetConfigureAiAgentsStatus
[NX v22.6.2 Daemon Server] - 2026-04-02T05:30:02.300Z - Handled json message GET_CONFIGURE_AI_AGENTS_STATUS. Handling time: 0. Response time: 0.
[NX v22.6.2 Daemon Client] - 2026-04-02T05:30:02.300Z - [Messenger] Received message, length: 342
[NX v22.6.2 Daemon Client] - 2026-04-02T05:30:02.494Z - [Messenger] Sending message type: POST_TASKS_EXECUTION
[NX v22.6.2 Daemon Client] - 2026-04-02T05:30:02.496Z - [Messenger] Message sent
[NX v22.6.2 Daemon Server] - 2026-04-02T05:30:02.497Z - Received raw message of length 472934
[NX v22.6.2 Daemon Server] - 2026-04-02T05:30:02.499Z - Received json message of type POST_TASKS_EXECUTION
[NX v22.6.2 Daemon Server] - 2026-04-02T05:30:02.499Z - Serializing response for POST_TASKS_EXECUTION message in json mode
[NX v22.6.2 Daemon Server] - 2026-04-02T05:30:02.499Z - Responding to POST_TASKS_EXECUTION message
[NX v22.6.2 Daemon Server] - 2026-04-02T05:30:02.499Z - [REQUEST]: Responding to the client. handleRunPostTasksExecution
[NX v22.6.2 Daemon Server] - 2026-04-02T05:30:02.499Z - Done responding to the client handleRunPostTasksExecution
[NX v22.6.2 Daemon Server] - 2026-04-02T05:30:02.499Z - Handled json message POST_TASKS_EXECUTION. Handling time: 0. Response time: 0.
[NX v22.6.2 Daemon Server] - 2026-04-02T05:30:02.499Z - Time taken for 'postTasksExecution' 0.18495799996890128ms
[NX v22.6.2 Daemon Client] - 2026-04-02T05:30:02.499Z - [Messenger] Received message, length: 4
[NX v22.6.2 Daemon Server] - 2026-04-02T05:30:02.509Z - Closed a connection. Number of open connections: 0
[NX v22.6.2 Daemon Server] - 2026-04-02T05:30:03.524Z - [WATCHER]: Processing file changes in outputs
[NX v22.6.2 Daemon Server] - 2026-04-02T08:30:02.580Z - [WATCHER]: Stopping the watcher for /Users/thilinashashimalsenarath/Documents/thunder/frontend (sources)
[NX v22.6.2 Daemon Server] - 2026-04-02T08:30:02.581Z - [WATCHER]: Stopping the watcher for /Users/thilinashashimalsenarath/Documents/thunder/frontend (outputs)
[NX v22.6.2 Daemon Server] - 2026-04-02T08:30:02.596Z - [LATEST-NX]: Cleaning up latest Nx installation from /private/var/folders/hb/3my_1qdj0w149mpd7vs6mkn80000gn/T/tmp-74315-QaqchVhnfVF0
[NX v22.6.2 Daemon Server] - 2026-04-02T08:30:02.597Z - Server stopped because: "10800000ms of inactivity"
[NX v22.6.2 Daemon Client] - 2026-04-02T13:21:50.445Z - [Client] Starting new daemon server in background
[NX v22.6.2 Daemon Client] - 2026-04-02T13:21:50.448Z - [Client] Waiting for server (max: 6000 attempts, 10ms interval)
[NX v22.6.2 Daemon Server] - 2026-04-02T13:21:50.598Z - New daemon starting from: /Users/thilinashashimalsenarath/Documents/thunder/frontend/node_modules/.pnpm/nx@22.6.2_@swc-node+register@1.11.1_@swc+core@1.15.21_@swc+helpers@0.5.18__@swc+types@0_cee606a162dedb814fdc44e450ef6d9c/node_modules/nx/src/daemon/server/server.js
[NX v22.6.2 Daemon Server] - 2026-04-02T13:21:50.599Z - New daemon __dirname: /Users/thilinashashimalsenarath/Documents/thunder/frontend/node_modules/.pnpm/nx@22.6.2_@swc-node+register@1.11.1_@swc+core@1.15.21_@swc+helpers@0.5.18__@swc+types@0_cee606a162dedb814fdc44e450ef6d9c/node_modules/nx/src/daemon/server
[NX v22.6.2 Daemon Server] - 2026-04-02T13:21:50.599Z - New daemon nxVersion: 22.6.2
[NX v22.6.2 Daemon Server] - 2026-04-02T13:21:50.600Z - New daemon getInstalledNxVersion(): 22.6.2
[NX v22.6.2 Daemon Server] - 2026-04-02T13:21:50.601Z - Time taken for 'workspace context init' 3.671709000000007ms
[NX v22.6.2 Daemon Server] - 2026-04-02T13:21:50.605Z - [Server] Starting outdated check interval (20ms)
[NX v22.6.2 Daemon Server] - 2026-04-02T13:21:50.606Z - Started listening on: /private/var/folders/hb/3my_1qdj0w149mpd7vs6mkn80000gn/T/89c24dfe696d0776dc1f/d.sock
[NX v22.6.2 Daemon Client] - 2026-04-02T13:21:50.608Z - [Client] Server available after 14 attempts
[NX v22.6.2 Daemon Client] - 2026-04-02T13:21:50.608Z - [Client] Daemon server started, pid=58854
[NX v22.6.2 Daemon Client] - 2026-04-02T13:21:50.608Z - [Messenger] Setting up socket listeners
[NX v22.6.2 Daemon Client] - 2026-04-02T13:21:50.609Z - [Messenger] listen() complete
[NX v22.6.2 Daemon Client] - 2026-04-02T13:21:50.609Z - [Messenger] Sending message type: REQUEST_PROJECT_GRAPH
[NX v22.6.2 Daemon Client] - 2026-04-02T13:21:50.609Z - [Messenger] Message sent
[NX v22.6.2 Daemon Server] - 2026-04-02T13:21:50.610Z - [WATCHER]: Subscribed to changes within: /Users/thilinashashimalsenarath/Documents/thunder/frontend (native)
[NX v22.6.2 Daemon Server] - 2026-04-02T13:21:50.611Z - [LATEST-NX]: Pulling latest Nx...
Fetching nx...
[NX v22.6.2 Daemon Server] - 2026-04-02T13:21:51.313Z - [AI-AGENTS]: Starting agent configuration status computation
[NX v22.6.2 Daemon Server] - 2026-04-02T13:21:51.322Z - Established a connection. Number of open connections: 1
[NX v22.6.2 Daemon Server] - 2026-04-02T13:21:51.322Z - Time taken for 'loadSpecifiedNxPlugins' 4.73558300000002ms
[NX v22.6.2 Daemon Server] - 2026-04-02T13:21:51.323Z - Established a connection. Number of open connections: 2
[NX v22.6.2 Daemon Server] - 2026-04-02T13:21:51.324Z - Closed a connection. Number of open connections: 1
[NX v22.6.2 Daemon Server] - 2026-04-02T13:21:51.325Z - Received raw message of length 32
[NX v22.6.2 Daemon Server] - 2026-04-02T13:21:51.326Z - Received json message of type REQUEST_PROJECT_GRAPH
[NX v22.6.2 Daemon Server] - 2026-04-02T13:21:51.326Z - [REQUEST]: Client Request for Project Graph Received
Time taken for 'plugin worker 58867 code loading' 197.491625ms
[NX v22.6.2 Daemon Server] - 2026-04-02T13:21:51.568Z - Time taken for 'start-plugin-worker:/Users/thilinashashimalsenarath/Documents/thunder/frontend/node_modules/.pnpm/nx@22.6.2_@swc-node+register@1.11.1_@swc+core@1.15.21_@swc+helpers@0.5.18__@swc+types@0_cee606a162dedb814fdc44e450ef6d9c/node_modules/nx/src/plugins/js' 250.81929200000013ms
[NX v22.6.2 Daemon Server] - 2026-04-02T13:21:51.568Z - Time taken for 'start-plugin-worker:/Users/thilinashashimalsenarath/Documents/thunder/frontend/node_modules/.pnpm/nx@22.6.2_@swc-node+register@1.11.1_@swc+core@1.15.21_@swc+helpers@0.5.18__@swc+types@0_cee606a162dedb814fdc44e450ef6d9c/node_modules/nx/src/plugins/package-json' 249.41454099999999ms
Time taken for 'plugin worker 58868 code loading' 199.559125ms
Time taken for 'plugin worker 58869 code loading' 205.278792ms
[NX v22.6.2 Daemon Server] - 2026-04-02T13:21:51.579Z - Time taken for 'start-plugin-worker:/Users/thilinashashimalsenarath/Documents/thunder/frontend/node_modules/.pnpm/nx@22.6.2_@swc-node+register@1.11.1_@swc+core@1.15.21_@swc+helpers@0.5.18__@swc+types@0_cee606a162dedb814fdc44e450ef6d9c/node_modules/nx/src/plugins/project-json/build-nodes/project-json' 259.40650000000005ms
[NX v22.6.2 Daemon Server] - 2026-04-02T13:21:51.656Z - Time taken for 'Load Nx Plugin: /Users/thilinashashimalsenarath/Documents/thunder/frontend/node_modules/.pnpm/nx@22.6.2_@swc-node+register@1.11.1_@swc+core@1.15.21_@swc+helpers@0.5.18__@swc+types@0_cee606a162dedb814fdc44e450ef6d9c/node_modules/nx/src/plugins/package-json' 340.71462499999996ms
[NX v22.6.2 Daemon Server] - 2026-04-02T13:21:51.680Z - Time taken for 'Load Nx Plugin: /Users/thilinashashimalsenarath/Documents/thunder/frontend/node_modules/.pnpm/nx@22.6.2_@swc-node+register@1.11.1_@swc+core@1.15.21_@swc+helpers@0.5.18__@swc+types@0_cee606a162dedb814fdc44e450ef6d9c/node_modules/nx/src/plugins/js' 365.97475ms
[NX v22.6.2 Daemon Server] - 2026-04-02T13:21:52.350Z - [REQUEST]: Updated workspace context based on watched changes, recomputing project graph...
[NX v22.6.2 Daemon Server] - 2026-04-02T13:21:52.351Z - [REQUEST]: 
[NX v22.6.2 Daemon Server] - 2026-04-02T13:21:52.351Z - [REQUEST]: 
[NX v22.6.2 Daemon Server] - 2026-04-02T13:21:52.398Z - Reusing in-memory cached project graph because no files changed.
[NX v22.6.2 Daemon Server] - 2026-04-02T13:21:52.402Z - Time taken for 'loadDefaultNxPlugins' 374.7802919999999ms
[NX v22.6.2 Daemon Server] - 2026-04-02T13:21:52.402Z - Time taken for 'Load Nx Plugin: /Users/thilinashashimalsenarath/Documents/thunder/frontend/node_modules/.pnpm/nx@22.6.2_@swc-node+register@1.11.1_@swc+core@1.15.21_@swc+helpers@0.5.18__@swc+types@0_cee606a162dedb814fdc44e450ef6d9c/node_modules/nx/src/plugins/project-json/build-nodes/project-json' 373.387958ms
[NX v22.6.2 Daemon Server] - 2026-04-02T13:21:52.402Z - Time taken for 'hash changed files from watcher' 661.2607919999998ms
Time taken for 'nx/js/dependencies-and-lockfile:createNodes' 9.05941699999994ms
Time taken for 'nx/core/package-json:createNodes' 246.92766600000004ms
[NX v22.6.2 Daemon Server] - 2026-04-02T13:21:53.124Z - Time taken for 'build-project-configs' 257.97783400000026ms
[NX v22.6.2 Daemon Server] - 2026-04-02T13:21:53.124Z - Time taken for 'createNodes:merge' 5.667332999999871ms
[NX v22.6.2 Daemon Server] - 2026-04-02T13:21:53.124Z - Time taken for 'native-file-deps' 0.0072909999998955755ms
[NX v22.6.2 Daemon Server] - 2026-04-02T13:21:53.124Z - Time taken for 'get-workspace-files' 103.16812500000015ms
[NX v22.6.2 Daemon Server] - 2026-04-02T13:21:53.124Z - Time taken for 'get-all-workspace-files' 8.068708000000242ms
[NX v22.6.2 Daemon Server] - 2026-04-02T13:21:53.124Z - Time taken for 'read cache' 93.30329200000006ms
Time taken for 'build typescript dependencies' 2.4181670000000395ms
[NX v22.6.2 Daemon Server] - 2026-04-02T13:21:53.273Z - [SYNC]: collect registered sync generators
[NX v22.6.2 Daemon Server] - 2026-04-02T13:21:53.392Z - Wrote project graph cache to /Users/thilinashashimalsenarath/Documents/thunder/frontend/.nx/workspace-data/project-graph.json
[NX v22.6.2 Daemon Server] - 2026-04-02T13:21:53.392Z - Serializing response for REQUEST_PROJECT_GRAPH message in json mode
[NX v22.6.2 Daemon Server] - 2026-04-02T13:21:53.392Z - Responding to REQUEST_PROJECT_GRAPH message
[NX v22.6.2 Daemon Server] - 2026-04-02T13:21:53.392Z - [REQUEST]: Responding to the client. project-graph
[NX v22.6.2 Daemon Server] - 2026-04-02T13:21:53.394Z - Time taken for 'total for creating and serializing project graph' 2066.497042ms
[NX v22.6.2 Daemon Server] - 2026-04-02T13:21:53.394Z - Time taken for 'total execution time for createProjectGraph()' 493.48804100000007ms
[NX v22.6.2 Daemon Server] - 2026-04-02T13:21:53.394Z - Time taken for 'createDependencies' 212.65870900000027ms
[NX v22.6.2 Daemon Server] - 2026-04-02T13:21:53.394Z - Time taken for 'nx/js/dependencies-and-lockfile:createDependencies' 212.46491600000036ms
[NX v22.6.2 Daemon Server] - 2026-04-02T13:21:53.394Z - Time taken for 'createMetadata' 0.038791999999830296ms
[NX v22.6.2 Daemon Server] - 2026-04-02T13:21:53.394Z - Time taken for 'serialize graph' 3.337500000000091ms
[NX v22.6.2 Daemon Server] - 2026-04-02T13:21:53.394Z - Time taken for 'write cache' 118.68408299999965ms
[NX v22.6.2 Daemon Server] - 2026-04-02T13:21:53.397Z - Done responding to the client project-graph
[NX v22.6.2 Daemon Server] - 2026-04-02T13:21:53.398Z - Handled json message REQUEST_PROJECT_GRAPH. Handling time: 2066. Response time: 6.
[NX v22.6.2 Daemon Client] - 2026-04-02T13:21:53.398Z - [Messenger] Received message, length: 1251133
[NX v22.6.2 Daemon Client] - 2026-04-02T13:21:53.405Z - [Messenger] Sending message type: PRE_TASKS_EXECUTION
[NX v22.6.2 Daemon Client] - 2026-04-02T13:21:53.405Z - [Messenger] Message sent
[NX v22.6.2 Daemon Server] - 2026-04-02T13:21:53.405Z - Received raw message of length 742
[NX v22.6.2 Daemon Server] - 2026-04-02T13:21:53.405Z - Received json message of type PRE_TASKS_EXECUTION
[NX v22.6.2 Daemon Server] - 2026-04-02T13:21:53.406Z - Serializing response for PRE_TASKS_EXECUTION message in json mode
[NX v22.6.2 Daemon Server] - 2026-04-02T13:21:53.406Z - Responding to PRE_TASKS_EXECUTION message
[NX v22.6.2 Daemon Server] - 2026-04-02T13:21:53.406Z - [REQUEST]: Responding to the client. handleRunPreTasksExecution
[NX v22.6.2 Daemon Server] - 2026-04-02T13:21:53.406Z - Done responding to the client handleRunPreTasksExecution
[NX v22.6.2 Daemon Server] - 2026-04-02T13:21:53.406Z - Handled json message PRE_TASKS_EXECUTION. Handling time: 1. Response time: 0.
[NX v22.6.2 Daemon Client] - 2026-04-02T13:21:53.406Z - [Messenger] Received message, length: 2
[NX v22.6.2 Daemon Server] - 2026-04-02T13:21:53.406Z - Time taken for 'preTasksExecution' 0.4432080000001406ms
[NX v22.6.2 Daemon Client] - 2026-04-02T13:21:53.498Z - [Messenger] Sending message type: HASH_TASKS
[NX v22.6.2 Daemon Client] - 2026-04-02T13:21:53.498Z - [Messenger] Message sent
[NX v22.6.2 Daemon Server] - 2026-04-02T13:21:53.500Z - Received raw message of length 21648
[NX v22.6.2 Daemon Server] - 2026-04-02T13:21:53.501Z - Received json message of type HASH_TASKS
[NX v22.6.2 Daemon Server] - 2026-04-02T13:21:53.501Z - Reusing in-memory cached project graph because no files changed.
DEBUG nx::native::tasks::hash_planner: get_plans_internal COMPLETED in 17.772292ms - processed 13 tasks (setup: 5.119833ms, parallel_planning: 12.647667ms)
DEBUG nx::native::tasks::hashers::hash_workspace_files: Hashing workspace fileset with inputs: Adding "11270979969866030128" (".gitignore") to hash
DEBUG nx::native::tasks::hashers::hash_workspace_files: Hashing workspace fileset with inputs: Adding "11270979969866030128" (".gitignore") to hash
DEBUG nx::native::tasks::hashers::hash_workspace_files: Hashing workspace fileset with inputs: Adding "11270979969866030128" (".gitignore") to hash
DEBUG nx::native::tasks::hashers::hash_workspace_files: Hashing workspace fileset with inputs: Adding "11270979969866030128" (".gitignore") to hash
DEBUG nx::native::tasks::hashers::hash_workspace_files: Hashing workspace fileset with inputs: Adding "11270979969866030128" (".gitignore") to hash
DEBUG nx::native::tasks::hashers::hash_workspace_files: Hashing workspace fileset with inputs: Adding "11270979969866030128" (".gitignore") to hash
DEBUG nx::native::tasks::hashers::hash_workspace_files: Hashing workspace fileset with inputs: Adding "11270979969866030128" (".gitignore") to hash
DEBUG nx::native::tasks::hashers::hash_workspace_files: Hashing workspace fileset with inputs: Adding "3553820021084211887" ("nx.json") to hash
DEBUG nx::native::tasks::hashers::hash_workspace_files: Hashing workspace fileset with inputs: Hash Value: "10665259820010788507"
DEBUG nx::native::tasks::hashers::hash_workspace_files: Hashing workspace fileset with inputs: Adding "3553820021084211887" ("nx.json") to hash
DEBUG nx::native::tasks::hashers::hash_workspace_files: Hashing workspace fileset with inputs: Hash Value: "10665259820010788507"
DEBUG nx::native::tasks::hashers::hash_workspace_files: Hashing workspace fileset with inputs: Adding "3553820021084211887" ("nx.json") to hash
DEBUG nx::native::tasks::hashers::hash_workspace_files: Hashing workspace fileset with inputs: Hash Value: "10665259820010788507"
DEBUG nx::native::tasks::hashers::hash_workspace_files: Hashing workspace fileset with inputs: Adding "3553820021084211887" ("nx.json") to hash
DEBUG nx::native::tasks::hashers::hash_workspace_files: Hashing workspace fileset with inputs: Hash Value: "10665259820010788507"
DEBUG nx::native::tasks::hashers::hash_workspace_files: Hashing workspace fileset with inputs: Adding "3553820021084211887" ("nx.json") to hash
DEBUG nx::native::tasks::hashers::hash_workspace_files: Hashing workspace fileset with inputs: Hash Value: "10665259820010788507"
DEBUG nx::native::tasks::hashers::hash_workspace_files: Hashing workspace fileset with inputs: Adding "3553820021084211887" ("nx.json") to hash
DEBUG nx::native::tasks::hashers::hash_workspace_files: Hashing workspace fileset with inputs: Hash Value: "10665259820010788507"
DEBUG nx::native::tasks::hashers::hash_workspace_files: Hashing workspace fileset with inputs: Adding "3553820021084211887" ("nx.json") to hash
DEBUG nx::native::tasks::hashers::hash_workspace_files: Hashing workspace fileset with inputs: Hash Value: "10665259820010788507"
DEBUG nx::native::tasks::task_hasher: hash_plans COMPLETED in 65.704583ms - processed 13 plans (setup: 8.622833ms, hashing: 57.072375ms, assembly: 7.550416ms)
[NX v22.6.2 Daemon Server] - 2026-04-02T13:21:53.595Z - Serializing response for HASH_TASKS message in json mode
[NX v22.6.2 Daemon Server] - 2026-04-02T13:21:53.597Z - Responding to HASH_TASKS message
[NX v22.6.2 Daemon Server] - 2026-04-02T13:21:53.597Z - [REQUEST]: Responding to the client. handleHashTasks
[NX v22.6.2 Daemon Server] - 2026-04-02T13:21:53.599Z - Done responding to the client handleHashTasks
[NX v22.6.2 Daemon Server] - 2026-04-02T13:21:53.599Z - Handled json message HASH_TASKS. Handling time: 94. Response time: 4.
[NX v22.6.2 Daemon Client] - 2026-04-02T13:21:53.599Z - [Messenger] Received message, length: 466562
[NX v22.6.2 Daemon Client] - 2026-04-02T13:21:53.653Z - [Messenger] Sending message type: GET_ESTIMATED_TASK_TIMINGS
[NX v22.6.2 Daemon Client] - 2026-04-02T13:21:53.653Z - [Messenger] Message sent
[NX v22.6.2 Daemon Server] - 2026-04-02T13:21:53.653Z - Received raw message of length 705
[NX v22.6.2 Daemon Server] - 2026-04-02T13:21:53.653Z - Received json message of type GET_ESTIMATED_TASK_TIMINGS
[NX v22.6.2 Daemon Server] - 2026-04-02T13:21:53.675Z - Serializing response for GET_ESTIMATED_TASK_TIMINGS message in json mode
[NX v22.6.2 Daemon Server] - 2026-04-02T13:21:53.676Z - Responding to GET_ESTIMATED_TASK_TIMINGS message
[NX v22.6.2 Daemon Server] - 2026-04-02T13:21:53.676Z - [REQUEST]: Responding to the client. handleGetEstimatedTaskTimings
[NX v22.6.2 Daemon Server] - 2026-04-02T13:21:53.676Z - Done responding to the client handleGetEstimatedTaskTimings
[NX v22.6.2 Daemon Server] - 2026-04-02T13:21:53.676Z - Handled json message GET_ESTIMATED_TASK_TIMINGS. Handling time: 21. Response time: 1.
[NX v22.6.2 Daemon Client] - 2026-04-02T13:21:53.676Z - [Messenger] Received message, length: 425
[NX v22.6.2 Daemon Client] - 2026-04-02T13:21:53.680Z - [Messenger] Sending message type: OUTPUTS_HASHES_MATCH
[NX v22.6.2 Daemon Client] - 2026-04-02T13:21:53.680Z - [Messenger] Message sent
[NX v22.6.2 Daemon Server] - 2026-04-02T13:21:53.680Z - Received raw message of length 237
[NX v22.6.2 Daemon Server] - 2026-04-02T13:21:53.680Z - Received json message of type OUTPUTS_HASHES_MATCH
[NX v22.6.2 Daemon Server] - 2026-04-02T13:21:53.683Z - Serializing response for OUTPUTS_HASHES_MATCH message in json mode
[NX v22.6.2 Daemon Server] - 2026-04-02T13:21:53.683Z - Responding to OUTPUTS_HASHES_MATCH message
[NX v22.6.2 Daemon Server] - 2026-04-02T13:21:53.683Z - [REQUEST]: Responding to the client. outputsHashesMatch
[NX v22.6.2 Daemon Server] - 2026-04-02T13:21:53.683Z - Done responding to the client outputsHashesMatch
[NX v22.6.2 Daemon Server] - 2026-04-02T13:21:53.683Z - Handled json message OUTPUTS_HASHES_MATCH. Handling time: 3. Response time: 0.
[NX v22.6.2 Daemon Client] - 2026-04-02T13:21:53.683Z - [Messenger] Received message, length: 5
[NX v22.6.2 Daemon Client] - 2026-04-02T13:21:53.688Z - [Messenger] Sending message type: OUTPUTS_HASHES_MATCH
[NX v22.6.2 Daemon Client] - 2026-04-02T13:21:53.688Z - [Messenger] Message sent
[NX v22.6.2 Daemon Server] - 2026-04-02T13:21:53.688Z - Received raw message of length 244
[NX v22.6.2 Daemon Server] - 2026-04-02T13:21:53.688Z - Received json message of type OUTPUTS_HASHES_MATCH
[NX v22.6.2 Daemon Server] - 2026-04-02T13:21:53.690Z - Serializing response for OUTPUTS_HASHES_MATCH message in json mode
[NX v22.6.2 Daemon Server] - 2026-04-02T13:21:53.690Z - Responding to OUTPUTS_HASHES_MATCH message
[NX v22.6.2 Daemon Server] - 2026-04-02T13:21:53.690Z - [REQUEST]: Responding to the client. outputsHashesMatch
[NX v22.6.2 Daemon Server] - 2026-04-02T13:21:53.690Z - Done responding to the client outputsHashesMatch
[NX v22.6.2 Daemon Server] - 2026-04-02T13:21:53.690Z - Handled json message OUTPUTS_HASHES_MATCH. Handling time: 2. Response time: 0.
[NX v22.6.2 Daemon Client] - 2026-04-02T13:21:53.690Z - [Messenger] Received message, length: 5
[NX v22.6.2 Daemon Client] - 2026-04-02T13:21:53.692Z - [Messenger] Sending message type: RECORD_OUTPUTS_HASH
[NX v22.6.2 Daemon Client] - 2026-04-02T13:21:53.692Z - [Messenger] Message sent
[NX v22.6.2 Daemon Server] - 2026-04-02T13:21:53.692Z - Received raw message of length 236
[NX v22.6.2 Daemon Server] - 2026-04-02T13:21:53.692Z - Received json message of type RECORD_OUTPUTS_HASH
[NX v22.6.2 Daemon Server] - 2026-04-02T13:21:53.700Z - Serializing response for RECORD_OUTPUTS_HASH message in json mode
[NX v22.6.2 Daemon Server] - 2026-04-02T13:21:53.700Z - Responding to RECORD_OUTPUTS_HASH message
[NX v22.6.2 Daemon Server] - 2026-04-02T13:21:53.700Z - [REQUEST]: Responding to the client. recordOutputsHash
[NX v22.6.2 Daemon Server] - 2026-04-02T13:21:53.700Z - Done responding to the client recordOutputsHash
[NX v22.6.2 Daemon Server] - 2026-04-02T13:21:53.700Z - Handled json message RECORD_OUTPUTS_HASH. Handling time: 8. Response time: 0.
[NX v22.6.2 Daemon Client] - 2026-04-02T13:21:53.700Z - [Messenger] Received message, length: 2
[NX v22.6.2 Daemon Client] - 2026-04-02T13:21:53.700Z - [Messenger] Sending message type: RECORD_OUTPUTS_HASH
[NX v22.6.2 Daemon Client] - 2026-04-02T13:21:53.700Z - [Messenger] Message sent
[NX v22.6.2 Daemon Server] - 2026-04-02T13:21:53.700Z - Received raw message of length 243
[NX v22.6.2 Daemon Server] - 2026-04-02T13:21:53.700Z - Received json message of type RECORD_OUTPUTS_HASH
[NX v22.6.2 Daemon Server] - 2026-04-02T13:21:53.702Z - Serializing response for RECORD_OUTPUTS_HASH message in json mode
[NX v22.6.2 Daemon Server] - 2026-04-02T13:21:53.702Z - Responding to RECORD_OUTPUTS_HASH message
[NX v22.6.2 Daemon Server] - 2026-04-02T13:21:53.702Z - [REQUEST]: Responding to the client. recordOutputsHash
[NX v22.6.2 Daemon Server] - 2026-04-02T13:21:53.702Z - Done responding to the client recordOutputsHash
[NX v22.6.2 Daemon Server] - 2026-04-02T13:21:53.702Z - Handled json message RECORD_OUTPUTS_HASH. Handling time: 1. Response time: 0.
[NX v22.6.2 Daemon Client] - 2026-04-02T13:21:53.702Z - [Messenger] Received message, length: 2
[NX v22.6.2 Daemon Client] - 2026-04-02T13:21:53.705Z - [Messenger] Sending message type: OUTPUTS_HASHES_MATCH
[NX v22.6.2 Daemon Client] - 2026-04-02T13:21:53.705Z - [Messenger] Message sent
[NX v22.6.2 Daemon Server] - 2026-04-02T13:21:53.705Z - Received raw message of length 245
[NX v22.6.2 Daemon Server] - 2026-04-02T13:21:53.705Z - Received json message of type OUTPUTS_HASHES_MATCH
[NX v22.6.2 Daemon Server] - 2026-04-02T13:21:53.707Z - Serializing response for OUTPUTS_HASHES_MATCH message in json mode
[NX v22.6.2 Daemon Server] - 2026-04-02T13:21:53.707Z - Responding to OUTPUTS_HASHES_MATCH message
[NX v22.6.2 Daemon Server] - 2026-04-02T13:21:53.707Z - [REQUEST]: Responding to the client. outputsHashesMatch
[NX v22.6.2 Daemon Server] - 2026-04-02T13:21:53.707Z - Done responding to the client outputsHashesMatch
[NX v22.6.2 Daemon Server] - 2026-04-02T13:21:53.707Z - Handled json message OUTPUTS_HASHES_MATCH. Handling time: 2. Response time: 0.
[NX v22.6.2 Daemon Client] - 2026-04-02T13:21:53.707Z - [Messenger] Received message, length: 5
[NX v22.6.2 Daemon Client] - 2026-04-02T13:21:53.712Z - [Messenger] Sending message type: OUTPUTS_HASHES_MATCH
[NX v22.6.2 Daemon Client] - 2026-04-02T13:21:53.712Z - [Messenger] Message sent
[NX v22.6.2 Daemon Server] - 2026-04-02T13:21:53.712Z - Received raw message of length 208
[NX v22.6.2 Daemon Server] - 2026-04-02T13:21:53.712Z - Received json message of type OUTPUTS_HASHES_MATCH
[NX v22.6.2 Daemon Server] - 2026-04-02T13:21:53.715Z - Serializing response for OUTPUTS_HASHES_MATCH message in json mode
[NX v22.6.2 Daemon Server] - 2026-04-02T13:21:53.715Z - Responding to OUTPUTS_HASHES_MATCH message
[NX v22.6.2 Daemon Server] - 2026-04-02T13:21:53.715Z - [REQUEST]: Responding to the client. outputsHashesMatch
[NX v22.6.2 Daemon Server] - 2026-04-02T13:21:53.715Z - Done responding to the client outputsHashesMatch
[NX v22.6.2 Daemon Server] - 2026-04-02T13:21:53.715Z - Handled json message OUTPUTS_HASHES_MATCH. Handling time: 3. Response time: 0.
[NX v22.6.2 Daemon Client] - 2026-04-02T13:21:53.715Z - [Messenger] Received message, length: 5
[NX v22.6.2 Daemon Client] - 2026-04-02T13:21:53.725Z - [Messenger] Sending message type: RECORD_OUTPUTS_HASH
[NX v22.6.2 Daemon Client] - 2026-04-02T13:21:53.725Z - [Messenger] Message sent
[NX v22.6.2 Daemon Server] - 2026-04-02T13:21:53.725Z - Received raw message of length 244
[NX v22.6.2 Daemon Server] - 2026-04-02T13:21:53.725Z - Received json message of type RECORD_OUTPUTS_HASH
[NX v22.6.2 Daemon Server] - 2026-04-02T13:21:53.728Z - Serializing response for RECORD_OUTPUTS_HASH message in json mode
[NX v22.6.2 Daemon Server] - 2026-04-02T13:21:53.728Z - Responding to RECORD_OUTPUTS_HASH message
[NX v22.6.2 Daemon Server] - 2026-04-02T13:21:53.728Z - [REQUEST]: Responding to the client. recordOutputsHash
[NX v22.6.2 Daemon Server] - 2026-04-02T13:21:53.728Z - Done responding to the client recordOutputsHash
[NX v22.6.2 Daemon Server] - 2026-04-02T13:21:53.728Z - Handled json message RECORD_OUTPUTS_HASH. Handling time: 3. Response time: 0.
[NX v22.6.2 Daemon Client] - 2026-04-02T13:21:53.728Z - [Messenger] Received message, length: 2
[NX v22.6.2 Daemon Client] - 2026-04-02T13:21:53.729Z - [Messenger] Sending message type: RECORD_OUTPUTS_HASH
[NX v22.6.2 Daemon Client] - 2026-04-02T13:21:53.729Z - [Messenger] Message sent
[NX v22.6.2 Daemon Server] - 2026-04-02T13:21:53.729Z - Received raw message of length 207
[NX v22.6.2 Daemon Server] - 2026-04-02T13:21:53.729Z - Received json message of type RECORD_OUTPUTS_HASH
[NX v22.6.2 Daemon Server] - 2026-04-02T13:21:53.733Z - Serializing response for RECORD_OUTPUTS_HASH message in json mode
[NX v22.6.2 Daemon Server] - 2026-04-02T13:21:53.733Z - Responding to RECORD_OUTPUTS_HASH message
[NX v22.6.2 Daemon Server] - 2026-04-02T13:21:53.733Z - [REQUEST]: Responding to the client. recordOutputsHash
[NX v22.6.2 Daemon Server] - 2026-04-02T13:21:53.733Z - Done responding to the client recordOutputsHash
[NX v22.6.2 Daemon Server] - 2026-04-02T13:21:53.733Z - Handled json message RECORD_OUTPUTS_HASH. Handling time: 4. Response time: 0.
[NX v22.6.2 Daemon Client] - 2026-04-02T13:21:53.743Z - [Messenger] Received message, length: 2
[NX v22.6.2 Daemon Server] - 2026-04-02T13:21:53.753Z - [WATCHER]: Processing file changes in outputs
[NX v22.6.2 Daemon Server] - 2026-04-02T13:21:57.134Z - [WATCHER]: Processing file changes in outputs
[NX v22.6.2 Daemon Client] - 2026-04-02T13:21:57.841Z - [Messenger] Sending message type: RECORD_OUTPUTS_HASH
[NX v22.6.2 Daemon Client] - 2026-04-02T13:21:57.841Z - [Messenger] Message sent
[NX v22.6.2 Daemon Server] - 2026-04-02T13:21:57.842Z - Received raw message of length 200
[NX v22.6.2 Daemon Server] - 2026-04-02T13:21:57.842Z - Received json message of type RECORD_OUTPUTS_HASH
[NX v22.6.2 Daemon Server] - 2026-04-02T13:21:57.845Z - Serializing response for RECORD_OUTPUTS_HASH message in json mode
[NX v22.6.2 Daemon Server] - 2026-04-02T13:21:57.845Z - Responding to RECORD_OUTPUTS_HASH message
[NX v22.6.2 Daemon Server] - 2026-04-02T13:21:57.845Z - [REQUEST]: Responding to the client. recordOutputsHash
[NX v22.6.2 Daemon Server] - 2026-04-02T13:21:57.845Z - Done responding to the client recordOutputsHash
[NX v22.6.2 Daemon Server] - 2026-04-02T13:21:57.845Z - Handled json message RECORD_OUTPUTS_HASH. Handling time: 3. Response time: 0.
[NX v22.6.2 Daemon Server] - 2026-04-02T13:21:57.845Z - [WATCHER]: Processing file changes in outputs
[NX v22.6.2 Daemon Client] - 2026-04-02T13:21:57.845Z - [Messenger] Received message, length: 2
[NX v22.6.2 Daemon Server] - 2026-04-02T13:21:57.915Z - [WATCHER]: Processing file changes in outputs
[NX v22.6.2 Daemon Server] - 2026-04-02T13:21:57.928Z - [LATEST-NX]: Successfully pulled latest Nx to /private/var/folders/hb/3my_1qdj0w149mpd7vs6mkn80000gn/T/tmp-58854-kTl1Jn6DJ6To
[NX v22.6.4 Daemon Server] - 2026-04-02T13:21:58.190Z - [NX-CONSOLE]: Using local implementation (NX_USE_LOCAL=true or inner call)
[NX v22.6.2 Daemon Server] - 2026-04-02T13:21:58.196Z - [WATCHER]: Processing file changes in outputs
DEBUG nx::native::ide::install: Detected editor: Unknown
[NX v22.6.2 Daemon Server] - 2026-04-02T13:21:58.200Z - [NX-CONSOLE]: Console status check completed, shouldPrompt: false
DEBUG nx::native::ide::install: Editor command 'code' is installed
DEBUG nx::native::ide::install: Editor command 'code-insiders' not found
DEBUG nx::native::ide::install: Checking if Nx Console extension is installed with: code --list-extensions
DEBUG nx::native::ide::install: Nx Console extension is not installed
DEBUG nx::native::ide::install: Editor command 'cursor' not found
DEBUG nx::native::ide::install: Checking if Nx Console extension is installed with: cursor --list-extensions
DEBUG nx::native::ide::install: Command 'cursor' not found, cannot check extension status
[NX v22.6.2 Daemon Server] - 2026-04-02T13:21:59.395Z - [AI-AGENTS]: Agent configuration status computation completed: 0 fully configured, 0 outdated, 0 partially configured, 5 non-configured
[NX v22.6.2 Daemon Server] - 2026-04-02T13:21:59.500Z - [WATCHER]: Processing file changes in outputs
[NX v22.6.2 Daemon Server] - 2026-04-02T13:21:59.748Z - [WATCHER]: Processing file changes in outputs
[NX v22.6.2 Daemon Client] - 2026-04-02T13:22:02.357Z - [Messenger] Sending message type: RECORD_OUTPUTS_HASH
[NX v22.6.2 Daemon Client] - 2026-04-02T13:22:02.357Z - [Messenger] Message sent
[NX v22.6.2 Daemon Server] - 2026-04-02T13:22:02.358Z - Received raw message of length 224
[NX v22.6.2 Daemon Server] - 2026-04-02T13:22:02.358Z - Received json message of type RECORD_OUTPUTS_HASH
[NX v22.6.2 Daemon Server] - 2026-04-02T13:22:02.361Z - Serializing response for RECORD_OUTPUTS_HASH message in json mode
[NX v22.6.2 Daemon Server] - 2026-04-02T13:22:02.361Z - Responding to RECORD_OUTPUTS_HASH message
[NX v22.6.2 Daemon Server] - 2026-04-02T13:22:02.361Z - [REQUEST]: Responding to the client. recordOutputsHash
[NX v22.6.2 Daemon Server] - 2026-04-02T13:22:02.361Z - Done responding to the client recordOutputsHash
[NX v22.6.2 Daemon Server] - 2026-04-02T13:22:02.361Z - Handled json message RECORD_OUTPUTS_HASH. Handling time: 3. Response time: 0.
[NX v22.6.2 Daemon Client] - 2026-04-02T13:22:02.361Z - [Messenger] Received message, length: 2
[NX v22.6.2 Daemon Server] - 2026-04-02T13:22:02.386Z - [WATCHER]: Processing file changes in outputs
[NX v22.6.2 Daemon Server] - 2026-04-02T13:22:03.638Z - [WATCHER]: Processing file changes in outputs
[NX v22.6.2 Daemon Server] - 2026-04-02T13:22:03.731Z - [WATCHER]: Processing file changes in outputs
[NX v22.6.2 Daemon Server] - 2026-04-02T13:22:03.928Z - [WATCHER]: Processing file changes in outputs
[NX v22.6.2 Daemon Server] - 2026-04-02T13:22:04.072Z - [WATCHER]: Processing file changes in outputs
[NX v22.6.2 Daemon Client] - 2026-04-02T13:22:04.486Z - [Messenger] Sending message type: RECORD_OUTPUTS_HASH
[NX v22.6.2 Daemon Client] - 2026-04-02T13:22:04.486Z - [Messenger] Message sent
[NX v22.6.2 Daemon Server] - 2026-04-02T13:22:04.486Z - Received raw message of length 204
[NX v22.6.2 Daemon Server] - 2026-04-02T13:22:04.486Z - Received json message of type RECORD_OUTPUTS_HASH
[NX v22.6.2 Daemon Server] - 2026-04-02T13:22:04.488Z - Serializing response for RECORD_OUTPUTS_HASH message in json mode
[NX v22.6.2 Daemon Server] - 2026-04-02T13:22:04.488Z - Responding to RECORD_OUTPUTS_HASH message
[NX v22.6.2 Daemon Server] - 2026-04-02T13:22:04.488Z - [REQUEST]: Responding to the client. recordOutputsHash
[NX v22.6.2 Daemon Server] - 2026-04-02T13:22:04.488Z - Done responding to the client recordOutputsHash
[NX v22.6.2 Daemon Server] - 2026-04-02T13:22:04.488Z - Handled json message RECORD_OUTPUTS_HASH. Handling time: 2. Response time: 0.
[NX v22.6.2 Daemon Client] - 2026-04-02T13:22:04.488Z - [Messenger] Received message, length: 2
[NX v22.6.2 Daemon Server] - 2026-04-02T13:22:04.522Z - [WATCHER]: Processing file changes in outputs
[NX v22.6.2 Daemon Server] - 2026-04-02T13:22:04.931Z - [WATCHER]: Processing file changes in outputs
[NX v22.6.2 Daemon Client] - 2026-04-02T13:22:04.984Z - [Messenger] Sending message type: RECORD_OUTPUTS_HASH
[NX v22.6.2 Daemon Client] - 2026-04-02T13:22:04.984Z - [Messenger] Message sent
[NX v22.6.2 Daemon Server] - 2026-04-02T13:22:04.984Z - Received raw message of length 208
[NX v22.6.2 Daemon Server] - 2026-04-02T13:22:04.984Z - Received json message of type RECORD_OUTPUTS_HASH
[NX v22.6.2 Daemon Server] - 2026-04-02T13:22:04.987Z - Serializing response for RECORD_OUTPUTS_HASH message in json mode
[NX v22.6.2 Daemon Server] - 2026-04-02T13:22:04.987Z - Responding to RECORD_OUTPUTS_HASH message
[NX v22.6.2 Daemon Server] - 2026-04-02T13:22:04.987Z - [REQUEST]: Responding to the client. recordOutputsHash
[NX v22.6.2 Daemon Server] - 2026-04-02T13:22:04.987Z - Done responding to the client recordOutputsHash
[NX v22.6.2 Daemon Server] - 2026-04-02T13:22:04.987Z - Handled json message RECORD_OUTPUTS_HASH. Handling time: 3. Response time: 0.
[NX v22.6.2 Daemon Client] - 2026-04-02T13:22:04.987Z - [Messenger] Received message, length: 2
[NX v22.6.2 Daemon Server] - 2026-04-02T13:22:04.992Z - [WATCHER]: Processing file changes in outputs
[NX v22.6.2 Daemon Server] - 2026-04-02T13:22:05.045Z - [WATCHER]: Processing file changes in outputs
[NX v22.6.2 Daemon Server] - 2026-04-02T13:22:05.650Z - [WATCHER]: Processing file changes in outputs
[NX v22.6.2 Daemon Server] - 2026-04-02T13:22:06.049Z - [WATCHER]: Processing file changes in outputs
[NX v22.6.2 Daemon Client] - 2026-04-02T13:22:06.728Z - [Messenger] Sending message type: RECORD_OUTPUTS_HASH
[NX v22.6.2 Daemon Client] - 2026-04-02T13:22:06.728Z - [Messenger] Message sent
[NX v22.6.2 Daemon Server] - 2026-04-02T13:22:06.728Z - Received raw message of length 204
[NX v22.6.2 Daemon Server] - 2026-04-02T13:22:06.728Z - Received json message of type RECORD_OUTPUTS_HASH
[NX v22.6.2 Daemon Server] - 2026-04-02T13:22:06.731Z - Serializing response for RECORD_OUTPUTS_HASH message in json mode
[NX v22.6.2 Daemon Server] - 2026-04-02T13:22:06.731Z - Responding to RECORD_OUTPUTS_HASH message
[NX v22.6.2 Daemon Server] - 2026-04-02T13:22:06.731Z - [REQUEST]: Responding to the client. recordOutputsHash
[NX v22.6.2 Daemon Server] - 2026-04-02T13:22:06.731Z - Done responding to the client recordOutputsHash
[NX v22.6.2 Daemon Server] - 2026-04-02T13:22:06.731Z - Handled json message RECORD_OUTPUTS_HASH. Handling time: 3. Response time: 0.
[NX v22.6.2 Daemon Client] - 2026-04-02T13:22:06.732Z - [Messenger] Received message, length: 2
[NX v22.6.2 Daemon Server] - 2026-04-02T13:22:06.755Z - [WATCHER]: Processing file changes in outputs
[NX v22.6.2 Daemon Server] - 2026-04-02T13:22:07.900Z - [WATCHER]: Processing file changes in outputs
[NX v22.6.2 Daemon Server] - 2026-04-02T13:22:08.119Z - [WATCHER]: Processing file changes in outputs
[NX v22.6.2 Daemon Server] - 2026-04-02T13:22:08.275Z - [WATCHER]: Processing file changes in outputs
[NX v22.6.2 Daemon Server] - 2026-04-02T13:22:08.415Z - [WATCHER]: Processing file changes in outputs
[NX v22.6.2 Daemon Client] - 2026-04-02T13:22:09.270Z - [Messenger] Sending message type: RECORD_OUTPUTS_HASH
[NX v22.6.2 Daemon Client] - 2026-04-02T13:22:09.270Z - [Messenger] Message sent
[NX v22.6.2 Daemon Server] - 2026-04-02T13:22:09.270Z - Received raw message of length 231
[NX v22.6.2 Daemon Server] - 2026-04-02T13:22:09.270Z - Received json message of type RECORD_OUTPUTS_HASH
[NX v22.6.2 Daemon Server] - 2026-04-02T13:22:09.272Z - Serializing response for RECORD_OUTPUTS_HASH message in json mode
[NX v22.6.2 Daemon Server] - 2026-04-02T13:22:09.272Z - Responding to RECORD_OUTPUTS_HASH message
[NX v22.6.2 Daemon Server] - 2026-04-02T13:22:09.272Z - [REQUEST]: Responding to the client. recordOutputsHash
[NX v22.6.2 Daemon Server] - 2026-04-02T13:22:09.272Z - Done responding to the client recordOutputsHash
[NX v22.6.2 Daemon Server] - 2026-04-02T13:22:09.272Z - Handled json message RECORD_OUTPUTS_HASH. Handling time: 2. Response time: 0.
[NX v22.6.2 Daemon Client] - 2026-04-02T13:22:09.272Z - [Messenger] Received message, length: 2
[NX v22.6.2 Daemon Server] - 2026-04-02T13:22:09.309Z - [WATCHER]: Processing file changes in outputs
[NX v22.6.2 Daemon Server] - 2026-04-02T13:22:10.948Z - [WATCHER]: Processing file changes in outputs
[NX v22.6.2 Daemon Client] - 2026-04-02T13:22:10.962Z - [Messenger] Sending message type: RECORD_OUTPUTS_HASH
[NX v22.6.2 Daemon Client] - 2026-04-02T13:22:10.962Z - [Messenger] Message sent
[NX v22.6.2 Daemon Server] - 2026-04-02T13:22:10.964Z - Received raw message of length 236
[NX v22.6.2 Daemon Server] - 2026-04-02T13:22:10.964Z - Received json message of type RECORD_OUTPUTS_HASH
[NX v22.6.2 Daemon Server] - 2026-04-02T13:22:10.967Z - Serializing response for RECORD_OUTPUTS_HASH message in json mode
[NX v22.6.2 Daemon Server] - 2026-04-02T13:22:10.967Z - Responding to RECORD_OUTPUTS_HASH message
[NX v22.6.2 Daemon Server] - 2026-04-02T13:22:10.967Z - [REQUEST]: Responding to the client. recordOutputsHash
[NX v22.6.2 Daemon Server] - 2026-04-02T13:22:10.967Z - Done responding to the client recordOutputsHash
[NX v22.6.2 Daemon Server] - 2026-04-02T13:22:10.967Z - Handled json message RECORD_OUTPUTS_HASH. Handling time: 3. Response time: 0.
[NX v22.6.2 Daemon Client] - 2026-04-02T13:22:10.967Z - [Messenger] Received message, length: 2
[NX v22.6.2 Daemon Server] - 2026-04-02T13:22:11.027Z - [WATCHER]: Processing file changes in outputs
[NX v22.6.2 Daemon Server] - 2026-04-02T13:22:17.342Z - [WATCHER]: Processing file changes in outputs
[NX v22.6.2 Daemon Server] - 2026-04-02T13:22:17.831Z - [WATCHER]: Processing file changes in outputs
[NX v22.6.2 Daemon Client] - 2026-04-02T13:22:17.861Z - [Messenger] Sending message type: RECORD_OUTPUTS_HASH
[NX v22.6.2 Daemon Client] - 2026-04-02T13:22:17.861Z - [Messenger] Message sent
[NX v22.6.2 Daemon Server] - 2026-04-02T13:22:17.862Z - Received raw message of length 183
[NX v22.6.2 Daemon Server] - 2026-04-02T13:22:17.862Z - Received json message of type RECORD_OUTPUTS_HASH
[NX v22.6.2 Daemon Server] - 2026-04-02T13:22:17.866Z - Serializing response for RECORD_OUTPUTS_HASH message in json mode
[NX v22.6.2 Daemon Server] - 2026-04-02T13:22:17.866Z - Responding to RECORD_OUTPUTS_HASH message
[NX v22.6.2 Daemon Server] - 2026-04-02T13:22:17.866Z - [REQUEST]: Responding to the client. recordOutputsHash
[NX v22.6.2 Daemon Server] - 2026-04-02T13:22:17.866Z - Done responding to the client recordOutputsHash
[NX v22.6.2 Daemon Server] - 2026-04-02T13:22:17.866Z - Handled json message RECORD_OUTPUTS_HASH. Handling time: 4. Response time: 0.
[NX v22.6.2 Daemon Client] - 2026-04-02T13:22:17.867Z - [Messenger] Received message, length: 2
[NX v22.6.2 Daemon Server] - 2026-04-02T13:22:17.922Z - [WATCHER]: Processing file changes in outputs
[NX v22.6.2 Daemon Server] - 2026-04-02T13:22:27.857Z - [WATCHER]: Processing file changes in outputs
[NX v22.6.2 Daemon Server] - 2026-04-02T13:22:37.731Z - [WATCHER]: Processing file changes in outputs
[NX v22.6.2 Daemon Server] - 2026-04-02T13:22:38.762Z - [WATCHER]: Processing file changes in outputs
[NX v22.6.2 Daemon Client] - 2026-04-02T13:22:38.852Z - [Messenger] Sending message type: RECORD_OUTPUTS_HASH
[NX v22.6.2 Daemon Client] - 2026-04-02T13:22:38.852Z - [Messenger] Message sent
[NX v22.6.2 Daemon Server] - 2026-04-02T13:22:38.852Z - Received raw message of length 195
[NX v22.6.2 Daemon Server] - 2026-04-02T13:22:38.852Z - Received json message of type RECORD_OUTPUTS_HASH
[NX v22.6.2 Daemon Server] - 2026-04-02T13:22:38.859Z - Serializing response for RECORD_OUTPUTS_HASH message in json mode
[NX v22.6.2 Daemon Server] - 2026-04-02T13:22:38.859Z - Responding to RECORD_OUTPUTS_HASH message
[NX v22.6.2 Daemon Server] - 2026-04-02T13:22:38.859Z - [REQUEST]: Responding to the client. recordOutputsHash
[NX v22.6.2 Daemon Server] - 2026-04-02T13:22:38.859Z - Done responding to the client recordOutputsHash
[NX v22.6.2 Daemon Server] - 2026-04-02T13:22:38.859Z - Handled json message RECORD_OUTPUTS_HASH. Handling time: 7. Response time: 0.
[NX v22.6.2 Daemon Client] - 2026-04-02T13:22:38.859Z - [Messenger] Received message, length: 2
[NX v22.6.2 Daemon Client] - 2026-04-02T13:22:38.895Z - [Messenger] Sending message type: RECORD_TASK_RUNS
[NX v22.6.2 Daemon Client] - 2026-04-02T13:22:38.895Z - [Messenger] Message sent
[NX v22.6.2 Daemon Server] - 2026-04-02T13:22:38.898Z - Received raw message of length 2371
[NX v22.6.2 Daemon Server] - 2026-04-02T13:22:38.899Z - Received json message of type RECORD_TASK_RUNS
[NX v22.6.2 Daemon Server] - 2026-04-02T13:22:38.900Z - Serializing response for RECORD_TASK_RUNS message in json mode
[NX v22.6.2 Daemon Server] - 2026-04-02T13:22:38.900Z - Responding to RECORD_TASK_RUNS message
[NX v22.6.2 Daemon Server] - 2026-04-02T13:22:38.900Z - [REQUEST]: Responding to the client. handleRecordTaskRuns
[NX v22.6.2 Daemon Server] - 2026-04-02T13:22:38.900Z - Done responding to the client handleRecordTaskRuns
[NX v22.6.2 Daemon Server] - 2026-04-02T13:22:38.900Z - Handled json message RECORD_TASK_RUNS. Handling time: 1. Response time: 0.
[NX v22.6.2 Daemon Client] - 2026-04-02T13:22:38.900Z - [Messenger] Received message, length: 4
[NX v22.6.2 Daemon Client] - 2026-04-02T13:22:38.901Z - [Messenger] Sending message type: GET_FLAKY_TASKS
[NX v22.6.2 Daemon Client] - 2026-04-02T13:22:38.901Z - [Messenger] Message sent
[NX v22.6.2 Daemon Server] - 2026-04-02T13:22:38.901Z - Received raw message of length 331
[NX v22.6.2 Daemon Server] - 2026-04-02T13:22:38.901Z - Received json message of type GET_FLAKY_TASKS
[NX v22.6.2 Daemon Server] - 2026-04-02T13:22:38.901Z - Serializing response for GET_FLAKY_TASKS message in json mode
[NX v22.6.2 Daemon Server] - 2026-04-02T13:22:38.901Z - Responding to GET_FLAKY_TASKS message
[NX v22.6.2 Daemon Server] - 2026-04-02T13:22:38.901Z - [REQUEST]: Responding to the client. handleGetFlakyTasks
[NX v22.6.2 Daemon Server] - 2026-04-02T13:22:38.901Z - Done responding to the client handleGetFlakyTasks
[NX v22.6.2 Daemon Server] - 2026-04-02T13:22:38.901Z - Handled json message GET_FLAKY_TASKS. Handling time: 0. Response time: 0.
[NX v22.6.2 Daemon Client] - 2026-04-02T13:22:38.901Z - [Messenger] Received message, length: 2
[NX v22.6.2 Daemon Server] - 2026-04-02T13:22:38.915Z - [WATCHER]: Processing file changes in outputs
[NX v22.6.2 Daemon Client] - 2026-04-02T13:22:41.951Z - [Messenger] Sending message type: GET_CONFIGURE_AI_AGENTS_STATUS
[NX v22.6.2 Daemon Server] - 2026-04-02T13:22:41.952Z - Established a connection. Number of open connections: 2
[NX v22.6.2 Daemon Client] - 2026-04-02T13:22:41.952Z - [Messenger] Message sent
[NX v22.6.2 Daemon Server] - 2026-04-02T13:22:41.952Z - Received raw message of length 41
[NX v22.6.2 Daemon Server] - 2026-04-02T13:22:41.952Z - Received json message of type GET_CONFIGURE_AI_AGENTS_STATUS
[NX v22.6.2 Daemon Server] - 2026-04-02T13:22:41.952Z - [AI-AGENTS]: Returning cached agent configuration status
[NX v22.6.2 Daemon Server] - 2026-04-02T13:22:41.952Z - Serializing response for GET_CONFIGURE_AI_AGENTS_STATUS message in json mode
[NX v22.6.2 Daemon Server] - 2026-04-02T13:22:41.952Z - Responding to GET_CONFIGURE_AI_AGENTS_STATUS message
[NX v22.6.2 Daemon Server] - 2026-04-02T13:22:41.952Z - [REQUEST]: Responding to the client. handleGetConfigureAiAgentsStatus
[NX v22.6.2 Daemon Server] - 2026-04-02T13:22:41.952Z - Done responding to the client handleGetConfigureAiAgentsStatus
[NX v22.6.2 Daemon Server] - 2026-04-02T13:22:41.952Z - Handled json message GET_CONFIGURE_AI_AGENTS_STATUS. Handling time: 0. Response time: 0.
[NX v22.6.2 Daemon Client] - 2026-04-02T13:22:41.953Z - [Messenger] Received message, length: 342
[NX v22.6.2 Daemon Server] - 2026-04-02T13:22:41.953Z - Closed a connection. Number of open connections: 1
[NX v22.6.2 Daemon Client] - 2026-04-02T13:22:42.174Z - [Messenger] Sending message type: POST_TASKS_EXECUTION
[NX v22.6.2 Daemon Client] - 2026-04-02T13:22:42.177Z - [Messenger] Message sent
[NX v22.6.2 Daemon Server] - 2026-04-02T13:22:42.179Z - Received raw message of length 499838
[NX v22.6.2 Daemon Server] - 2026-04-02T13:22:42.181Z - Received json message of type POST_TASKS_EXECUTION
[NX v22.6.2 Daemon Server] - 2026-04-02T13:22:42.182Z - Serializing response for POST_TASKS_EXECUTION message in json mode
[NX v22.6.2 Daemon Server] - 2026-04-02T13:22:42.182Z - Responding to POST_TASKS_EXECUTION message
[NX v22.6.2 Daemon Server] - 2026-04-02T13:22:42.182Z - [REQUEST]: Responding to the client. handleRunPostTasksExecution
[NX v22.6.2 Daemon Server] - 2026-04-02T13:22:42.182Z - Done responding to the client handleRunPostTasksExecution
[NX v22.6.2 Daemon Server] - 2026-04-02T13:22:42.182Z - Handled json message POST_TASKS_EXECUTION. Handling time: 1. Response time: 0.
[NX v22.6.2 Daemon Server] - 2026-04-02T13:22:42.182Z - Time taken for 'postTasksExecution' 0.2071250000008149ms
[NX v22.6.2 Daemon Client] - 2026-04-02T13:22:42.182Z - [Messenger] Received message, length: 4
[NX v22.6.2 Daemon Server] - 2026-04-02T13:22:42.195Z - Closed a connection. Number of open connections: 0
[NX v22.6.2 Daemon Server] - 2026-04-02T13:23:03.974Z - Established a connection. Number of open connections: 1
[NX v22.6.2 Daemon Server] - 2026-04-02T13:23:03.975Z - Closed a connection. Number of open connections: 0
[NX v22.6.2 Daemon Server] - 2026-04-02T13:23:03.975Z - Established a connection. Number of open connections: 1
[NX v22.6.2 Daemon Server] - 2026-04-02T13:23:03.976Z - Closed a connection. Number of open connections: 0
[NX v22.6.2 Daemon Server] - 2026-04-02T13:23:03.976Z - Established a connection. Number of open connections: 1
[NX v22.6.2 Daemon Client] - 2026-04-02T13:23:03.976Z - [Messenger] Setting up socket listeners
[NX v22.6.2 Daemon Client] - 2026-04-02T13:23:03.977Z - [Messenger] listen() complete
[NX v22.6.2 Daemon Client] - 2026-04-02T13:23:03.978Z - [Messenger] Sending message type: GET_NX_CONSOLE_STATUS
[NX v22.6.2 Daemon Client] - 2026-04-02T13:23:03.978Z - [Messenger] Message sent
[NX v22.6.2 Daemon Server] - 2026-04-02T13:23:03.988Z - Received raw message of length 32
[NX v22.6.2 Daemon Server] - 2026-04-02T13:23:03.988Z - Received json message of type GET_NX_CONSOLE_STATUS
[NX v22.6.2 Daemon Server] - 2026-04-02T13:23:03.988Z - Serializing response for GET_NX_CONSOLE_STATUS message in json mode
[NX v22.6.2 Daemon Server] - 2026-04-02T13:23:03.988Z - Responding to GET_NX_CONSOLE_STATUS message
[NX v22.6.2 Daemon Server] - 2026-04-02T13:23:03.988Z - [REQUEST]: Responding to the client. handleGetNxConsoleStatus
[NX v22.6.2 Daemon Server] - 2026-04-02T13:23:03.988Z - Done responding to the client handleGetNxConsoleStatus
[NX v22.6.2 Daemon Server] - 2026-04-02T13:23:03.988Z - Handled json message GET_NX_CONSOLE_STATUS. Handling time: 0. Response time: 0.
[NX v22.6.2 Daemon Client] - 2026-04-02T13:23:03.988Z - [Messenger] Received message, length: 22
[NX v22.6.2 Daemon Client] - 2026-04-02T13:23:04.039Z - [Messenger] Sending message type: REQUEST_PROJECT_GRAPH
[NX v22.6.2 Daemon Client] - 2026-04-02T13:23:04.039Z - [Messenger] Message sent
[NX v22.6.2 Daemon Server] - 2026-04-02T13:23:04.040Z - Received raw message of length 32
[NX v22.6.2 Daemon Server] - 2026-04-02T13:23:04.040Z - Received json message of type REQUEST_PROJECT_GRAPH
[NX v22.6.2 Daemon Server] - 2026-04-02T13:23:04.040Z - [REQUEST]: Client Request for Project Graph Received
[NX v22.6.2 Daemon Server] - 2026-04-02T13:23:04.040Z - Reusing in-memory cached project graph because no files changed.
[NX v22.6.2 Daemon Server] - 2026-04-02T13:23:04.040Z - Serializing response for REQUEST_PROJECT_GRAPH message in json mode
[NX v22.6.2 Daemon Server] - 2026-04-02T13:23:04.040Z - Responding to REQUEST_PROJECT_GRAPH message
[NX v22.6.2 Daemon Server] - 2026-04-02T13:23:04.040Z - [REQUEST]: Responding to the client. project-graph
[NX v22.6.2 Daemon Server] - 2026-04-02T13:23:04.042Z - Time taken for 'total for creating and serializing project graph' 0.33787499999743886ms
[NX v22.6.2 Daemon Server] - 2026-04-02T13:23:04.045Z - Done responding to the client project-graph
[NX v22.6.2 Daemon Server] - 2026-04-02T13:23:04.045Z - Handled json message REQUEST_PROJECT_GRAPH. Handling time: 0. Response time: 5.
[NX v22.6.2 Daemon Client] - 2026-04-02T13:23:04.046Z - [Messenger] Received message, length: 1251133
[NX v22.6.2 Daemon Client] - 2026-04-02T13:23:04.052Z - [Messenger] Sending message type: PRE_TASKS_EXECUTION
[NX v22.6.2 Daemon Client] - 2026-04-02T13:23:04.052Z - [Messenger] Message sent
[NX v22.6.2 Daemon Server] - 2026-04-02T13:23:04.052Z - Received raw message of length 742
[NX v22.6.2 Daemon Server] - 2026-04-02T13:23:04.052Z - Received json message of type PRE_TASKS_EXECUTION
[NX v22.6.2 Daemon Server] - 2026-04-02T13:23:04.052Z - Serializing response for PRE_TASKS_EXECUTION message in json mode
[NX v22.6.2 Daemon Server] - 2026-04-02T13:23:04.052Z - Responding to PRE_TASKS_EXECUTION message
[NX v22.6.2 Daemon Server] - 2026-04-02T13:23:04.052Z - [REQUEST]: Responding to the client. handleRunPreTasksExecution
[NX v22.6.2 Daemon Server] - 2026-04-02T13:23:04.053Z - Done responding to the client handleRunPreTasksExecution
[NX v22.6.2 Daemon Server] - 2026-04-02T13:23:04.053Z - Handled json message PRE_TASKS_EXECUTION. Handling time: 0. Response time: 1.
[NX v22.6.2 Daemon Server] - 2026-04-02T13:23:04.053Z - Time taken for 'preTasksExecution' 0.13566699999500997ms
[NX v22.6.2 Daemon Client] - 2026-04-02T13:23:04.053Z - [Messenger] Received message, length: 2
[NX v22.6.2 Daemon Client] - 2026-04-02T13:23:04.115Z - [Messenger] Sending message type: HASH_TASKS
[NX v22.6.2 Daemon Client] - 2026-04-02T13:23:04.115Z - [Messenger] Message sent
[NX v22.6.2 Daemon Server] - 2026-04-02T13:23:04.117Z - Received raw message of length 21648
[NX v22.6.2 Daemon Server] - 2026-04-02T13:23:04.118Z - Received json message of type HASH_TASKS
[NX v22.6.2 Daemon Server] - 2026-04-02T13:23:04.118Z - Reusing in-memory cached project graph because no files changed.
DEBUG nx::native::tasks::hash_planner: get_plans_internal COMPLETED in 9.5295ms - processed 13 tasks (setup: 5.129208ms, parallel_planning: 4.398167ms)
DEBUG nx::native::tasks::hashers::hash_workspace_files: Hashing workspace fileset with inputs: Adding "11270979969866030128" (".gitignore") to hash
DEBUG nx::native::tasks::hashers::hash_workspace_files: Hashing workspace fileset with inputs: Adding "11270979969866030128" (".gitignore") to hash
DEBUG nx::native::tasks::hashers::hash_workspace_files: Hashing workspace fileset with inputs: Adding "11270979969866030128" (".gitignore") to hash
DEBUG nx::native::tasks::hashers::hash_workspace_files: Hashing workspace fileset with inputs: Adding "11270979969866030128" (".gitignore") to hash
DEBUG nx::native::tasks::hashers::hash_workspace_files: Hashing workspace fileset with inputs: Adding "11270979969866030128" (".gitignore") to hash
DEBUG nx::native::tasks::hashers::hash_workspace_files: Hashing workspace fileset with inputs: Adding "11270979969866030128" (".gitignore") to hash
DEBUG nx::native::tasks::hashers::hash_workspace_files: Hashing workspace fileset with inputs: Adding "11270979969866030128" (".gitignore") to hash
DEBUG nx::native::tasks::hashers::hash_workspace_files: Hashing workspace fileset with inputs: Adding "11270979969866030128" (".gitignore") to hash
DEBUG nx::native::tasks::hashers::hash_workspace_files: Hashing workspace fileset with inputs: Adding "3553820021084211887" ("nx.json") to hash
DEBUG nx::native::tasks::hashers::hash_workspace_files: Hashing workspace fileset with inputs: Hash Value: "10665259820010788507"
DEBUG nx::native::tasks::hashers::hash_workspace_files: Hashing workspace fileset with inputs: Adding "3553820021084211887" ("nx.json") to hash
DEBUG nx::native::tasks::hashers::hash_workspace_files: Hashing workspace fileset with inputs: Hash Value: "10665259820010788507"
DEBUG nx::native::tasks::hashers::hash_workspace_files: Hashing workspace fileset with inputs: Adding "3553820021084211887" ("nx.json") to hash
DEBUG nx::native::tasks::hashers::hash_workspace_files: Hashing workspace fileset with inputs: Hash Value: "10665259820010788507"
DEBUG nx::native::tasks::hashers::hash_workspace_files: Hashing workspace fileset with inputs: Adding "3553820021084211887" ("nx.json") to hash
DEBUG nx::native::tasks::hashers::hash_workspace_files: Hashing workspace fileset with inputs: Hash Value: "10665259820010788507"
DEBUG nx::native::tasks::hashers::hash_workspace_files: Hashing workspace fileset with inputs: Adding "3553820021084211887" ("nx.json") to hash
DEBUG nx::native::tasks::hashers::hash_workspace_files: Hashing workspace fileset with inputs: Hash Value: "10665259820010788507"
DEBUG nx::native::tasks::hashers::hash_workspace_files: Hashing workspace fileset with inputs: Adding "3553820021084211887" ("nx.json") to hash
DEBUG nx::native::tasks::hashers::hash_workspace_files: Hashing workspace fileset with inputs: Hash Value: "10665259820010788507"
DEBUG nx::native::tasks::hashers::hash_workspace_files: Hashing workspace fileset with inputs: Adding "3553820021084211887" ("nx.json") to hash
DEBUG nx::native::tasks::hashers::hash_workspace_files: Hashing workspace fileset with inputs: Hash Value: "10665259820010788507"
DEBUG nx::native::tasks::hashers::hash_workspace_files: Hashing workspace fileset with inputs: Adding "3553820021084211887" ("nx.json") to hash
DEBUG nx::native::tasks::hashers::hash_workspace_files: Hashing workspace fileset with inputs: Hash Value: "10665259820010788507"
DEBUG nx::native::tasks::task_hasher: hash_plans COMPLETED in 55.731375ms - processed 13 plans (setup: 1.114875ms, hashing: 54.612458ms, assembly: 7.24875ms)
[NX v22.6.2 Daemon Server] - 2026-04-02T13:23:04.188Z - Serializing response for HASH_TASKS message in json mode
[NX v22.6.2 Daemon Server] - 2026-04-02T13:23:04.189Z - Responding to HASH_TASKS message
[NX v22.6.2 Daemon Server] - 2026-04-02T13:23:04.189Z - [REQUEST]: Responding to the client. handleHashTasks
[NX v22.6.2 Daemon Server] - 2026-04-02T13:23:04.191Z - Done responding to the client handleHashTasks
[NX v22.6.2 Daemon Server] - 2026-04-02T13:23:04.191Z - Handled json message HASH_TASKS. Handling time: 70. Response time: 3.
[NX v22.6.2 Daemon Client] - 2026-04-02T13:23:04.191Z - [Messenger] Received message, length: 466562
[NX v22.6.2 Daemon Client] - 2026-04-02T13:23:04.241Z - [Messenger] Sending message type: GET_ESTIMATED_TASK_TIMINGS
[NX v22.6.2 Daemon Client] - 2026-04-02T13:23:04.242Z - [Messenger] Message sent
[NX v22.6.2 Daemon Server] - 2026-04-02T13:23:04.242Z - Received raw message of length 705
[NX v22.6.2 Daemon Server] - 2026-04-02T13:23:04.242Z - Received json message of type GET_ESTIMATED_TASK_TIMINGS
[NX v22.6.2 Daemon Server] - 2026-04-02T13:23:04.242Z - Serializing response for GET_ESTIMATED_TASK_TIMINGS message in json mode
[NX v22.6.2 Daemon Server] - 2026-04-02T13:23:04.242Z - Responding to GET_ESTIMATED_TASK_TIMINGS message
[NX v22.6.2 Daemon Server] - 2026-04-02T13:23:04.242Z - [REQUEST]: Responding to the client. handleGetEstimatedTaskTimings
[NX v22.6.2 Daemon Server] - 2026-04-02T13:23:04.242Z - Done responding to the client handleGetEstimatedTaskTimings
[NX v22.6.2 Daemon Server] - 2026-04-02T13:23:04.242Z - Handled json message GET_ESTIMATED_TASK_TIMINGS. Handling time: 0. Response time: 0.
[NX v22.6.2 Daemon Client] - 2026-04-02T13:23:04.243Z - [Messenger] Received message, length: 434
[NX v22.6.2 Daemon Client] - 2026-04-02T13:23:04.246Z - [Messenger] Sending message type: OUTPUTS_HASHES_MATCH
[NX v22.6.2 Daemon Client] - 2026-04-02T13:23:04.246Z - [Messenger] Message sent
[NX v22.6.2 Daemon Server] - 2026-04-02T13:23:04.246Z - Received raw message of length 237
[NX v22.6.2 Daemon Server] - 2026-04-02T13:23:04.246Z - Received json message of type OUTPUTS_HASHES_MATCH
[NX v22.6.2 Daemon Server] - 2026-04-02T13:23:04.251Z - Serializing response for OUTPUTS_HASHES_MATCH message in json mode
[NX v22.6.2 Daemon Server] - 2026-04-02T13:23:04.251Z - Responding to OUTPUTS_HASHES_MATCH message
[NX v22.6.2 Daemon Server] - 2026-04-02T13:23:04.251Z - [REQUEST]: Responding to the client. outputsHashesMatch
[NX v22.6.2 Daemon Server] - 2026-04-02T13:23:04.251Z - Done responding to the client outputsHashesMatch
[NX v22.6.2 Daemon Server] - 2026-04-02T13:23:04.251Z - Handled json message OUTPUTS_HASHES_MATCH. Handling time: 4. Response time: 0.
[NX v22.6.2 Daemon Client] - 2026-04-02T13:23:04.251Z - [Messenger] Received message, length: 4
[NX v22.6.2 Daemon Client] - 2026-04-02T13:23:04.251Z - [Messenger] Sending message type: OUTPUTS_HASHES_MATCH
[NX v22.6.2 Daemon Client] - 2026-04-02T13:23:04.251Z - [Messenger] Message sent
[NX v22.6.2 Daemon Server] - 2026-04-02T13:23:04.252Z - Received raw message of length 244
[NX v22.6.2 Daemon Server] - 2026-04-02T13:23:04.252Z - Received json message of type OUTPUTS_HASHES_MATCH
[NX v22.6.2 Daemon Server] - 2026-04-02T13:23:04.253Z - Serializing response for OUTPUTS_HASHES_MATCH message in json mode
[NX v22.6.2 Daemon Server] - 2026-04-02T13:23:04.253Z - Responding to OUTPUTS_HASHES_MATCH message
[NX v22.6.2 Daemon Server] - 2026-04-02T13:23:04.253Z - [REQUEST]: Responding to the client. outputsHashesMatch
[NX v22.6.2 Daemon Server] - 2026-04-02T13:23:04.253Z - Done responding to the client outputsHashesMatch
[NX v22.6.2 Daemon Server] - 2026-04-02T13:23:04.253Z - Handled json message OUTPUTS_HASHES_MATCH. Handling time: 1. Response time: 0.
[NX v22.6.2 Daemon Client] - 2026-04-02T13:23:04.253Z - [Messenger] Received message, length: 4
[NX v22.6.2 Daemon Client] - 2026-04-02T13:23:04.254Z - [Messenger] Sending message type: RECORD_OUTPUTS_HASH
[NX v22.6.2 Daemon Client] - 2026-04-02T13:23:04.254Z - [Messenger] Message sent
[NX v22.6.2 Daemon Server] - 2026-04-02T13:23:04.254Z - Received raw message of length 236
[NX v22.6.2 Daemon Server] - 2026-04-02T13:23:04.254Z - Received json message of type RECORD_OUTPUTS_HASH
[NX v22.6.2 Daemon Server] - 2026-04-02T13:23:04.256Z - Serializing response for RECORD_OUTPUTS_HASH message in json mode
[NX v22.6.2 Daemon Server] - 2026-04-02T13:23:04.256Z - Responding to RECORD_OUTPUTS_HASH message
[NX v22.6.2 Daemon Server] - 2026-04-02T13:23:04.256Z - [REQUEST]: Responding to the client. recordOutputsHash
[NX v22.6.2 Daemon Server] - 2026-04-02T13:23:04.256Z - Done responding to the client recordOutputsHash
[NX v22.6.2 Daemon Server] - 2026-04-02T13:23:04.256Z - Handled json message RECORD_OUTPUTS_HASH. Handling time: 2. Response time: 0.
[NX v22.6.2 Daemon Client] - 2026-04-02T13:23:04.256Z - [Messenger] Received message, length: 2
[NX v22.6.2 Daemon Client] - 2026-04-02T13:23:04.256Z - [Messenger] Sending message type: RECORD_OUTPUTS_HASH
[NX v22.6.2 Daemon Server] - 2026-04-02T13:23:04.256Z - Received raw message of length 243
[NX v22.6.2 Daemon Client] - 2026-04-02T13:23:04.256Z - [Messenger] Message sent
[NX v22.6.2 Daemon Server] - 2026-04-02T13:23:04.256Z - Received json message of type RECORD_OUTPUTS_HASH
[NX v22.6.2 Daemon Server] - 2026-04-02T13:23:04.258Z - Serializing response for RECORD_OUTPUTS_HASH message in json mode
[NX v22.6.2 Daemon Server] - 2026-04-02T13:23:04.258Z - Responding to RECORD_OUTPUTS_HASH message
[NX v22.6.2 Daemon Server] - 2026-04-02T13:23:04.258Z - [REQUEST]: Responding to the client. recordOutputsHash
[NX v22.6.2 Daemon Server] - 2026-04-02T13:23:04.258Z - Done responding to the client recordOutputsHash
[NX v22.6.2 Daemon Server] - 2026-04-02T13:23:04.258Z - Handled json message RECORD_OUTPUTS_HASH. Handling time: 2. Response time: 0.
[NX v22.6.2 Daemon Client] - 2026-04-02T13:23:04.258Z - [Messenger] Received message, length: 2
[NX v22.6.2 Daemon Client] - 2026-04-02T13:23:04.261Z - [Messenger] Sending message type: OUTPUTS_HASHES_MATCH
[NX v22.6.2 Daemon Client] - 2026-04-02T13:23:04.261Z - [Messenger] Message sent
[NX v22.6.2 Daemon Server] - 2026-04-02T13:23:04.261Z - Received raw message of length 245
[NX v22.6.2 Daemon Server] - 2026-04-02T13:23:04.261Z - Received json message of type OUTPUTS_HASHES_MATCH
[NX v22.6.2 Daemon Server] - 2026-04-02T13:23:04.264Z - Serializing response for OUTPUTS_HASHES_MATCH message in json mode
[NX v22.6.2 Daemon Server] - 2026-04-02T13:23:04.264Z - Responding to OUTPUTS_HASHES_MATCH message
[NX v22.6.2 Daemon Server] - 2026-04-02T13:23:04.264Z - [REQUEST]: Responding to the client. outputsHashesMatch
[NX v22.6.2 Daemon Server] - 2026-04-02T13:23:04.264Z - Done responding to the client outputsHashesMatch
[NX v22.6.2 Daemon Server] - 2026-04-02T13:23:04.264Z - Handled json message OUTPUTS_HASHES_MATCH. Handling time: 3. Response time: 0.
[NX v22.6.2 Daemon Client] - 2026-04-02T13:23:04.264Z - [Messenger] Received message, length: 4
[NX v22.6.2 Daemon Client] - 2026-04-02T13:23:04.265Z - [Messenger] Sending message type: OUTPUTS_HASHES_MATCH
[NX v22.6.2 Daemon Client] - 2026-04-02T13:23:04.265Z - [Messenger] Message sent
[NX v22.6.2 Daemon Server] - 2026-04-02T13:23:04.265Z - Received raw message of length 208
[NX v22.6.2 Daemon Server] - 2026-04-02T13:23:04.265Z - Received json message of type OUTPUTS_HASHES_MATCH
[NX v22.6.2 Daemon Server] - 2026-04-02T13:23:04.267Z - Serializing response for OUTPUTS_HASHES_MATCH message in json mode
[NX v22.6.2 Daemon Server] - 2026-04-02T13:23:04.267Z - Responding to OUTPUTS_HASHES_MATCH message
[NX v22.6.2 Daemon Server] - 2026-04-02T13:23:04.267Z - [REQUEST]: Responding to the client. outputsHashesMatch
[NX v22.6.2 Daemon Server] - 2026-04-02T13:23:04.267Z - Done responding to the client outputsHashesMatch
[NX v22.6.2 Daemon Server] - 2026-04-02T13:23:04.267Z - Handled json message OUTPUTS_HASHES_MATCH. Handling time: 2. Response time: 0.
[NX v22.6.2 Daemon Client] - 2026-04-02T13:23:04.267Z - [Messenger] Received message, length: 4
[NX v22.6.2 Daemon Client] - 2026-04-02T13:23:04.268Z - [Messenger] Sending message type: RECORD_OUTPUTS_HASH
[NX v22.6.2 Daemon Client] - 2026-04-02T13:23:04.268Z - [Messenger] Message sent
[NX v22.6.2 Daemon Server] - 2026-04-02T13:23:04.268Z - Received raw message of length 244
[NX v22.6.2 Daemon Server] - 2026-04-02T13:23:04.268Z - Received json message of type RECORD_OUTPUTS_HASH
[NX v22.6.2 Daemon Server] - 2026-04-02T13:23:04.269Z - Serializing response for RECORD_OUTPUTS_HASH message in json mode
[NX v22.6.2 Daemon Server] - 2026-04-02T13:23:04.269Z - Responding to RECORD_OUTPUTS_HASH message
[NX v22.6.2 Daemon Server] - 2026-04-02T13:23:04.270Z - [REQUEST]: Responding to the client. recordOutputsHash
[NX v22.6.2 Daemon Server] - 2026-04-02T13:23:04.270Z - Done responding to the client recordOutputsHash
[NX v22.6.2 Daemon Server] - 2026-04-02T13:23:04.270Z - Handled json message RECORD_OUTPUTS_HASH. Handling time: 1. Response time: 1.
[NX v22.6.2 Daemon Client] - 2026-04-02T13:23:04.270Z - [Messenger] Received message, length: 2
[NX v22.6.2 Daemon Client] - 2026-04-02T13:23:04.270Z - [Messenger] Sending message type: RECORD_OUTPUTS_HASH
[NX v22.6.2 Daemon Client] - 2026-04-02T13:23:04.270Z - [Messenger] Message sent
[NX v22.6.2 Daemon Server] - 2026-04-02T13:23:04.270Z - Received raw message of length 207
[NX v22.6.2 Daemon Server] - 2026-04-02T13:23:04.270Z - Received json message of type RECORD_OUTPUTS_HASH
[NX v22.6.2 Daemon Server] - 2026-04-02T13:23:04.272Z - Serializing response for RECORD_OUTPUTS_HASH message in json mode
[NX v22.6.2 Daemon Server] - 2026-04-02T13:23:04.272Z - Responding to RECORD_OUTPUTS_HASH message
[NX v22.6.2 Daemon Server] - 2026-04-02T13:23:04.272Z - [REQUEST]: Responding to the client. recordOutputsHash
[NX v22.6.2 Daemon Server] - 2026-04-02T13:23:04.272Z - Done responding to the client recordOutputsHash
[NX v22.6.2 Daemon Server] - 2026-04-02T13:23:04.272Z - Handled json message RECORD_OUTPUTS_HASH. Handling time: 2. Response time: 0.
[NX v22.6.2 Daemon Client] - 2026-04-02T13:23:04.272Z - [Messenger] Received message, length: 2
[NX v22.6.2 Daemon Client] - 2026-04-02T13:23:04.272Z - [Messenger] Sending message type: OUTPUTS_HASHES_MATCH
[NX v22.6.2 Daemon Client] - 2026-04-02T13:23:04.273Z - [Messenger] Message sent
[NX v22.6.2 Daemon Server] - 2026-04-02T13:23:04.273Z - Received raw message of length 201
[NX v22.6.2 Daemon Server] - 2026-04-02T13:23:04.273Z - Received json message of type OUTPUTS_HASHES_MATCH
[NX v22.6.2 Daemon Server] - 2026-04-02T13:23:04.276Z - Serializing response for OUTPUTS_HASHES_MATCH message in json mode
[NX v22.6.2 Daemon Server] - 2026-04-02T13:23:04.276Z - Responding to OUTPUTS_HASHES_MATCH message
[NX v22.6.2 Daemon Server] - 2026-04-02T13:23:04.276Z - [REQUEST]: Responding to the client. outputsHashesMatch
[NX v22.6.2 Daemon Server] - 2026-04-02T13:23:04.276Z - Done responding to the client outputsHashesMatch
[NX v22.6.2 Daemon Server] - 2026-04-02T13:23:04.276Z - Handled json message OUTPUTS_HASHES_MATCH. Handling time: 3. Response time: 0.
[NX v22.6.2 Daemon Client] - 2026-04-02T13:23:04.276Z - [Messenger] Received message, length: 4
[NX v22.6.2 Daemon Client] - 2026-04-02T13:23:04.276Z - [Messenger] Sending message type: RECORD_OUTPUTS_HASH
[NX v22.6.2 Daemon Client] - 2026-04-02T13:23:04.276Z - [Messenger] Message sent
[NX v22.6.2 Daemon Server] - 2026-04-02T13:23:04.277Z - Received raw message of length 200
[NX v22.6.2 Daemon Server] - 2026-04-02T13:23:04.277Z - Received json message of type RECORD_OUTPUTS_HASH
[NX v22.6.2 Daemon Server] - 2026-04-02T13:23:04.279Z - Serializing response for RECORD_OUTPUTS_HASH message in json mode
[NX v22.6.2 Daemon Server] - 2026-04-02T13:23:04.279Z - Responding to RECORD_OUTPUTS_HASH message
[NX v22.6.2 Daemon Server] - 2026-04-02T13:23:04.279Z - [REQUEST]: Responding to the client. recordOutputsHash
[NX v22.6.2 Daemon Server] - 2026-04-02T13:23:04.279Z - Done responding to the client recordOutputsHash
[NX v22.6.2 Daemon Server] - 2026-04-02T13:23:04.279Z - Handled json message RECORD_OUTPUTS_HASH. Handling time: 2. Response time: 0.
[NX v22.6.2 Daemon Client] - 2026-04-02T13:23:04.279Z - [Messenger] Received message, length: 2
[NX v22.6.2 Daemon Client] - 2026-04-02T13:23:04.280Z - [Messenger] Sending message type: OUTPUTS_HASHES_MATCH
[NX v22.6.2 Daemon Client] - 2026-04-02T13:23:04.280Z - [Messenger] Message sent
[NX v22.6.2 Daemon Server] - 2026-04-02T13:23:04.280Z - Received raw message of length 225
[NX v22.6.2 Daemon Server] - 2026-04-02T13:23:04.280Z - Received json message of type OUTPUTS_HASHES_MATCH
[NX v22.6.2 Daemon Server] - 2026-04-02T13:23:04.282Z - Serializing response for OUTPUTS_HASHES_MATCH message in json mode
[NX v22.6.2 Daemon Server] - 2026-04-02T13:23:04.282Z - Responding to OUTPUTS_HASHES_MATCH message
[NX v22.6.2 Daemon Server] - 2026-04-02T13:23:04.282Z - [REQUEST]: Responding to the client. outputsHashesMatch
[NX v22.6.2 Daemon Server] - 2026-04-02T13:23:04.282Z - Done responding to the client outputsHashesMatch
[NX v22.6.2 Daemon Server] - 2026-04-02T13:23:04.282Z - Handled json message OUTPUTS_HASHES_MATCH. Handling time: 2. Response time: 0.
[NX v22.6.2 Daemon Client] - 2026-04-02T13:23:04.282Z - [Messenger] Received message, length: 4
[NX v22.6.2 Daemon Client] - 2026-04-02T13:23:04.283Z - [Messenger] Sending message type: RECORD_OUTPUTS_HASH
[NX v22.6.2 Daemon Client] - 2026-04-02T13:23:04.283Z - [Messenger] Message sent
[NX v22.6.2 Daemon Server] - 2026-04-02T13:23:04.283Z - Received raw message of length 224
[NX v22.6.2 Daemon Server] - 2026-04-02T13:23:04.283Z - Received json message of type RECORD_OUTPUTS_HASH
[NX v22.6.2 Daemon Server] - 2026-04-02T13:23:04.285Z - Serializing response for RECORD_OUTPUTS_HASH message in json mode
[NX v22.6.2 Daemon Server] - 2026-04-02T13:23:04.285Z - Responding to RECORD_OUTPUTS_HASH message
[NX v22.6.2 Daemon Server] - 2026-04-02T13:23:04.285Z - [REQUEST]: Responding to the client. recordOutputsHash
[NX v22.6.2 Daemon Server] - 2026-04-02T13:23:04.285Z - Done responding to the client recordOutputsHash
[NX v22.6.2 Daemon Server] - 2026-04-02T13:23:04.285Z - Handled json message RECORD_OUTPUTS_HASH. Handling time: 2. Response time: 0.
[NX v22.6.2 Daemon Client] - 2026-04-02T13:23:04.285Z - [Messenger] Received message, length: 2
[NX v22.6.2 Daemon Client] - 2026-04-02T13:23:04.288Z - [Messenger] Sending message type: OUTPUTS_HASHES_MATCH
[NX v22.6.2 Daemon Client] - 2026-04-02T13:23:04.288Z - [Messenger] Message sent
[NX v22.6.2 Daemon Server] - 2026-04-02T13:23:04.288Z - Received raw message of length 205
[NX v22.6.2 Daemon Server] - 2026-04-02T13:23:04.288Z - Received json message of type OUTPUTS_HASHES_MATCH
[NX v22.6.2 Daemon Server] - 2026-04-02T13:23:04.291Z - Serializing response for OUTPUTS_HASHES_MATCH message in json mode
[NX v22.6.2 Daemon Server] - 2026-04-02T13:23:04.291Z - Responding to OUTPUTS_HASHES_MATCH message
[NX v22.6.2 Daemon Server] - 2026-04-02T13:23:04.291Z - [REQUEST]: Responding to the client. outputsHashesMatch
[NX v22.6.2 Daemon Server] - 2026-04-02T13:23:04.291Z - Done responding to the client outputsHashesMatch
[NX v22.6.2 Daemon Server] - 2026-04-02T13:23:04.291Z - Handled json message OUTPUTS_HASHES_MATCH. Handling time: 3. Response time: 0.
[NX v22.6.2 Daemon Client] - 2026-04-02T13:23:04.291Z - [Messenger] Received message, length: 4
[NX v22.6.2 Daemon Client] - 2026-04-02T13:23:04.291Z - [Messenger] Sending message type: OUTPUTS_HASHES_MATCH
[NX v22.6.2 Daemon Server] - 2026-04-02T13:23:04.291Z - Received raw message of length 209
[NX v22.6.2 Daemon Client] - 2026-04-02T13:23:04.291Z - [Messenger] Message sent
[NX v22.6.2 Daemon Server] - 2026-04-02T13:23:04.291Z - Received json message of type OUTPUTS_HASHES_MATCH
[NX v22.6.2 Daemon Server] - 2026-04-02T13:23:04.295Z - Serializing response for OUTPUTS_HASHES_MATCH message in json mode
[NX v22.6.2 Daemon Server] - 2026-04-02T13:23:04.295Z - Responding to OUTPUTS_HASHES_MATCH message
[NX v22.6.2 Daemon Server] - 2026-04-02T13:23:04.295Z - [REQUEST]: Responding to the client. outputsHashesMatch
[NX v22.6.2 Daemon Server] - 2026-04-02T13:23:04.295Z - Done responding to the client outputsHashesMatch
[NX v22.6.2 Daemon Server] - 2026-04-02T13:23:04.295Z - Handled json message OUTPUTS_HASHES_MATCH. Handling time: 4. Response time: 0.
[NX v22.6.2 Daemon Client] - 2026-04-02T13:23:04.295Z - [Messenger] Received message, length: 4
[NX v22.6.2 Daemon Client] - 2026-04-02T13:23:04.295Z - [Messenger] Sending message type: RECORD_OUTPUTS_HASH
[NX v22.6.2 Daemon Client] - 2026-04-02T13:23:04.296Z - [Messenger] Message sent
[NX v22.6.2 Daemon Server] - 2026-04-02T13:23:04.296Z - Received raw message of length 204
[NX v22.6.2 Daemon Server] - 2026-04-02T13:23:04.296Z - Received json message of type RECORD_OUTPUTS_HASH
[NX v22.6.2 Daemon Server] - 2026-04-02T13:23:04.297Z - Serializing response for RECORD_OUTPUTS_HASH message in json mode
[NX v22.6.2 Daemon Server] - 2026-04-02T13:23:04.298Z - Responding to RECORD_OUTPUTS_HASH message
[NX v22.6.2 Daemon Server] - 2026-04-02T13:23:04.298Z - [REQUEST]: Responding to the client. recordOutputsHash
[NX v22.6.2 Daemon Server] - 2026-04-02T13:23:04.298Z - Done responding to the client recordOutputsHash
[NX v22.6.2 Daemon Server] - 2026-04-02T13:23:04.298Z - Handled json message RECORD_OUTPUTS_HASH. Handling time: 1. Response time: 1.
[NX v22.6.2 Daemon Client] - 2026-04-02T13:23:04.298Z - [Messenger] Received message, length: 2
[NX v22.6.2 Daemon Client] - 2026-04-02T13:23:04.298Z - [Messenger] Sending message type: RECORD_OUTPUTS_HASH
[NX v22.6.2 Daemon Server] - 2026-04-02T13:23:04.298Z - Received raw message of length 208
[NX v22.6.2 Daemon Server] - 2026-04-02T13:23:04.298Z - Received json message of type RECORD_OUTPUTS_HASH
[NX v22.6.2 Daemon Client] - 2026-04-02T13:23:04.298Z - [Messenger] Message sent
[NX v22.6.2 Daemon Server] - 2026-04-02T13:23:04.302Z - Serializing response for RECORD_OUTPUTS_HASH message in json mode
[NX v22.6.2 Daemon Server] - 2026-04-02T13:23:04.302Z - Responding to RECORD_OUTPUTS_HASH message
[NX v22.6.2 Daemon Server] - 2026-04-02T13:23:04.302Z - [REQUEST]: Responding to the client. recordOutputsHash
[NX v22.6.2 Daemon Server] - 2026-04-02T13:23:04.302Z - Done responding to the client recordOutputsHash
[NX v22.6.2 Daemon Server] - 2026-04-02T13:23:04.302Z - Handled json message RECORD_OUTPUTS_HASH. Handling time: 4. Response time: 0.
[NX v22.6.2 Daemon Client] - 2026-04-02T13:23:04.302Z - [Messenger] Received message, length: 2
[NX v22.6.2 Daemon Client] - 2026-04-02T13:23:04.303Z - [Messenger] Sending message type: OUTPUTS_HASHES_MATCH
[NX v22.6.2 Daemon Server] - 2026-04-02T13:23:04.303Z - Received raw message of length 205
[NX v22.6.2 Daemon Server] - 2026-04-02T13:23:04.303Z - Received json message of type OUTPUTS_HASHES_MATCH
[NX v22.6.2 Daemon Client] - 2026-04-02T13:23:04.303Z - [Messenger] Message sent
[NX v22.6.2 Daemon Server] - 2026-04-02T13:23:04.304Z - Serializing response for OUTPUTS_HASHES_MATCH message in json mode
[NX v22.6.2 Daemon Server] - 2026-04-02T13:23:04.304Z - Responding to OUTPUTS_HASHES_MATCH message
[NX v22.6.2 Daemon Server] - 2026-04-02T13:23:04.304Z - [REQUEST]: Responding to the client. outputsHashesMatch
[NX v22.6.2 Daemon Server] - 2026-04-02T13:23:04.304Z - Done responding to the client outputsHashesMatch
[NX v22.6.2 Daemon Server] - 2026-04-02T13:23:04.305Z - Handled json message OUTPUTS_HASHES_MATCH. Handling time: 1. Response time: 1.
[NX v22.6.2 Daemon Client] - 2026-04-02T13:23:04.305Z - [Messenger] Received message, length: 4
[NX v22.6.2 Daemon Client] - 2026-04-02T13:23:04.305Z - [Messenger] Sending message type: RECORD_OUTPUTS_HASH
[NX v22.6.2 Daemon Server] - 2026-04-02T13:23:04.305Z - Received raw message of length 204
[NX v22.6.2 Daemon Client] - 2026-04-02T13:23:04.305Z - [Messenger] Message sent
[NX v22.6.2 Daemon Server] - 2026-04-02T13:23:04.305Z - Received json message of type RECORD_OUTPUTS_HASH
[NX v22.6.2 Daemon Server] - 2026-04-02T13:23:04.307Z - Serializing response for RECORD_OUTPUTS_HASH message in json mode
[NX v22.6.2 Daemon Server] - 2026-04-02T13:23:04.307Z - Responding to RECORD_OUTPUTS_HASH message
[NX v22.6.2 Daemon Server] - 2026-04-02T13:23:04.307Z - [REQUEST]: Responding to the client. recordOutputsHash
[NX v22.6.2 Daemon Server] - 2026-04-02T13:23:04.307Z - Done responding to the client recordOutputsHash
[NX v22.6.2 Daemon Server] - 2026-04-02T13:23:04.307Z - Handled json message RECORD_OUTPUTS_HASH. Handling time: 2. Response time: 0.
[NX v22.6.2 Daemon Client] - 2026-04-02T13:23:04.307Z - [Messenger] Received message, length: 2
[NX v22.6.2 Daemon Client] - 2026-04-02T13:23:04.309Z - [Messenger] Sending message type: OUTPUTS_HASHES_MATCH
[NX v22.6.2 Daemon Client] - 2026-04-02T13:23:04.309Z - [Messenger] Message sent
[NX v22.6.2 Daemon Server] - 2026-04-02T13:23:04.309Z - Received raw message of length 237
[NX v22.6.2 Daemon Server] - 2026-04-02T13:23:04.309Z - Received json message of type OUTPUTS_HASHES_MATCH
[NX v22.6.2 Daemon Server] - 2026-04-02T13:23:04.312Z - Serializing response for OUTPUTS_HASHES_MATCH message in json mode
[NX v22.6.2 Daemon Server] - 2026-04-02T13:23:04.312Z - Responding to OUTPUTS_HASHES_MATCH message
[NX v22.6.2 Daemon Server] - 2026-04-02T13:23:04.312Z - [REQUEST]: Responding to the client. outputsHashesMatch
[NX v22.6.2 Daemon Server] - 2026-04-02T13:23:04.312Z - Done responding to the client outputsHashesMatch
[NX v22.6.2 Daemon Server] - 2026-04-02T13:23:04.312Z - Handled json message OUTPUTS_HASHES_MATCH. Handling time: 3. Response time: 0.
[NX v22.6.2 Daemon Client] - 2026-04-02T13:23:04.312Z - [Messenger] Received message, length: 4
[NX v22.6.2 Daemon Client] - 2026-04-02T13:23:04.313Z - [Messenger] Sending message type: OUTPUTS_HASHES_MATCH
[NX v22.6.2 Daemon Client] - 2026-04-02T13:23:04.313Z - [Messenger] Message sent
[NX v22.6.2 Daemon Server] - 2026-04-02T13:23:04.313Z - Received raw message of length 232
[NX v22.6.2 Daemon Server] - 2026-04-02T13:23:04.313Z - Received json message of type OUTPUTS_HASHES_MATCH
[NX v22.6.2 Daemon Server] - 2026-04-02T13:23:04.316Z - Serializing response for OUTPUTS_HASHES_MATCH message in json mode
[NX v22.6.2 Daemon Server] - 2026-04-02T13:23:04.316Z - Responding to OUTPUTS_HASHES_MATCH message
[NX v22.6.2 Daemon Server] - 2026-04-02T13:23:04.316Z - [REQUEST]: Responding to the client. outputsHashesMatch
[NX v22.6.2 Daemon Server] - 2026-04-02T13:23:04.316Z - Done responding to the client outputsHashesMatch
[NX v22.6.2 Daemon Server] - 2026-04-02T13:23:04.316Z - Handled json message OUTPUTS_HASHES_MATCH. Handling time: 3. Response time: 0.
[NX v22.6.2 Daemon Client] - 2026-04-02T13:23:04.316Z - [Messenger] Received message, length: 4
[NX v22.6.2 Daemon Client] - 2026-04-02T13:23:04.316Z - [Messenger] Sending message type: RECORD_OUTPUTS_HASH
[NX v22.6.2 Daemon Client] - 2026-04-02T13:23:04.316Z - [Messenger] Message sent
[NX v22.6.2 Daemon Server] - 2026-04-02T13:23:04.316Z - Received raw message of length 236
[NX v22.6.2 Daemon Server] - 2026-04-02T13:23:04.316Z - Received json message of type RECORD_OUTPUTS_HASH
[NX v22.6.2 Daemon Server] - 2026-04-02T13:23:04.318Z - Serializing response for RECORD_OUTPUTS_HASH message in json mode
[NX v22.6.2 Daemon Server] - 2026-04-02T13:23:04.318Z - Responding to RECORD_OUTPUTS_HASH message
[NX v22.6.2 Daemon Server] - 2026-04-02T13:23:04.318Z - [REQUEST]: Responding to the client. recordOutputsHash
[NX v22.6.2 Daemon Server] - 2026-04-02T13:23:04.318Z - Done responding to the client recordOutputsHash
[NX v22.6.2 Daemon Server] - 2026-04-02T13:23:04.318Z - Handled json message RECORD_OUTPUTS_HASH. Handling time: 2. Response time: 0.
[NX v22.6.2 Daemon Client] - 2026-04-02T13:23:04.318Z - [Messenger] Received message, length: 2
[NX v22.6.2 Daemon Client] - 2026-04-02T13:23:04.318Z - [Messenger] Sending message type: RECORD_OUTPUTS_HASH
[NX v22.6.2 Daemon Client] - 2026-04-02T13:23:04.319Z - [Messenger] Message sent
[NX v22.6.2 Daemon Server] - 2026-04-02T13:23:04.319Z - Received raw message of length 231
[NX v22.6.2 Daemon Server] - 2026-04-02T13:23:04.319Z - Received json message of type RECORD_OUTPUTS_HASH
[NX v22.6.2 Daemon Server] - 2026-04-02T13:23:04.320Z - Serializing response for RECORD_OUTPUTS_HASH message in json mode
[NX v22.6.2 Daemon Server] - 2026-04-02T13:23:04.320Z - Responding to RECORD_OUTPUTS_HASH message
[NX v22.6.2 Daemon Server] - 2026-04-02T13:23:04.320Z - [REQUEST]: Responding to the client. recordOutputsHash
[NX v22.6.2 Daemon Server] - 2026-04-02T13:23:04.321Z - Done responding to the client recordOutputsHash
[NX v22.6.2 Daemon Server] - 2026-04-02T13:23:04.321Z - Handled json message RECORD_OUTPUTS_HASH. Handling time: 1. Response time: 1.
[NX v22.6.2 Daemon Client] - 2026-04-02T13:23:04.321Z - [Messenger] Received message, length: 2
[NX v22.6.2 Daemon Client] - 2026-04-02T13:23:04.322Z - [Messenger] Sending message type: OUTPUTS_HASHES_MATCH
[NX v22.6.2 Daemon Client] - 2026-04-02T13:23:04.322Z - [Messenger] Message sent
[NX v22.6.2 Daemon Server] - 2026-04-02T13:23:04.322Z - Received raw message of length 196
[NX v22.6.2 Daemon Server] - 2026-04-02T13:23:04.322Z - Received json message of type OUTPUTS_HASHES_MATCH
[NX v22.6.2 Daemon Server] - 2026-04-02T13:23:04.329Z - Serializing response for OUTPUTS_HASHES_MATCH message in json mode
[NX v22.6.2 Daemon Server] - 2026-04-02T13:23:04.329Z - Responding to OUTPUTS_HASHES_MATCH message
[NX v22.6.2 Daemon Server] - 2026-04-02T13:23:04.329Z - [REQUEST]: Responding to the client. outputsHashesMatch
[NX v22.6.2 Daemon Server] - 2026-04-02T13:23:04.329Z - Done responding to the client outputsHashesMatch
[NX v22.6.2 Daemon Server] - 2026-04-02T13:23:04.329Z - Handled json message OUTPUTS_HASHES_MATCH. Handling time: 7. Response time: 0.
[NX v22.6.2 Daemon Client] - 2026-04-02T13:23:04.329Z - [Messenger] Received message, length: 4
[NX v22.6.2 Daemon Client] - 2026-04-02T13:23:04.329Z - [Messenger] Sending message type: OUTPUTS_HASHES_MATCH
[NX v22.6.2 Daemon Client] - 2026-04-02T13:23:04.329Z - [Messenger] Message sent
[NX v22.6.2 Daemon Server] - 2026-04-02T13:23:04.329Z - Received raw message of length 184
[NX v22.6.2 Daemon Server] - 2026-04-02T13:23:04.329Z - Received json message of type OUTPUTS_HASHES_MATCH
[NX v22.6.2 Daemon Server] - 2026-04-02T13:23:04.332Z - Serializing response for OUTPUTS_HASHES_MATCH message in json mode
[NX v22.6.2 Daemon Server] - 2026-04-02T13:23:04.333Z - Responding to OUTPUTS_HASHES_MATCH message
[NX v22.6.2 Daemon Server] - 2026-04-02T13:23:04.333Z - [REQUEST]: Responding to the client. outputsHashesMatch
[NX v22.6.2 Daemon Server] - 2026-04-02T13:23:04.333Z - Done responding to the client outputsHashesMatch
[NX v22.6.2 Daemon Server] - 2026-04-02T13:23:04.333Z - Handled json message OUTPUTS_HASHES_MATCH. Handling time: 3. Response time: 1.
[NX v22.6.2 Daemon Client] - 2026-04-02T13:23:04.333Z - [Messenger] Received message, length: 4
[NX v22.6.2 Daemon Client] - 2026-04-02T13:23:04.333Z - [Messenger] Sending message type: RECORD_OUTPUTS_HASH
[NX v22.6.2 Daemon Client] - 2026-04-02T13:23:04.333Z - [Messenger] Message sent
[NX v22.6.2 Daemon Server] - 2026-04-02T13:23:04.333Z - Received raw message of length 195
[NX v22.6.2 Daemon Server] - 2026-04-02T13:23:04.333Z - Received json message of type RECORD_OUTPUTS_HASH
[NX v22.6.2 Daemon Server] - 2026-04-02T13:23:04.337Z - Serializing response for RECORD_OUTPUTS_HASH message in json mode
[NX v22.6.2 Daemon Server] - 2026-04-02T13:23:04.337Z - Responding to RECORD_OUTPUTS_HASH message
[NX v22.6.2 Daemon Server] - 2026-04-02T13:23:04.337Z - [REQUEST]: Responding to the client. recordOutputsHash
[NX v22.6.2 Daemon Server] - 2026-04-02T13:23:04.337Z - Done responding to the client recordOutputsHash
[NX v22.6.2 Daemon Server] - 2026-04-02T13:23:04.337Z - Handled json message RECORD_OUTPUTS_HASH. Handling time: 4. Response time: 0.
[NX v22.6.2 Daemon Client] - 2026-04-02T13:23:04.337Z - [Messenger] Received message, length: 2
[NX v22.6.2 Daemon Client] - 2026-04-02T13:23:04.337Z - [Messenger] Sending message type: RECORD_OUTPUTS_HASH
[NX v22.6.2 Daemon Client] - 2026-04-02T13:23:04.337Z - [Messenger] Message sent
[NX v22.6.2 Daemon Server] - 2026-04-02T13:23:04.337Z - Received raw message of length 183
[NX v22.6.2 Daemon Server] - 2026-04-02T13:23:04.337Z - Received json message of type RECORD_OUTPUTS_HASH
[NX v22.6.2 Daemon Server] - 2026-04-02T13:23:04.342Z - Serializing response for RECORD_OUTPUTS_HASH message in json mode
[NX v22.6.2 Daemon Server] - 2026-04-02T13:23:04.342Z - Responding to RECORD_OUTPUTS_HASH message
[NX v22.6.2 Daemon Server] - 2026-04-02T13:23:04.342Z - [REQUEST]: Responding to the client. recordOutputsHash
[NX v22.6.2 Daemon Server] - 2026-04-02T13:23:04.342Z - Done responding to the client recordOutputsHash
[NX v22.6.2 Daemon Server] - 2026-04-02T13:23:04.342Z - Handled json message RECORD_OUTPUTS_HASH. Handling time: 5. Response time: 0.
[NX v22.6.2 Daemon Client] - 2026-04-02T13:23:04.342Z - [Messenger] Received message, length: 2
[NX v22.6.2 Daemon Client] - 2026-04-02T13:23:04.344Z - [Messenger] Sending message type: RECORD_TASK_RUNS
[NX v22.6.2 Daemon Client] - 2026-04-02T13:23:04.344Z - [Messenger] Message sent
[NX v22.6.2 Daemon Server] - 2026-04-02T13:23:04.344Z - Received raw message of length 2589
[NX v22.6.2 Daemon Server] - 2026-04-02T13:23:04.344Z - Received json message of type RECORD_TASK_RUNS
[NX v22.6.2 Daemon Server] - 2026-04-02T13:23:04.344Z - Serializing response for RECORD_TASK_RUNS message in json mode
[NX v22.6.2 Daemon Server] - 2026-04-02T13:23:04.344Z - Responding to RECORD_TASK_RUNS message
[NX v22.6.2 Daemon Server] - 2026-04-02T13:23:04.345Z - [REQUEST]: Responding to the client. handleRecordTaskRuns
[NX v22.6.2 Daemon Server] - 2026-04-02T13:23:04.345Z - Done responding to the client handleRecordTaskRuns
[NX v22.6.2 Daemon Server] - 2026-04-02T13:23:04.345Z - Handled json message RECORD_TASK_RUNS. Handling time: 0. Response time: 1.
[NX v22.6.2 Daemon Client] - 2026-04-02T13:23:04.345Z - [Messenger] Received message, length: 4
[NX v22.6.2 Daemon Client] - 2026-04-02T13:23:04.345Z - [Messenger] Sending message type: GET_FLAKY_TASKS
[NX v22.6.2 Daemon Client] - 2026-04-02T13:23:04.345Z - [Messenger] Message sent
[NX v22.6.2 Daemon Server] - 2026-04-02T13:23:04.345Z - Received raw message of length 331
[NX v22.6.2 Daemon Server] - 2026-04-02T13:23:04.345Z - Received json message of type GET_FLAKY_TASKS
[NX v22.6.2 Daemon Server] - 2026-04-02T13:23:04.345Z - Serializing response for GET_FLAKY_TASKS message in json mode
[NX v22.6.2 Daemon Server] - 2026-04-02T13:23:04.345Z - Responding to GET_FLAKY_TASKS message
[NX v22.6.2 Daemon Server] - 2026-04-02T13:23:04.345Z - [REQUEST]: Responding to the client. handleGetFlakyTasks
[NX v22.6.2 Daemon Server] - 2026-04-02T13:23:04.345Z - Done responding to the client handleGetFlakyTasks
[NX v22.6.2 Daemon Server] - 2026-04-02T13:23:04.345Z - Handled json message GET_FLAKY_TASKS. Handling time: 0. Response time: 0.
[NX v22.6.2 Daemon Client] - 2026-04-02T13:23:04.345Z - [Messenger] Received message, length: 2
[NX v22.6.2 Daemon Server] - 2026-04-02T13:23:07.398Z - Established a connection. Number of open connections: 2
[NX v22.6.2 Daemon Client] - 2026-04-02T13:23:07.398Z - [Messenger] Sending message type: GET_CONFIGURE_AI_AGENTS_STATUS
[NX v22.6.2 Daemon Server] - 2026-04-02T13:23:07.398Z - Closed a connection. Number of open connections: 1
[NX v22.6.2 Daemon Client] - 2026-04-02T13:23:07.398Z - [Messenger] Message sent
[NX v22.6.2 Daemon Server] - 2026-04-02T13:23:07.399Z - Received raw message of length 41
[NX v22.6.2 Daemon Server] - 2026-04-02T13:23:07.399Z - Received json message of type GET_CONFIGURE_AI_AGENTS_STATUS
[NX v22.6.2 Daemon Server] - 2026-04-02T13:23:07.399Z - [AI-AGENTS]: Returning cached agent configuration status
[NX v22.6.2 Daemon Server] - 2026-04-02T13:23:07.399Z - Serializing response for GET_CONFIGURE_AI_AGENTS_STATUS message in json mode
[NX v22.6.2 Daemon Server] - 2026-04-02T13:23:07.399Z - Responding to GET_CONFIGURE_AI_AGENTS_STATUS message
[NX v22.6.2 Daemon Server] - 2026-04-02T13:23:07.399Z - [REQUEST]: Responding to the client. handleGetConfigureAiAgentsStatus
[NX v22.6.2 Daemon Server] - 2026-04-02T13:23:07.399Z - Done responding to the client handleGetConfigureAiAgentsStatus
[NX v22.6.2 Daemon Server] - 2026-04-02T13:23:07.399Z - Handled json message GET_CONFIGURE_AI_AGENTS_STATUS. Handling time: 0. Response time: 0.
[NX v22.6.2 Daemon Client] - 2026-04-02T13:23:07.399Z - [Messenger] Received message, length: 342
[NX v22.6.2 Daemon Client] - 2026-04-02T13:23:07.602Z - [Messenger] Sending message type: POST_TASKS_EXECUTION
[NX v22.6.2 Daemon Client] - 2026-04-02T13:23:07.603Z - [Messenger] Message sent
[NX v22.6.2 Daemon Server] - 2026-04-02T13:23:07.605Z - Received raw message of length 472941
[NX v22.6.2 Daemon Server] - 2026-04-02T13:23:07.607Z - Received json message of type POST_TASKS_EXECUTION
[NX v22.6.2 Daemon Server] - 2026-04-02T13:23:07.607Z - Serializing response for POST_TASKS_EXECUTION message in json mode
[NX v22.6.2 Daemon Server] - 2026-04-02T13:23:07.607Z - Responding to POST_TASKS_EXECUTION message
[NX v22.6.2 Daemon Server] - 2026-04-02T13:23:07.607Z - [REQUEST]: Responding to the client. handleRunPostTasksExecution
[NX v22.6.2 Daemon Server] - 2026-04-02T13:23:07.607Z - Done responding to the client handleRunPostTasksExecution
[NX v22.6.2 Daemon Server] - 2026-04-02T13:23:07.607Z - Handled json message POST_TASKS_EXECUTION. Handling time: 0. Response time: 0.
[NX v22.6.2 Daemon Server] - 2026-04-02T13:23:07.607Z - Time taken for 'postTasksExecution' 0.14291699999012053ms
[NX v22.6.2 Daemon Client] - 2026-04-02T13:23:07.607Z - [Messenger] Received message, length: 4
[NX v22.6.2 Daemon Server] - 2026-04-02T13:23:07.617Z - Closed a connection. Number of open connections: 0
[NX v22.6.2 Daemon Server] - 2026-04-02T13:23:08.638Z - [WATCHER]: Processing file changes in outputs
[NX v22.6.2 Daemon Server] - 2026-04-02T15:26:37.071Z - Established a connection. Number of open connections: 1
[NX v22.6.2 Daemon Server] - 2026-04-02T15:26:37.072Z - Established a connection. Number of open connections: 2
[NX v22.6.2 Daemon Client] - 2026-04-02T15:26:37.072Z - [Messenger] Setting up socket listeners
[NX v22.6.2 Daemon Server] - 2026-04-02T15:26:37.073Z - Closed a connection. Number of open connections: 1
[NX v22.6.2 Daemon Server] - 2026-04-02T15:26:37.073Z - Established a connection. Number of open connections: 2
[NX v22.6.2 Daemon Client] - 2026-04-02T15:26:37.073Z - [Messenger] listen() complete
[NX v22.6.2 Daemon Server] - 2026-04-02T15:26:37.073Z - Closed a connection. Number of open connections: 1
[NX v22.6.2 Daemon Client] - 2026-04-02T15:26:37.074Z - [Messenger] Sending message type: GET_NX_CONSOLE_STATUS
[NX v22.6.2 Daemon Client] - 2026-04-02T15:26:37.074Z - [Messenger] Message sent
[NX v22.6.2 Daemon Server] - 2026-04-02T15:26:37.085Z - Received raw message of length 32
[NX v22.6.2 Daemon Server] - 2026-04-02T15:26:37.086Z - Received json message of type GET_NX_CONSOLE_STATUS
[NX v22.6.2 Daemon Server] - 2026-04-02T15:26:37.086Z - Serializing response for GET_NX_CONSOLE_STATUS message in json mode
[NX v22.6.2 Daemon Server] - 2026-04-02T15:26:37.086Z - Responding to GET_NX_CONSOLE_STATUS message
[NX v22.6.2 Daemon Server] - 2026-04-02T15:26:37.086Z - [REQUEST]: Responding to the client. handleGetNxConsoleStatus
[NX v22.6.2 Daemon Server] - 2026-04-02T15:26:37.086Z - Done responding to the client handleGetNxConsoleStatus
[NX v22.6.2 Daemon Server] - 2026-04-02T15:26:37.086Z - Handled json message GET_NX_CONSOLE_STATUS. Handling time: 0. Response time: 0.
[NX v22.6.2 Daemon Client] - 2026-04-02T15:26:37.086Z - [Messenger] Received message, length: 22
[NX v22.6.2 Daemon Client] - 2026-04-02T15:26:37.140Z - [Messenger] Sending message type: REQUEST_PROJECT_GRAPH
[NX v22.6.2 Daemon Client] - 2026-04-02T15:26:37.140Z - [Messenger] Message sent
[NX v22.6.2 Daemon Server] - 2026-04-02T15:26:37.140Z - Received raw message of length 32
[NX v22.6.2 Daemon Server] - 2026-04-02T15:26:37.141Z - Received json message of type REQUEST_PROJECT_GRAPH
[NX v22.6.2 Daemon Server] - 2026-04-02T15:26:37.141Z - [REQUEST]: Client Request for Project Graph Received
[NX v22.6.2 Daemon Server] - 2026-04-02T15:26:37.141Z - Reusing in-memory cached project graph because no files changed.
[NX v22.6.2 Daemon Server] - 2026-04-02T15:26:37.141Z - Serializing response for REQUEST_PROJECT_GRAPH message in json mode
[NX v22.6.2 Daemon Server] - 2026-04-02T15:26:37.141Z - Responding to REQUEST_PROJECT_GRAPH message
[NX v22.6.2 Daemon Server] - 2026-04-02T15:26:37.141Z - [REQUEST]: Responding to the client. project-graph
[NX v22.6.2 Daemon Server] - 2026-04-02T15:26:37.144Z - Time taken for 'total for creating and serializing project graph' 0.8348749997094274ms
[NX v22.6.2 Daemon Server] - 2026-04-02T15:26:37.147Z - Done responding to the client project-graph
[NX v22.6.2 Daemon Server] - 2026-04-02T15:26:37.147Z - Handled json message REQUEST_PROJECT_GRAPH. Handling time: 0. Response time: 6.
[NX v22.6.2 Daemon Client] - 2026-04-02T15:26:37.147Z - [Messenger] Received message, length: 1251133
[NX v22.6.2 Daemon Client] - 2026-04-02T15:26:37.154Z - [Messenger] Sending message type: PRE_TASKS_EXECUTION
[NX v22.6.2 Daemon Client] - 2026-04-02T15:26:37.154Z - [Messenger] Message sent
[NX v22.6.2 Daemon Server] - 2026-04-02T15:26:37.154Z - Received raw message of length 743
[NX v22.6.2 Daemon Server] - 2026-04-02T15:26:37.154Z - Received json message of type PRE_TASKS_EXECUTION
[NX v22.6.2 Daemon Server] - 2026-04-02T15:26:37.155Z - Serializing response for PRE_TASKS_EXECUTION message in json mode
[NX v22.6.2 Daemon Server] - 2026-04-02T15:26:37.155Z - Responding to PRE_TASKS_EXECUTION message
[NX v22.6.2 Daemon Server] - 2026-04-02T15:26:37.155Z - [REQUEST]: Responding to the client. handleRunPreTasksExecution
[NX v22.6.2 Daemon Server] - 2026-04-02T15:26:37.155Z - Done responding to the client handleRunPreTasksExecution
[NX v22.6.2 Daemon Server] - 2026-04-02T15:26:37.155Z - Handled json message PRE_TASKS_EXECUTION. Handling time: 1. Response time: 0.
[NX v22.6.2 Daemon Server] - 2026-04-02T15:26:37.155Z - Time taken for 'preTasksExecution' 0.19408399984240532ms
[NX v22.6.2 Daemon Client] - 2026-04-02T15:26:37.155Z - [Messenger] Received message, length: 2
[NX v22.6.2 Daemon Client] - 2026-04-02T15:26:37.227Z - [Messenger] Sending message type: HASH_TASKS
[NX v22.6.2 Daemon Client] - 2026-04-02T15:26:37.227Z - [Messenger] Message sent
[NX v22.6.2 Daemon Server] - 2026-04-02T15:26:37.228Z - Received raw message of length 21648
[NX v22.6.2 Daemon Server] - 2026-04-02T15:26:37.229Z - Received json message of type HASH_TASKS
[NX v22.6.2 Daemon Server] - 2026-04-02T15:26:37.229Z - Reusing in-memory cached project graph because no files changed.
DEBUG nx::native::tasks::hash_planner: get_plans_internal COMPLETED in 11.073167ms - processed 13 tasks (setup: 5.208ms, parallel_planning: 5.862375ms)
DEBUG nx::native::tasks::hashers::hash_workspace_files: Hashing workspace fileset with inputs: Adding "11270979969866030128" (".gitignore") to hash
DEBUG nx::native::tasks::hashers::hash_workspace_files: Hashing workspace fileset with inputs: Adding "11270979969866030128" (".gitignore") to hash
DEBUG nx::native::tasks::hashers::hash_workspace_files: Hashing workspace fileset with inputs: Adding "11270979969866030128" (".gitignore") to hash
DEBUG nx::native::tasks::hashers::hash_workspace_files: Hashing workspace fileset with inputs: Adding "11270979969866030128" (".gitignore") to hash
DEBUG nx::native::tasks::hashers::hash_workspace_files: Hashing workspace fileset with inputs: Adding "11270979969866030128" (".gitignore") to hash
DEBUG nx::native::tasks::hashers::hash_workspace_files: Hashing workspace fileset with inputs: Adding "11270979969866030128" (".gitignore") to hash
DEBUG nx::native::tasks::hashers::hash_workspace_files: Hashing workspace fileset with inputs: Adding "11270979969866030128" (".gitignore") to hash
DEBUG nx::native::tasks::hashers::hash_workspace_files: Hashing workspace fileset with inputs: Adding "11270979969866030128" (".gitignore") to hash
DEBUG nx::native::tasks::hashers::hash_workspace_files: Hashing workspace fileset with inputs: Adding "3553820021084211887" ("nx.json") to hash
DEBUG nx::native::tasks::hashers::hash_workspace_files: Hashing workspace fileset with inputs: Adding "3553820021084211887" ("nx.json") to hash
DEBUG nx::native::tasks::hashers::hash_workspace_files: Hashing workspace fileset with inputs: Hash Value: "10665259820010788507"
DEBUG nx::native::tasks::hashers::hash_workspace_files: Hashing workspace fileset with inputs: Hash Value: "10665259820010788507"
DEBUG nx::native::tasks::hashers::hash_workspace_files: Hashing workspace fileset with inputs: Adding "3553820021084211887" ("nx.json") to hash
DEBUG nx::native::tasks::hashers::hash_workspace_files: Hashing workspace fileset with inputs: Adding "3553820021084211887" ("nx.json") to hash
DEBUG nx::native::tasks::hashers::hash_workspace_files: Hashing workspace fileset with inputs: Adding "3553820021084211887" ("nx.json") to hash
DEBUG nx::native::tasks::hashers::hash_workspace_files: Hashing workspace fileset with inputs: Adding "3553820021084211887" ("nx.json") to hash
DEBUG nx::native::tasks::hashers::hash_workspace_files: Hashing workspace fileset with inputs: Adding "3553820021084211887" ("nx.json") to hash
DEBUG nx::native::tasks::hashers::hash_workspace_files: Hashing workspace fileset with inputs: Adding "3553820021084211887" ("nx.json") to hash
DEBUG nx::native::tasks::hashers::hash_workspace_files: Hashing workspace fileset with inputs: Hash Value: "10665259820010788507"
DEBUG nx::native::tasks::hashers::hash_workspace_files: Hashing workspace fileset with inputs: Hash Value: "10665259820010788507"
DEBUG nx::native::tasks::hashers::hash_workspace_files: Hashing workspace fileset with inputs: Hash Value: "10665259820010788507"
DEBUG nx::native::tasks::hashers::hash_workspace_files: Hashing workspace fileset with inputs: Hash Value: "10665259820010788507"
DEBUG nx::native::tasks::hashers::hash_workspace_files: Hashing workspace fileset with inputs: Hash Value: "10665259820010788507"
DEBUG nx::native::tasks::hashers::hash_workspace_files: Hashing workspace fileset with inputs: Hash Value: "10665259820010788507"
DEBUG nx::native::tasks::task_hasher: hash_plans COMPLETED in 51.544333ms - processed 13 plans (setup: 1.350916ms, hashing: 50.189666ms, assembly: 7.22075ms)
[NX v22.6.2 Daemon Server] - 2026-04-02T15:26:37.300Z - Serializing response for HASH_TASKS message in json mode
[NX v22.6.2 Daemon Server] - 2026-04-02T15:26:37.302Z - Responding to HASH_TASKS message
[NX v22.6.2 Daemon Server] - 2026-04-02T15:26:37.302Z - [REQUEST]: Responding to the client. handleHashTasks
[NX v22.6.2 Daemon Server] - 2026-04-02T15:26:37.303Z - Done responding to the client handleHashTasks
[NX v22.6.2 Daemon Server] - 2026-04-02T15:26:37.303Z - Handled json message HASH_TASKS. Handling time: 71. Response time: 3.
[NX v22.6.2 Daemon Client] - 2026-04-02T15:26:37.303Z - [Messenger] Received message, length: 466562
[NX v22.6.2 Daemon Client] - 2026-04-02T15:26:37.351Z - [Messenger] Sending message type: GET_ESTIMATED_TASK_TIMINGS
[NX v22.6.2 Daemon Client] - 2026-04-02T15:26:37.352Z - [Messenger] Message sent
[NX v22.6.2 Daemon Server] - 2026-04-02T15:26:37.352Z - Received raw message of length 705
[NX v22.6.2 Daemon Server] - 2026-04-02T15:26:37.352Z - Received json message of type GET_ESTIMATED_TASK_TIMINGS
[NX v22.6.2 Daemon Server] - 2026-04-02T15:26:37.353Z - Serializing response for GET_ESTIMATED_TASK_TIMINGS message in json mode
[NX v22.6.2 Daemon Server] - 2026-04-02T15:26:37.353Z - Responding to GET_ESTIMATED_TASK_TIMINGS message
[NX v22.6.2 Daemon Server] - 2026-04-02T15:26:37.353Z - [REQUEST]: Responding to the client. handleGetEstimatedTaskTimings
[NX v22.6.2 Daemon Server] - 2026-04-02T15:26:37.353Z - Done responding to the client handleGetEstimatedTaskTimings
[NX v22.6.2 Daemon Server] - 2026-04-02T15:26:37.353Z - Handled json message GET_ESTIMATED_TASK_TIMINGS. Handling time: 1. Response time: 0.
[NX v22.6.2 Daemon Client] - 2026-04-02T15:26:37.353Z - [Messenger] Received message, length: 434
[NX v22.6.2 Daemon Client] - 2026-04-02T15:26:37.356Z - [Messenger] Sending message type: OUTPUTS_HASHES_MATCH
[NX v22.6.2 Daemon Client] - 2026-04-02T15:26:37.356Z - [Messenger] Message sent
[NX v22.6.2 Daemon Server] - 2026-04-02T15:26:37.356Z - Received raw message of length 237
[NX v22.6.2 Daemon Server] - 2026-04-02T15:26:37.357Z - Received json message of type OUTPUTS_HASHES_MATCH
[NX v22.6.2 Daemon Server] - 2026-04-02T15:26:37.361Z - Serializing response for OUTPUTS_HASHES_MATCH message in json mode
[NX v22.6.2 Daemon Server] - 2026-04-02T15:26:37.361Z - Responding to OUTPUTS_HASHES_MATCH message
[NX v22.6.2 Daemon Server] - 2026-04-02T15:26:37.361Z - [REQUEST]: Responding to the client. outputsHashesMatch
[NX v22.6.2 Daemon Server] - 2026-04-02T15:26:37.361Z - Done responding to the client outputsHashesMatch
[NX v22.6.2 Daemon Server] - 2026-04-02T15:26:37.361Z - Handled json message OUTPUTS_HASHES_MATCH. Handling time: 4. Response time: 0.
[NX v22.6.2 Daemon Client] - 2026-04-02T15:26:37.361Z - [Messenger] Received message, length: 4
[NX v22.6.2 Daemon Client] - 2026-04-02T15:26:37.362Z - [Messenger] Sending message type: OUTPUTS_HASHES_MATCH
[NX v22.6.2 Daemon Server] - 2026-04-02T15:26:37.362Z - Received raw message of length 244
[NX v22.6.2 Daemon Client] - 2026-04-02T15:26:37.362Z - [Messenger] Message sent
[NX v22.6.2 Daemon Server] - 2026-04-02T15:26:37.362Z - Received json message of type OUTPUTS_HASHES_MATCH
[NX v22.6.2 Daemon Server] - 2026-04-02T15:26:37.363Z - Serializing response for OUTPUTS_HASHES_MATCH message in json mode
[NX v22.6.2 Daemon Server] - 2026-04-02T15:26:37.363Z - Responding to OUTPUTS_HASHES_MATCH message
[NX v22.6.2 Daemon Server] - 2026-04-02T15:26:37.363Z - [REQUEST]: Responding to the client. outputsHashesMatch
[NX v22.6.2 Daemon Server] - 2026-04-02T15:26:37.363Z - Done responding to the client outputsHashesMatch
[NX v22.6.2 Daemon Server] - 2026-04-02T15:26:37.363Z - Handled json message OUTPUTS_HASHES_MATCH. Handling time: 1. Response time: 0.
[NX v22.6.2 Daemon Client] - 2026-04-02T15:26:37.363Z - [Messenger] Received message, length: 4
[NX v22.6.2 Daemon Client] - 2026-04-02T15:26:37.364Z - [Messenger] Sending message type: RECORD_OUTPUTS_HASH
[NX v22.6.2 Daemon Client] - 2026-04-02T15:26:37.364Z - [Messenger] Message sent
[NX v22.6.2 Daemon Server] - 2026-04-02T15:26:37.364Z - Received raw message of length 236
[NX v22.6.2 Daemon Server] - 2026-04-02T15:26:37.364Z - Received json message of type RECORD_OUTPUTS_HASH
[NX v22.6.2 Daemon Server] - 2026-04-02T15:26:37.368Z - Serializing response for RECORD_OUTPUTS_HASH message in json mode
[NX v22.6.2 Daemon Server] - 2026-04-02T15:26:37.368Z - Responding to RECORD_OUTPUTS_HASH message
[NX v22.6.2 Daemon Server] - 2026-04-02T15:26:37.368Z - [REQUEST]: Responding to the client. recordOutputsHash
[NX v22.6.2 Daemon Server] - 2026-04-02T15:26:37.368Z - Done responding to the client recordOutputsHash
[NX v22.6.2 Daemon Server] - 2026-04-02T15:26:37.368Z - Handled json message RECORD_OUTPUTS_HASH. Handling time: 4. Response time: 0.
[NX v22.6.2 Daemon Client] - 2026-04-02T15:26:37.368Z - [Messenger] Received message, length: 2
[NX v22.6.2 Daemon Client] - 2026-04-02T15:26:37.369Z - [Messenger] Sending message type: RECORD_OUTPUTS_HASH
[NX v22.6.2 Daemon Client] - 2026-04-02T15:26:37.369Z - [Messenger] Message sent
[NX v22.6.2 Daemon Server] - 2026-04-02T15:26:37.369Z - Received raw message of length 243
[NX v22.6.2 Daemon Server] - 2026-04-02T15:26:37.369Z - Received json message of type RECORD_OUTPUTS_HASH
[NX v22.6.2 Daemon Server] - 2026-04-02T15:26:37.372Z - Serializing response for RECORD_OUTPUTS_HASH message in json mode
[NX v22.6.2 Daemon Server] - 2026-04-02T15:26:37.372Z - Responding to RECORD_OUTPUTS_HASH message
[NX v22.6.2 Daemon Server] - 2026-04-02T15:26:37.372Z - [REQUEST]: Responding to the client. recordOutputsHash
[NX v22.6.2 Daemon Server] - 2026-04-02T15:26:37.372Z - Done responding to the client recordOutputsHash
[NX v22.6.2 Daemon Server] - 2026-04-02T15:26:37.372Z - Handled json message RECORD_OUTPUTS_HASH. Handling time: 3. Response time: 0.
[NX v22.6.2 Daemon Client] - 2026-04-02T15:26:37.372Z - [Messenger] Received message, length: 2
[NX v22.6.2 Daemon Client] - 2026-04-02T15:26:37.375Z - [Messenger] Sending message type: OUTPUTS_HASHES_MATCH
[NX v22.6.2 Daemon Client] - 2026-04-02T15:26:37.375Z - [Messenger] Message sent
[NX v22.6.2 Daemon Server] - 2026-04-02T15:26:37.375Z - Received raw message of length 245
[NX v22.6.2 Daemon Server] - 2026-04-02T15:26:37.376Z - Received json message of type OUTPUTS_HASHES_MATCH
[NX v22.6.2 Daemon Server] - 2026-04-02T15:26:37.379Z - Serializing response for OUTPUTS_HASHES_MATCH message in json mode
[NX v22.6.2 Daemon Server] - 2026-04-02T15:26:37.379Z - Responding to OUTPUTS_HASHES_MATCH message
[NX v22.6.2 Daemon Server] - 2026-04-02T15:26:37.379Z - [REQUEST]: Responding to the client. outputsHashesMatch
[NX v22.6.2 Daemon Server] - 2026-04-02T15:26:37.379Z - Done responding to the client outputsHashesMatch
[NX v22.6.2 Daemon Server] - 2026-04-02T15:26:37.379Z - Handled json message OUTPUTS_HASHES_MATCH. Handling time: 3. Response time: 0.
[NX v22.6.2 Daemon Client] - 2026-04-02T15:26:37.379Z - [Messenger] Received message, length: 4
[NX v22.6.2 Daemon Client] - 2026-04-02T15:26:37.379Z - [Messenger] Sending message type: OUTPUTS_HASHES_MATCH
[NX v22.6.2 Daemon Client] - 2026-04-02T15:26:37.379Z - [Messenger] Message sent
[NX v22.6.2 Daemon Server] - 2026-04-02T15:26:37.379Z - Received raw message of length 208
[NX v22.6.2 Daemon Server] - 2026-04-02T15:26:37.379Z - Received json message of type OUTPUTS_HASHES_MATCH
[NX v22.6.2 Daemon Server] - 2026-04-02T15:26:37.382Z - Serializing response for OUTPUTS_HASHES_MATCH message in json mode
[NX v22.6.2 Daemon Server] - 2026-04-02T15:26:37.382Z - Responding to OUTPUTS_HASHES_MATCH message
[NX v22.6.2 Daemon Server] - 2026-04-02T15:26:37.382Z - [REQUEST]: Responding to the client. outputsHashesMatch
[NX v22.6.2 Daemon Server] - 2026-04-02T15:26:37.383Z - Done responding to the client outputsHashesMatch
[NX v22.6.2 Daemon Server] - 2026-04-02T15:26:37.383Z - Handled json message OUTPUTS_HASHES_MATCH. Handling time: 3. Response time: 1.
[NX v22.6.2 Daemon Client] - 2026-04-02T15:26:37.383Z - [Messenger] Received message, length: 4
[NX v22.6.2 Daemon Client] - 2026-04-02T15:26:37.383Z - [Messenger] Sending message type: RECORD_OUTPUTS_HASH
[NX v22.6.2 Daemon Client] - 2026-04-02T15:26:37.383Z - [Messenger] Message sent
[NX v22.6.2 Daemon Server] - 2026-04-02T15:26:37.383Z - Received raw message of length 244
[NX v22.6.2 Daemon Server] - 2026-04-02T15:26:37.383Z - Received json message of type RECORD_OUTPUTS_HASH
[NX v22.6.2 Daemon Server] - 2026-04-02T15:26:37.385Z - Serializing response for RECORD_OUTPUTS_HASH message in json mode
[NX v22.6.2 Daemon Server] - 2026-04-02T15:26:37.385Z - Responding to RECORD_OUTPUTS_HASH message
[NX v22.6.2 Daemon Server] - 2026-04-02T15:26:37.385Z - [REQUEST]: Responding to the client. recordOutputsHash
[NX v22.6.2 Daemon Server] - 2026-04-02T15:26:37.385Z - Done responding to the client recordOutputsHash
[NX v22.6.2 Daemon Server] - 2026-04-02T15:26:37.385Z - Handled json message RECORD_OUTPUTS_HASH. Handling time: 2. Response time: 0.
[NX v22.6.2 Daemon Client] - 2026-04-02T15:26:37.385Z - [Messenger] Received message, length: 2
[NX v22.6.2 Daemon Client] - 2026-04-02T15:26:37.385Z - [Messenger] Sending message type: RECORD_OUTPUTS_HASH
[NX v22.6.2 Daemon Client] - 2026-04-02T15:26:37.385Z - [Messenger] Message sent
[NX v22.6.2 Daemon Server] - 2026-04-02T15:26:37.385Z - Received raw message of length 207
[NX v22.6.2 Daemon Server] - 2026-04-02T15:26:37.385Z - Received json message of type RECORD_OUTPUTS_HASH
[NX v22.6.2 Daemon Server] - 2026-04-02T15:26:37.388Z - Serializing response for RECORD_OUTPUTS_HASH message in json mode
[NX v22.6.2 Daemon Server] - 2026-04-02T15:26:37.388Z - Responding to RECORD_OUTPUTS_HASH message
[NX v22.6.2 Daemon Server] - 2026-04-02T15:26:37.388Z - [REQUEST]: Responding to the client. recordOutputsHash
[NX v22.6.2 Daemon Server] - 2026-04-02T15:26:37.389Z - Done responding to the client recordOutputsHash
[NX v22.6.2 Daemon Server] - 2026-04-02T15:26:37.389Z - Handled json message RECORD_OUTPUTS_HASH. Handling time: 3. Response time: 1.
[NX v22.6.2 Daemon Client] - 2026-04-02T15:26:37.389Z - [Messenger] Received message, length: 2
[NX v22.6.2 Daemon Client] - 2026-04-02T15:26:37.389Z - [Messenger] Sending message type: OUTPUTS_HASHES_MATCH
[NX v22.6.2 Daemon Client] - 2026-04-02T15:26:37.389Z - [Messenger] Message sent
[NX v22.6.2 Daemon Server] - 2026-04-02T15:26:37.389Z - Received raw message of length 201
[NX v22.6.2 Daemon Server] - 2026-04-02T15:26:37.389Z - Received json message of type OUTPUTS_HASHES_MATCH
[NX v22.6.2 Daemon Server] - 2026-04-02T15:26:37.393Z - Serializing response for OUTPUTS_HASHES_MATCH message in json mode
[NX v22.6.2 Daemon Server] - 2026-04-02T15:26:37.393Z - Responding to OUTPUTS_HASHES_MATCH message
[NX v22.6.2 Daemon Server] - 2026-04-02T15:26:37.394Z - [REQUEST]: Responding to the client. outputsHashesMatch
[NX v22.6.2 Daemon Server] - 2026-04-02T15:26:37.394Z - Done responding to the client outputsHashesMatch
[NX v22.6.2 Daemon Server] - 2026-04-02T15:26:37.394Z - Handled json message OUTPUTS_HASHES_MATCH. Handling time: 4. Response time: 1.
[NX v22.6.2 Daemon Client] - 2026-04-02T15:26:37.394Z - [Messenger] Received message, length: 4
[NX v22.6.2 Daemon Client] - 2026-04-02T15:26:37.394Z - [Messenger] Sending message type: RECORD_OUTPUTS_HASH
[NX v22.6.2 Daemon Client] - 2026-04-02T15:26:37.394Z - [Messenger] Message sent
[NX v22.6.2 Daemon Server] - 2026-04-02T15:26:37.394Z - Received raw message of length 200
[NX v22.6.2 Daemon Server] - 2026-04-02T15:26:37.394Z - Received json message of type RECORD_OUTPUTS_HASH
[NX v22.6.2 Daemon Server] - 2026-04-02T15:26:37.398Z - Serializing response for RECORD_OUTPUTS_HASH message in json mode
[NX v22.6.2 Daemon Server] - 2026-04-02T15:26:37.398Z - Responding to RECORD_OUTPUTS_HASH message
[NX v22.6.2 Daemon Server] - 2026-04-02T15:26:37.398Z - [REQUEST]: Responding to the client. recordOutputsHash
[NX v22.6.2 Daemon Server] - 2026-04-02T15:26:37.398Z - Done responding to the client recordOutputsHash
[NX v22.6.2 Daemon Server] - 2026-04-02T15:26:37.398Z - Handled json message RECORD_OUTPUTS_HASH. Handling time: 4. Response time: 0.
[NX v22.6.2 Daemon Client] - 2026-04-02T15:26:37.398Z - [Messenger] Received message, length: 2
[NX v22.6.2 Daemon Client] - 2026-04-02T15:26:37.400Z - [Messenger] Sending message type: OUTPUTS_HASHES_MATCH
[NX v22.6.2 Daemon Client] - 2026-04-02T15:26:37.400Z - [Messenger] Message sent
[NX v22.6.2 Daemon Server] - 2026-04-02T15:26:37.400Z - Received raw message of length 225
[NX v22.6.2 Daemon Server] - 2026-04-02T15:26:37.400Z - Received json message of type OUTPUTS_HASHES_MATCH
[NX v22.6.2 Daemon Server] - 2026-04-02T15:26:37.403Z - Serializing response for OUTPUTS_HASHES_MATCH message in json mode
[NX v22.6.2 Daemon Server] - 2026-04-02T15:26:37.403Z - Responding to OUTPUTS_HASHES_MATCH message
[NX v22.6.2 Daemon Server] - 2026-04-02T15:26:37.403Z - [REQUEST]: Responding to the client. outputsHashesMatch
[NX v22.6.2 Daemon Server] - 2026-04-02T15:26:37.403Z - Done responding to the client outputsHashesMatch
[NX v22.6.2 Daemon Server] - 2026-04-02T15:26:37.403Z - Handled json message OUTPUTS_HASHES_MATCH. Handling time: 3. Response time: 0.
[NX v22.6.2 Daemon Client] - 2026-04-02T15:26:37.403Z - [Messenger] Received message, length: 4
[NX v22.6.2 Daemon Client] - 2026-04-02T15:26:37.403Z - [Messenger] Sending message type: RECORD_OUTPUTS_HASH
[NX v22.6.2 Daemon Client] - 2026-04-02T15:26:37.403Z - [Messenger] Message sent
[NX v22.6.2 Daemon Server] - 2026-04-02T15:26:37.403Z - Received raw message of length 224
[NX v22.6.2 Daemon Server] - 2026-04-02T15:26:37.403Z - Received json message of type RECORD_OUTPUTS_HASH
[NX v22.6.2 Daemon Server] - 2026-04-02T15:26:37.406Z - Serializing response for RECORD_OUTPUTS_HASH message in json mode
[NX v22.6.2 Daemon Server] - 2026-04-02T15:26:37.406Z - Responding to RECORD_OUTPUTS_HASH message
[NX v22.6.2 Daemon Server] - 2026-04-02T15:26:37.406Z - [REQUEST]: Responding to the client. recordOutputsHash
[NX v22.6.2 Daemon Server] - 2026-04-02T15:26:37.406Z - Done responding to the client recordOutputsHash
[NX v22.6.2 Daemon Server] - 2026-04-02T15:26:37.406Z - Handled json message RECORD_OUTPUTS_HASH. Handling time: 3. Response time: 0.
[NX v22.6.2 Daemon Client] - 2026-04-02T15:26:37.406Z - [Messenger] Received message, length: 2
[NX v22.6.2 Daemon Client] - 2026-04-02T15:26:37.409Z - [Messenger] Sending message type: OUTPUTS_HASHES_MATCH
[NX v22.6.2 Daemon Client] - 2026-04-02T15:26:37.409Z - [Messenger] Message sent
[NX v22.6.2 Daemon Server] - 2026-04-02T15:26:37.409Z - Received raw message of length 205
[NX v22.6.2 Daemon Server] - 2026-04-02T15:26:37.409Z - Received json message of type OUTPUTS_HASHES_MATCH
[NX v22.6.2 Daemon Server] - 2026-04-02T15:26:37.410Z - Serializing response for OUTPUTS_HASHES_MATCH message in json mode
[NX v22.6.2 Daemon Server] - 2026-04-02T15:26:37.410Z - Responding to OUTPUTS_HASHES_MATCH message
[NX v22.6.2 Daemon Server] - 2026-04-02T15:26:37.410Z - [REQUEST]: Responding to the client. outputsHashesMatch
[NX v22.6.2 Daemon Server] - 2026-04-02T15:26:37.410Z - Done responding to the client outputsHashesMatch
[NX v22.6.2 Daemon Server] - 2026-04-02T15:26:37.410Z - Handled json message OUTPUTS_HASHES_MATCH. Handling time: 1. Response time: 0.
[NX v22.6.2 Daemon Client] - 2026-04-02T15:26:37.410Z - [Messenger] Received message, length: 4
[NX v22.6.2 Daemon Client] - 2026-04-02T15:26:37.411Z - [Messenger] Sending message type: OUTPUTS_HASHES_MATCH
[NX v22.6.2 Daemon Server] - 2026-04-02T15:26:37.411Z - Received raw message of length 209
[NX v22.6.2 Daemon Client] - 2026-04-02T15:26:37.411Z - [Messenger] Message sent
[NX v22.6.2 Daemon Server] - 2026-04-02T15:26:37.411Z - Received json message of type OUTPUTS_HASHES_MATCH
[NX v22.6.2 Daemon Server] - 2026-04-02T15:26:37.415Z - Serializing response for OUTPUTS_HASHES_MATCH message in json mode
[NX v22.6.2 Daemon Server] - 2026-04-02T15:26:37.415Z - Responding to OUTPUTS_HASHES_MATCH message
[NX v22.6.2 Daemon Server] - 2026-04-02T15:26:37.415Z - [REQUEST]: Responding to the client. outputsHashesMatch
[NX v22.6.2 Daemon Server] - 2026-04-02T15:26:37.415Z - Done responding to the client outputsHashesMatch
[NX v22.6.2 Daemon Server] - 2026-04-02T15:26:37.415Z - Handled json message OUTPUTS_HASHES_MATCH. Handling time: 4. Response time: 0.
[NX v22.6.2 Daemon Client] - 2026-04-02T15:26:37.415Z - [Messenger] Received message, length: 4
[NX v22.6.2 Daemon Client] - 2026-04-02T15:26:37.415Z - [Messenger] Sending message type: RECORD_OUTPUTS_HASH
[NX v22.6.2 Daemon Client] - 2026-04-02T15:26:37.415Z - [Messenger] Message sent
[NX v22.6.2 Daemon Server] - 2026-04-02T15:26:37.415Z - Received raw message of length 204
[NX v22.6.2 Daemon Server] - 2026-04-02T15:26:37.415Z - Received json message of type RECORD_OUTPUTS_HASH
[NX v22.6.2 Daemon Server] - 2026-04-02T15:26:37.417Z - Serializing response for RECORD_OUTPUTS_HASH message in json mode
[NX v22.6.2 Daemon Server] - 2026-04-02T15:26:37.417Z - Responding to RECORD_OUTPUTS_HASH message
[NX v22.6.2 Daemon Server] - 2026-04-02T15:26:37.417Z - [REQUEST]: Responding to the client. recordOutputsHash
[NX v22.6.2 Daemon Server] - 2026-04-02T15:26:37.417Z - Done responding to the client recordOutputsHash
[NX v22.6.2 Daemon Server] - 2026-04-02T15:26:37.417Z - Handled json message RECORD_OUTPUTS_HASH. Handling time: 2. Response time: 0.
[NX v22.6.2 Daemon Client] - 2026-04-02T15:26:37.417Z - [Messenger] Received message, length: 2
[NX v22.6.2 Daemon Client] - 2026-04-02T15:26:37.417Z - [Messenger] Sending message type: RECORD_OUTPUTS_HASH
[NX v22.6.2 Daemon Client] - 2026-04-02T15:26:37.417Z - [Messenger] Message sent
[NX v22.6.2 Daemon Server] - 2026-04-02T15:26:37.417Z - Received raw message of length 208
[NX v22.6.2 Daemon Server] - 2026-04-02T15:26:37.417Z - Received json message of type RECORD_OUTPUTS_HASH
[NX v22.6.2 Daemon Server] - 2026-04-02T15:26:37.420Z - Serializing response for RECORD_OUTPUTS_HASH message in json mode
[NX v22.6.2 Daemon Server] - 2026-04-02T15:26:37.420Z - Responding to RECORD_OUTPUTS_HASH message
[NX v22.6.2 Daemon Server] - 2026-04-02T15:26:37.420Z - [REQUEST]: Responding to the client. recordOutputsHash
[NX v22.6.2 Daemon Server] - 2026-04-02T15:26:37.420Z - Done responding to the client recordOutputsHash
[NX v22.6.2 Daemon Server] - 2026-04-02T15:26:37.420Z - Handled json message RECORD_OUTPUTS_HASH. Handling time: 3. Response time: 0.
[NX v22.6.2 Daemon Client] - 2026-04-02T15:26:37.420Z - [Messenger] Received message, length: 2
[NX v22.6.2 Daemon Client] - 2026-04-02T15:26:37.420Z - [Messenger] Sending message type: OUTPUTS_HASHES_MATCH
[NX v22.6.2 Daemon Client] - 2026-04-02T15:26:37.420Z - [Messenger] Message sent
[NX v22.6.2 Daemon Server] - 2026-04-02T15:26:37.420Z - Received raw message of length 205
[NX v22.6.2 Daemon Server] - 2026-04-02T15:26:37.420Z - Received json message of type OUTPUTS_HASHES_MATCH
[NX v22.6.2 Daemon Server] - 2026-04-02T15:26:37.423Z - Serializing response for OUTPUTS_HASHES_MATCH message in json mode
[NX v22.6.2 Daemon Server] - 2026-04-02T15:26:37.423Z - Responding to OUTPUTS_HASHES_MATCH message
[NX v22.6.2 Daemon Server] - 2026-04-02T15:26:37.423Z - [REQUEST]: Responding to the client. outputsHashesMatch
[NX v22.6.2 Daemon Server] - 2026-04-02T15:26:37.423Z - Done responding to the client outputsHashesMatch
[NX v22.6.2 Daemon Server] - 2026-04-02T15:26:37.423Z - Handled json message OUTPUTS_HASHES_MATCH. Handling time: 3. Response time: 0.
[NX v22.6.2 Daemon Client] - 2026-04-02T15:26:37.423Z - [Messenger] Received message, length: 4
[NX v22.6.2 Daemon Client] - 2026-04-02T15:26:37.423Z - [Messenger] Sending message type: RECORD_OUTPUTS_HASH
[NX v22.6.2 Daemon Client] - 2026-04-02T15:26:37.423Z - [Messenger] Message sent
[NX v22.6.2 Daemon Server] - 2026-04-02T15:26:37.423Z - Received raw message of length 204
[NX v22.6.2 Daemon Server] - 2026-04-02T15:26:37.423Z - Received json message of type RECORD_OUTPUTS_HASH
[NX v22.6.2 Daemon Server] - 2026-04-02T15:26:37.426Z - Serializing response for RECORD_OUTPUTS_HASH message in json mode
[NX v22.6.2 Daemon Server] - 2026-04-02T15:26:37.426Z - Responding to RECORD_OUTPUTS_HASH message
[NX v22.6.2 Daemon Server] - 2026-04-02T15:26:37.426Z - [REQUEST]: Responding to the client. recordOutputsHash
[NX v22.6.2 Daemon Server] - 2026-04-02T15:26:37.426Z - Done responding to the client recordOutputsHash
[NX v22.6.2 Daemon Server] - 2026-04-02T15:26:37.426Z - Handled json message RECORD_OUTPUTS_HASH. Handling time: 3. Response time: 0.
[NX v22.6.2 Daemon Client] - 2026-04-02T15:26:37.426Z - [Messenger] Received message, length: 2
[NX v22.6.2 Daemon Client] - 2026-04-02T15:26:37.428Z - [Messenger] Sending message type: OUTPUTS_HASHES_MATCH
[NX v22.6.2 Daemon Client] - 2026-04-02T15:26:37.428Z - [Messenger] Message sent
[NX v22.6.2 Daemon Server] - 2026-04-02T15:26:37.428Z - Received raw message of length 237
[NX v22.6.2 Daemon Server] - 2026-04-02T15:26:37.428Z - Received json message of type OUTPUTS_HASHES_MATCH
[NX v22.6.2 Daemon Server] - 2026-04-02T15:26:37.432Z - Serializing response for OUTPUTS_HASHES_MATCH message in json mode
[NX v22.6.2 Daemon Server] - 2026-04-02T15:26:37.432Z - Responding to OUTPUTS_HASHES_MATCH message
[NX v22.6.2 Daemon Server] - 2026-04-02T15:26:37.432Z - [REQUEST]: Responding to the client. outputsHashesMatch
[NX v22.6.2 Daemon Server] - 2026-04-02T15:26:37.432Z - Done responding to the client outputsHashesMatch
[NX v22.6.2 Daemon Server] - 2026-04-02T15:26:37.432Z - Handled json message OUTPUTS_HASHES_MATCH. Handling time: 4. Response time: 0.
[NX v22.6.2 Daemon Client] - 2026-04-02T15:26:37.432Z - [Messenger] Received message, length: 4
[NX v22.6.2 Daemon Client] - 2026-04-02T15:26:37.432Z - [Messenger] Sending message type: OUTPUTS_HASHES_MATCH
[NX v22.6.2 Daemon Server] - 2026-04-02T15:26:37.432Z - Received raw message of length 232
[NX v22.6.2 Daemon Client] - 2026-04-02T15:26:37.432Z - [Messenger] Message sent
[NX v22.6.2 Daemon Server] - 2026-04-02T15:26:37.432Z - Received json message of type OUTPUTS_HASHES_MATCH
[NX v22.6.2 Daemon Server] - 2026-04-02T15:26:37.433Z - Serializing response for OUTPUTS_HASHES_MATCH message in json mode
[NX v22.6.2 Daemon Server] - 2026-04-02T15:26:37.433Z - Responding to OUTPUTS_HASHES_MATCH message
[NX v22.6.2 Daemon Server] - 2026-04-02T15:26:37.433Z - [REQUEST]: Responding to the client. outputsHashesMatch
[NX v22.6.2 Daemon Server] - 2026-04-02T15:26:37.433Z - Done responding to the client outputsHashesMatch
[NX v22.6.2 Daemon Client] - 2026-04-02T15:26:37.433Z - [Messenger] Received message, length: 4
[NX v22.6.2 Daemon Server] - 2026-04-02T15:26:37.434Z - Handled json message OUTPUTS_HASHES_MATCH. Handling time: 1. Response time: 1.
[NX v22.6.2 Daemon Client] - 2026-04-02T15:26:37.434Z - [Messenger] Sending message type: RECORD_OUTPUTS_HASH
[NX v22.6.2 Daemon Server] - 2026-04-02T15:26:37.434Z - Received raw message of length 236
[NX v22.6.2 Daemon Client] - 2026-04-02T15:26:37.434Z - [Messenger] Message sent
[NX v22.6.2 Daemon Server] - 2026-04-02T15:26:37.434Z - Received json message of type RECORD_OUTPUTS_HASH
[NX v22.6.2 Daemon Server] - 2026-04-02T15:26:37.436Z - Serializing response for RECORD_OUTPUTS_HASH message in json mode
[NX v22.6.2 Daemon Server] - 2026-04-02T15:26:37.436Z - Responding to RECORD_OUTPUTS_HASH message
[NX v22.6.2 Daemon Server] - 2026-04-02T15:26:37.436Z - [REQUEST]: Responding to the client. recordOutputsHash
[NX v22.6.2 Daemon Server] - 2026-04-02T15:26:37.436Z - Done responding to the client recordOutputsHash
[NX v22.6.2 Daemon Server] - 2026-04-02T15:26:37.436Z - Handled json message RECORD_OUTPUTS_HASH. Handling time: 2. Response time: 0.
[NX v22.6.2 Daemon Client] - 2026-04-02T15:26:37.436Z - [Messenger] Received message, length: 2
[NX v22.6.2 Daemon Client] - 2026-04-02T15:26:37.436Z - [Messenger] Sending message type: RECORD_OUTPUTS_HASH
[NX v22.6.2 Daemon Client] - 2026-04-02T15:26:37.436Z - [Messenger] Message sent
[NX v22.6.2 Daemon Server] - 2026-04-02T15:26:37.436Z - Received raw message of length 231
[NX v22.6.2 Daemon Server] - 2026-04-02T15:26:37.436Z - Received json message of type RECORD_OUTPUTS_HASH
[NX v22.6.2 Daemon Server] - 2026-04-02T15:26:37.438Z - Serializing response for RECORD_OUTPUTS_HASH message in json mode
[NX v22.6.2 Daemon Server] - 2026-04-02T15:26:37.438Z - Responding to RECORD_OUTPUTS_HASH message
[NX v22.6.2 Daemon Server] - 2026-04-02T15:26:37.438Z - [REQUEST]: Responding to the client. recordOutputsHash
[NX v22.6.2 Daemon Server] - 2026-04-02T15:26:37.438Z - Done responding to the client recordOutputsHash
[NX v22.6.2 Daemon Server] - 2026-04-02T15:26:37.438Z - Handled json message RECORD_OUTPUTS_HASH. Handling time: 2. Response time: 0.
[NX v22.6.2 Daemon Client] - 2026-04-02T15:26:37.438Z - [Messenger] Received message, length: 2
[NX v22.6.2 Daemon Client] - 2026-04-02T15:26:37.440Z - [Messenger] Sending message type: OUTPUTS_HASHES_MATCH
[NX v22.6.2 Daemon Client] - 2026-04-02T15:26:37.440Z - [Messenger] Message sent
[NX v22.6.2 Daemon Server] - 2026-04-02T15:26:37.440Z - Received raw message of length 196
[NX v22.6.2 Daemon Server] - 2026-04-02T15:26:37.440Z - Received json message of type OUTPUTS_HASHES_MATCH
[NX v22.6.2 Daemon Server] - 2026-04-02T15:26:37.446Z - Serializing response for OUTPUTS_HASHES_MATCH message in json mode
[NX v22.6.2 Daemon Server] - 2026-04-02T15:26:37.446Z - Responding to OUTPUTS_HASHES_MATCH message
[NX v22.6.2 Daemon Server] - 2026-04-02T15:26:37.447Z - [REQUEST]: Responding to the client. outputsHashesMatch
[NX v22.6.2 Daemon Server] - 2026-04-02T15:26:37.447Z - Done responding to the client outputsHashesMatch
[NX v22.6.2 Daemon Server] - 2026-04-02T15:26:37.447Z - Handled json message OUTPUTS_HASHES_MATCH. Handling time: 6. Response time: 1.
[NX v22.6.2 Daemon Client] - 2026-04-02T15:26:37.447Z - [Messenger] Received message, length: 5
[NX v22.6.2 Daemon Client] - 2026-04-02T15:26:37.489Z - [Messenger] Sending message type: OUTPUTS_HASHES_MATCH
[NX v22.6.2 Daemon Client] - 2026-04-02T15:26:37.489Z - [Messenger] Message sent
[NX v22.6.2 Daemon Server] - 2026-04-02T15:26:37.490Z - Received raw message of length 184
[NX v22.6.2 Daemon Server] - 2026-04-02T15:26:37.490Z - Received json message of type OUTPUTS_HASHES_MATCH
[NX v22.6.2 Daemon Server] - 2026-04-02T15:26:37.495Z - Serializing response for OUTPUTS_HASHES_MATCH message in json mode
[NX v22.6.2 Daemon Server] - 2026-04-02T15:26:37.495Z - Responding to OUTPUTS_HASHES_MATCH message
[NX v22.6.2 Daemon Server] - 2026-04-02T15:26:37.495Z - [REQUEST]: Responding to the client. outputsHashesMatch
[NX v22.6.2 Daemon Server] - 2026-04-02T15:26:37.495Z - Done responding to the client outputsHashesMatch
[NX v22.6.2 Daemon Server] - 2026-04-02T15:26:37.495Z - Handled json message OUTPUTS_HASHES_MATCH. Handling time: 5. Response time: 0.
[NX v22.6.2 Daemon Client] - 2026-04-02T15:26:37.495Z - [Messenger] Received message, length: 4
[NX v22.6.2 Daemon Client] - 2026-04-02T15:26:37.495Z - [Messenger] Sending message type: RECORD_OUTPUTS_HASH
[NX v22.6.2 Daemon Client] - 2026-04-02T15:26:37.495Z - [Messenger] Message sent
[NX v22.6.2 Daemon Server] - 2026-04-02T15:26:37.495Z - Received raw message of length 195
[NX v22.6.2 Daemon Server] - 2026-04-02T15:26:37.495Z - Received json message of type RECORD_OUTPUTS_HASH
[NX v22.6.2 Daemon Server] - 2026-04-02T15:26:37.501Z - Serializing response for RECORD_OUTPUTS_HASH message in json mode
[NX v22.6.2 Daemon Server] - 2026-04-02T15:26:37.501Z - Responding to RECORD_OUTPUTS_HASH message
[NX v22.6.2 Daemon Server] - 2026-04-02T15:26:37.501Z - [REQUEST]: Responding to the client. recordOutputsHash
[NX v22.6.2 Daemon Server] - 2026-04-02T15:26:37.501Z - Done responding to the client recordOutputsHash
[NX v22.6.2 Daemon Server] - 2026-04-02T15:26:37.502Z - Handled json message RECORD_OUTPUTS_HASH. Handling time: 6. Response time: 1.
[NX v22.6.2 Daemon Client] - 2026-04-02T15:26:37.502Z - [Messenger] Received message, length: 2
[NX v22.6.2 Daemon Client] - 2026-04-02T15:26:37.502Z - [Messenger] Sending message type: RECORD_OUTPUTS_HASH
[NX v22.6.2 Daemon Client] - 2026-04-02T15:26:37.502Z - [Messenger] Message sent
[NX v22.6.2 Daemon Server] - 2026-04-02T15:26:37.502Z - Received raw message of length 183
[NX v22.6.2 Daemon Server] - 2026-04-02T15:26:37.502Z - Received json message of type RECORD_OUTPUTS_HASH
[NX v22.6.2 Daemon Server] - 2026-04-02T15:26:37.507Z - Serializing response for RECORD_OUTPUTS_HASH message in json mode
[NX v22.6.2 Daemon Server] - 2026-04-02T15:26:37.507Z - Responding to RECORD_OUTPUTS_HASH message
[NX v22.6.2 Daemon Server] - 2026-04-02T15:26:37.507Z - [REQUEST]: Responding to the client. recordOutputsHash
[NX v22.6.2 Daemon Server] - 2026-04-02T15:26:37.507Z - Done responding to the client recordOutputsHash
[NX v22.6.2 Daemon Server] - 2026-04-02T15:26:37.507Z - Handled json message RECORD_OUTPUTS_HASH. Handling time: 5. Response time: 0.
[NX v22.6.2 Daemon Client] - 2026-04-02T15:26:37.507Z - [Messenger] Received message, length: 2
[NX v22.6.2 Daemon Client] - 2026-04-02T15:26:37.509Z - [Messenger] Sending message type: RECORD_TASK_RUNS
[NX v22.6.2 Daemon Client] - 2026-04-02T15:26:37.510Z - [Messenger] Message sent
[NX v22.6.2 Daemon Server] - 2026-04-02T15:26:37.510Z - Received raw message of length 2575
[NX v22.6.2 Daemon Server] - 2026-04-02T15:26:37.510Z - Received json message of type RECORD_TASK_RUNS
[NX v22.6.2 Daemon Server] - 2026-04-02T15:26:37.511Z - Serializing response for RECORD_TASK_RUNS message in json mode
[NX v22.6.2 Daemon Server] - 2026-04-02T15:26:37.511Z - Responding to RECORD_TASK_RUNS message
[NX v22.6.2 Daemon Server] - 2026-04-02T15:26:37.511Z - [REQUEST]: Responding to the client. handleRecordTaskRuns
[NX v22.6.2 Daemon Server] - 2026-04-02T15:26:37.511Z - Done responding to the client handleRecordTaskRuns
[NX v22.6.2 Daemon Server] - 2026-04-02T15:26:37.511Z - Handled json message RECORD_TASK_RUNS. Handling time: 1. Response time: 0.
[NX v22.6.2 Daemon Client] - 2026-04-02T15:26:37.511Z - [Messenger] Received message, length: 4
[NX v22.6.2 Daemon Client] - 2026-04-02T15:26:37.511Z - [Messenger] Sending message type: GET_FLAKY_TASKS
[NX v22.6.2 Daemon Client] - 2026-04-02T15:26:37.511Z - [Messenger] Message sent
[NX v22.6.2 Daemon Server] - 2026-04-02T15:26:37.512Z - Received raw message of length 331
[NX v22.6.2 Daemon Server] - 2026-04-02T15:26:37.512Z - Received json message of type GET_FLAKY_TASKS
[NX v22.6.2 Daemon Server] - 2026-04-02T15:26:37.513Z - Serializing response for GET_FLAKY_TASKS message in json mode
[NX v22.6.2 Daemon Server] - 2026-04-02T15:26:37.513Z - Responding to GET_FLAKY_TASKS message
[NX v22.6.2 Daemon Server] - 2026-04-02T15:26:37.513Z - [REQUEST]: Responding to the client. handleGetFlakyTasks
[NX v22.6.2 Daemon Server] - 2026-04-02T15:26:37.513Z - Done responding to the client handleGetFlakyTasks
[NX v22.6.2 Daemon Server] - 2026-04-02T15:26:37.513Z - Handled json message GET_FLAKY_TASKS. Handling time: 1. Response time: 0.
[NX v22.6.2 Daemon Client] - 2026-04-02T15:26:37.514Z - [Messenger] Received message, length: 2
[NX v22.6.2 Daemon Server] - 2026-04-02T15:26:37.519Z - [WATCHER]: Processing file changes in outputs
[NX v22.6.2 Daemon Server] - 2026-04-02T15:26:37.521Z - [WATCHER]: 50 file(s) created or restored, 0 file(s) modified, 0 file(s) deleted
[NX v22.6.2 Daemon Server] - 2026-04-02T15:26:37.521Z - [SYNC]: clearing sync generators cache due to file changes
[NX v22.6.2 Daemon Server] - 2026-04-02T15:26:37.704Z - [REQUEST]: Updated workspace context based on watched changes, recomputing project graph...
[NX v22.6.2 Daemon Server] - 2026-04-02T15:26:37.704Z - [REQUEST]: apps/thunder-console/public/assets/images/icons/github.svg,apps/thunder-console/public/assets/images/icons/mobile-message.svg,apps/thunder-console/public/assets/images/logo.svg,apps/thunder-console/public/assets/images/icons/decide.svg,apps/thunder-console/public/assets/images/icons/step.svg,apps/thunder-console/public/assets/images/icons/date.svg,apps/thunder-console/public/assets/images/icons/stamp.svg,apps/thunder-console/public/assets/images/icons/fingerprint.svg,apps/thunder-console/public/assets/images/icons/check-mark-inside-a-black-box.svg,apps/thunder-console/public/assets/images/icons/password-input.svg,apps/thunder-console/public/assets/images/icons/transaction-password-otp-verification-code-security.svg,apps/thunder-console/public/assets/images/icons/boolean.svg,apps/thunder-console/public/assets/images/icons/at.svg,apps/thunder-console/public/assets/images/icons/image-square.svg,apps/thunder-console/public/assets/images/logo-mini-inverted.svg,apps/thunder-console/public/assets/images/icons/text-size.svg,apps/thunder-console/public/assets/images/icons/scan.svg,apps/thunder-console/public/assets/images/logo-inverted.svg,apps/thunder-console/public/assets/images/icons/google.svg,apps/thunder-console/public/assets/images/icons/robot.svg,apps/thunder-console/public/assets/images/icons/arrowhead-right-outline.svg,apps/thunder-console/public/assets/images/logo-mini.svg,apps/thunder-console/public/assets/images/icons/refresh-ccw.svg,apps/thunder-console/public/assets/images/icons/facebook-black.svg,apps/thunder-console/public/config.js,apps/thunder-console/public/assets/images/icons/phone.svg,apps/thunder-console/public/assets/images/icons/google-generic.svg,apps/thunder-console/public/assets/images/icons/microsoft-black.svg,apps/thunder-console/public/assets/images/icons/magnifying-glass.svg,apps/thunder-console/public/assets/images/icons/link.svg,apps/thunder-console/public/assets/images/icons/play.svg,apps/thunder-console/public/assets/images/icons/number-input.svg,apps/thunder-console/public/assets/images/icons/email-down.svg,apps/thunder-console/public/assets/images/icons/textbox.svg,apps/thunder-console/public/assets/images/icons/apple.svg,apps/thunder-console/public/assets/images/icons/message-text.svg,apps/thunder-console/public/assets/images/icons/divider.svg,apps/thunder-console/public/assets/images/favicon.ico,apps/thunder-console/public/assets/images/icons/checkbox-check.svg,apps/thunder-console/public/assets/images/icons/button.svg,apps/thunder-console/public/assets/images/icons/microsoft.svg,apps/thunder-console/public/assets/images/icons/facebook.svg,apps/thunder-console/public/assets/images/icons/form.svg,apps/thunder-console/public/assets/images/icons/password.svg,apps/thunder-console/public/assets/images/icons/email.svg,apps/thunder-console/public/assets/images/icons/recaptcha.png,apps/thunder-console/public/assets/images/icons/user.svg,apps/thunder-console/public/assets/images/icons/landscape-placeholder.svg,apps/thunder-console/public/assets/images/icons/loop.svg,apps/thunder-console/public/assets/images/icons/display-rich-text.svg
[NX v22.6.2 Daemon Server] - 2026-04-02T15:26:37.704Z - [REQUEST]: 
[NX v22.6.2 Daemon Server] - 2026-04-02T15:26:37.761Z - Time taken for 'hash changed files from watcher' 82.6364580001682ms
Time taken for 'plugin worker 31411 code loading' 89.594042ms
Time taken for 'plugin worker 31409 code loading' 91.462125ms
Time taken for 'plugin worker 31410 code loading' 91.15112500000001ms
[NX v22.6.2 Daemon Server] - 2026-04-02T15:26:37.888Z - Time taken for 'start-plugin-worker:nx/js/dependencies-and-lockfile' 129.61083300039172ms
[NX v22.6.2 Daemon Server] - 2026-04-02T15:26:37.888Z - Time taken for 'start-plugin-worker:nx/core/package-json' 127.97062499914318ms
[NX v22.6.2 Daemon Server] - 2026-04-02T15:26:37.888Z - Time taken for 'start-plugin-worker:nx/core/project-json' 127.42712499946356ms
Time taken for 'nx/js/dependencies-and-lockfile:createNodes' 8.128375000000005ms
Time taken for 'nx/core/package-json:createNodes' 209.88008299999998ms
[NX v22.6.2 Daemon Server] - 2026-04-02T15:26:38.667Z - Time taken for 'build-project-configs' 388.64233299996704ms
[NX v22.6.2 Daemon Server] - 2026-04-02T15:26:38.667Z - Time taken for 'createNodes:merge' 2.5034170001745224ms
[NX v22.6.2 Daemon Server] - 2026-04-02T15:26:38.667Z - Time taken for 'get-all-workspace-files' 120.20849999971688ms
Time taken for 'build typescript dependencies' 0.17370800000003328ms
[NX v22.6.2 Daemon Server] - 2026-04-02T15:26:38.820Z - [SYNC]: collect registered sync generators
[NX v22.6.2 Daemon Server] - 2026-04-02T15:26:38.820Z - [SYNC]: project graph hash is the same, not collecting task sync generators
[NX v22.6.2 Daemon Server] - 2026-04-02T15:26:38.821Z - [SYNC]: nx.json hash is the same, not collecting global sync generators
[NX v22.6.2 Daemon Server] - 2026-04-02T15:26:38.821Z - Time taken for 'total execution time for createProjectGraph()' 401.9776660008356ms
[NX v22.6.2 Daemon Server] - 2026-04-02T15:26:38.821Z - Time taken for 'createDependencies' 213.66124999988824ms
[NX v22.6.2 Daemon Server] - 2026-04-02T15:26:38.821Z - Time taken for 'nx/js/dependencies-and-lockfile:createDependencies' 213.56787499971688ms
[NX v22.6.2 Daemon Server] - 2026-04-02T15:26:38.821Z - Time taken for 'createMetadata' 0.03537499997764826ms
[NX v22.6.2 Daemon Server] - 2026-04-02T15:26:38.821Z - Time taken for 'serialize graph' 3.5143750002607703ms
[NX v22.6.2 Daemon Server] - 2026-04-02T15:26:40.546Z - Established a connection. Number of open connections: 2
[NX v22.6.2 Daemon Client] - 2026-04-02T15:26:40.546Z - [Messenger] Sending message type: GET_CONFIGURE_AI_AGENTS_STATUS
[NX v22.6.2 Daemon Server] - 2026-04-02T15:26:40.546Z - Closed a connection. Number of open connections: 1
[NX v22.6.2 Daemon Client] - 2026-04-02T15:26:40.546Z - [Messenger] Message sent
[NX v22.6.2 Daemon Server] - 2026-04-02T15:26:40.546Z - Received raw message of length 41
[NX v22.6.2 Daemon Server] - 2026-04-02T15:26:40.546Z - Received json message of type GET_CONFIGURE_AI_AGENTS_STATUS
[NX v22.6.2 Daemon Server] - 2026-04-02T15:26:40.546Z - [AI-AGENTS]: Returning cached agent configuration status
[NX v22.6.2 Daemon Server] - 2026-04-02T15:26:40.546Z - Serializing response for GET_CONFIGURE_AI_AGENTS_STATUS message in json mode
[NX v22.6.2 Daemon Server] - 2026-04-02T15:26:40.546Z - Responding to GET_CONFIGURE_AI_AGENTS_STATUS message
[NX v22.6.2 Daemon Server] - 2026-04-02T15:26:40.546Z - [REQUEST]: Responding to the client. handleGetConfigureAiAgentsStatus
[NX v22.6.2 Daemon Server] - 2026-04-02T15:26:40.546Z - Done responding to the client handleGetConfigureAiAgentsStatus
[NX v22.6.2 Daemon Server] - 2026-04-02T15:26:40.546Z - Handled json message GET_CONFIGURE_AI_AGENTS_STATUS. Handling time: 0. Response time: 0.
[NX v22.6.2 Daemon Client] - 2026-04-02T15:26:40.546Z - [Messenger] Received message, length: 342
[NX v22.6.2 Daemon Client] - 2026-04-02T15:26:40.741Z - [Messenger] Sending message type: POST_TASKS_EXECUTION
[NX v22.6.2 Daemon Client] - 2026-04-02T15:26:40.742Z - [Messenger] Message sent
[NX v22.6.2 Daemon Server] - 2026-04-02T15:26:40.743Z - Received raw message of length 472928
[NX v22.6.2 Daemon Server] - 2026-04-02T15:26:40.745Z - Received json message of type POST_TASKS_EXECUTION
[NX v22.6.2 Daemon Server] - 2026-04-02T15:26:40.745Z - Serializing response for POST_TASKS_EXECUTION message in json mode
[NX v22.6.2 Daemon Server] - 2026-04-02T15:26:40.745Z - Responding to POST_TASKS_EXECUTION message
[NX v22.6.2 Daemon Server] - 2026-04-02T15:26:40.745Z - [REQUEST]: Responding to the client. handleRunPostTasksExecution
[NX v22.6.2 Daemon Server] - 2026-04-02T15:26:40.745Z - Done responding to the client handleRunPostTasksExecution
[NX v22.6.2 Daemon Server] - 2026-04-02T15:26:40.745Z - Handled json message POST_TASKS_EXECUTION. Handling time: 0. Response time: 0.
[NX v22.6.2 Daemon Server] - 2026-04-02T15:26:40.745Z - Time taken for 'postTasksExecution' 0.17095800023525953ms
[NX v22.6.2 Daemon Client] - 2026-04-02T15:26:40.745Z - [Messenger] Received message, length: 4
[NX v22.6.2 Daemon Server] - 2026-04-02T15:26:40.755Z - Closed a connection. Number of open connections: 0
[NX v22.6.2 Daemon Server] - 2026-04-02T15:26:41.872Z - [WATCHER]: Processing file changes in outputs
[NX v22.6.2 Daemon Server] - 2026-04-02T15:30:41.495Z - [WATCHER]: Processing file changes in outputs
[NX v22.6.2 Daemon Server] - 2026-04-02T15:31:12.208Z - [WATCHER]: Processing file changes in outputs
[NX v22.6.2 Daemon Server] - 2026-04-02T15:33:14.984Z - [WATCHER]: Processing file changes in outputs
[NX v22.6.2 Daemon Server] - 2026-04-02T18:26:40.801Z - [WATCHER]: Stopping the watcher for /Users/thilinashashimalsenarath/Documents/thunder/frontend (sources)
[NX v22.6.2 Daemon Server] - 2026-04-02T18:26:40.802Z - [WATCHER]: Stopping the watcher for /Users/thilinashashimalsenarath/Documents/thunder/frontend (outputs)
[NX v22.6.2 Daemon Server] - 2026-04-02T18:26:40.814Z - [LATEST-NX]: Cleaning up latest Nx installation from /private/var/folders/hb/3my_1qdj0w149mpd7vs6mkn80000gn/T/tmp-58854-kTl1Jn6DJ6To
[NX v22.6.2 Daemon Server] - 2026-04-02T18:26:40.816Z - Server stopped because: "10800000ms of inactivity"
[NX v22.6.2 Daemon Client] - 2026-04-03T03:49:43.935Z - [Client] Starting new daemon server in background
[NX v22.6.2 Daemon Client] - 2026-04-03T03:49:43.938Z - [Client] Waiting for server (max: 6000 attempts, 10ms interval)
[NX v22.6.2 Daemon Server] - 2026-04-03T03:49:44.351Z - New daemon starting from: /Users/thilinashashimalsenarath/Documents/thunder/frontend/node_modules/.pnpm/nx@22.6.2_@swc-node+register@1.11.1_@swc+core@1.15.21_@swc+helpers@0.5.18__@swc+types@0_cee606a162dedb814fdc44e450ef6d9c/node_modules/nx/src/daemon/server/server.js
[NX v22.6.2 Daemon Server] - 2026-04-03T03:49:44.353Z - New daemon __dirname: /Users/thilinashashimalsenarath/Documents/thunder/frontend/node_modules/.pnpm/nx@22.6.2_@swc-node+register@1.11.1_@swc+core@1.15.21_@swc+helpers@0.5.18__@swc+types@0_cee606a162dedb814fdc44e450ef6d9c/node_modules/nx/src/daemon/server
[NX v22.6.2 Daemon Server] - 2026-04-03T03:49:44.353Z - New daemon nxVersion: 22.6.2
[NX v22.6.2 Daemon Server] - 2026-04-03T03:49:44.355Z - New daemon getInstalledNxVersion(): 22.6.2
[NX v22.6.2 Daemon Server] - 2026-04-03T03:49:44.356Z - Time taken for 'workspace context init' 1.2889169999999979ms
[NX v22.6.2 Daemon Server] - 2026-04-03T03:49:44.365Z - [Server] Starting outdated check interval (20ms)
[NX v22.6.2 Daemon Server] - 2026-04-03T03:49:44.366Z - Started listening on: /private/var/folders/hb/3my_1qdj0w149mpd7vs6mkn80000gn/T/bd892820641db9ba0f0f/d.sock
[NX v22.6.2 Daemon Client] - 2026-04-03T03:49:44.368Z - [Client] Server available after 35 attempts
[NX v22.6.2 Daemon Client] - 2026-04-03T03:49:44.368Z - [Client] Daemon server started, pid=51285
[NX v22.6.2 Daemon Server] - 2026-04-03T03:49:44.368Z - [WATCHER]: Subscribed to changes within: /Users/thilinashashimalsenarath/Documents/thunder/frontend (native)
[NX v22.6.2 Daemon Client] - 2026-04-03T03:49:44.368Z - [Messenger] Setting up socket listeners
[NX v22.6.2 Daemon Client] - 2026-04-03T03:49:44.368Z - [Messenger] listen() complete
[NX v22.6.2 Daemon Server] - 2026-04-03T03:49:44.368Z - [LATEST-NX]: Pulling latest Nx...
[NX v22.6.2 Daemon Client] - 2026-04-03T03:49:44.368Z - [Messenger] Sending message type: REQUEST_PROJECT_GRAPH
[NX v22.6.2 Daemon Client] - 2026-04-03T03:49:44.369Z - [Messenger] Message sent
Fetching nx...
[NX v22.6.2 Daemon Server] - 2026-04-03T03:49:45.781Z - [AI-AGENTS]: Starting agent configuration status computation
[NX v22.6.2 Daemon Server] - 2026-04-03T03:49:45.796Z - Established a connection. Number of open connections: 1
[NX v22.6.2 Daemon Server] - 2026-04-03T03:49:45.797Z - Time taken for 'loadSpecifiedNxPlugins' 8.71508300000005ms
[NX v22.6.2 Daemon Server] - 2026-04-03T03:49:45.797Z - Established a connection. Number of open connections: 2
[NX v22.6.2 Daemon Server] - 2026-04-03T03:49:45.798Z - Closed a connection. Number of open connections: 1
[NX v22.6.2 Daemon Server] - 2026-04-03T03:49:45.799Z - Received raw message of length 32
[NX v22.6.2 Daemon Server] - 2026-04-03T03:49:45.799Z - Received json message of type REQUEST_PROJECT_GRAPH
[NX v22.6.2 Daemon Server] - 2026-04-03T03:49:45.799Z - [REQUEST]: Client Request for Project Graph Received
Time taken for 'plugin worker 51308 code loading' 537.040375ms
[NX v22.6.2 Daemon Server] - 2026-04-03T03:49:46.433Z - Time taken for 'start-plugin-worker:/Users/thilinashashimalsenarath/Documents/thunder/frontend/node_modules/.pnpm/nx@22.6.2_@swc-node+register@1.11.1_@swc+core@1.15.21_@swc+helpers@0.5.18__@swc+types@0_cee606a162dedb814fdc44e450ef6d9c/node_modules/nx/src/plugins/project-json/build-nodes/project-json' 640.9020830000002ms
Time taken for 'plugin worker 51307 code loading' 638.335541ms
[NX v22.6.2 Daemon Server] - 2026-04-03T03:49:46.523Z - Time taken for 'start-plugin-worker:/Users/thilinashashimalsenarath/Documents/thunder/frontend/node_modules/.pnpm/nx@22.6.2_@swc-node+register@1.11.1_@swc+core@1.15.21_@swc+helpers@0.5.18__@swc+types@0_cee606a162dedb814fdc44e450ef6d9c/node_modules/nx/src/plugins/package-json' 734.6124999999997ms
Time taken for 'plugin worker 51306 code loading' 664.924709ms
[NX v22.6.2 Daemon Server] - 2026-04-03T03:49:46.556Z - Time taken for 'start-plugin-worker:/Users/thilinashashimalsenarath/Documents/thunder/frontend/node_modules/.pnpm/nx@22.6.2_@swc-node+register@1.11.1_@swc+core@1.15.21_@swc+helpers@0.5.18__@swc+types@0_cee606a162dedb814fdc44e450ef6d9c/node_modules/nx/src/plugins/js' 769.4079999999999ms
[NX v22.6.2 Daemon Server] - 2026-04-03T03:49:46.648Z - Time taken for 'Load Nx Plugin: /Users/thilinashashimalsenarath/Documents/thunder/frontend/node_modules/.pnpm/nx@22.6.2_@swc-node+register@1.11.1_@swc+core@1.15.21_@swc+helpers@0.5.18__@swc+types@0_cee606a162dedb814fdc44e450ef6d9c/node_modules/nx/src/plugins/project-json/build-nodes/project-json' 863.079958ms
[NX v22.6.2 Daemon Server] - 2026-04-03T03:49:46.680Z - Time taken for 'Load Nx Plugin: /Users/thilinashashimalsenarath/Documents/thunder/frontend/node_modules/.pnpm/nx@22.6.2_@swc-node+register@1.11.1_@swc+core@1.15.21_@swc+helpers@0.5.18__@swc+types@0_cee606a162dedb814fdc44e450ef6d9c/node_modules/nx/src/plugins/package-json' 895.724667ms
[NX v22.6.2 Daemon Server] - 2026-04-03T03:50:03.180Z - [REQUEST]: Updated workspace context based on watched changes, recomputing project graph...
[NX v22.6.2 Daemon Server] - 2026-04-03T03:50:03.180Z - [REQUEST]: 
[NX v22.6.2 Daemon Server] - 2026-04-03T03:50:03.180Z - [REQUEST]: 
[NX v22.6.2 Daemon Server] - 2026-04-03T03:50:03.236Z - Reusing in-memory cached project graph because no files changed.
[NX v22.6.2 Daemon Server] - 2026-04-03T03:50:03.241Z - Time taken for 'loadDefaultNxPlugins' 910.2047079999998ms
[NX v22.6.2 Daemon Server] - 2026-04-03T03:50:03.241Z - Time taken for 'Load Nx Plugin: /Users/thilinashashimalsenarath/Documents/thunder/frontend/node_modules/.pnpm/nx@22.6.2_@swc-node+register@1.11.1_@swc+core@1.15.21_@swc+helpers@0.5.18__@swc+types@0_cee606a162dedb814fdc44e450ef6d9c/node_modules/nx/src/plugins/js' 909.972583ms
[NX v22.6.2 Daemon Server] - 2026-04-03T03:50:03.241Z - Time taken for 'hash changed files from watcher' 16486.021416ms
[NX v22.6.2 Daemon Server] - 2026-04-03T03:50:03.247Z - [LATEST-NX]: Successfully pulled latest Nx to /private/var/folders/hb/3my_1qdj0w149mpd7vs6mkn80000gn/T/tmp-51285-nP0okCNNOD6a
[NX v22.6.4 Daemon Server] - 2026-04-03T03:50:03.744Z - [NX-CONSOLE]: Using local implementation (NX_USE_LOCAL=true or inner call)
DEBUG nx::native::ide::install: Detected editor: Unknown
[NX v22.6.2 Daemon Server] - 2026-04-03T03:50:03.748Z - [NX-CONSOLE]: Console status check completed, shouldPrompt: false
Time taken for 'nx/js/dependencies-and-lockfile:createNodes' 13.015625ms
Time taken for 'nx/core/package-json:createNodes' 641.2144169999992ms
DEBUG nx::native::ide::install: Editor command 'code' is installed
[NX v22.6.2 Daemon Server] - 2026-04-03T03:50:04.464Z - Time taken for 'build-project-configs' 656.4734170000011ms
[NX v22.6.2 Daemon Server] - 2026-04-03T03:50:04.464Z - Time taken for 'createNodes:merge' 7.833791000000929ms
[NX v22.6.2 Daemon Server] - 2026-04-03T03:50:04.464Z - Time taken for 'native-file-deps' 0.01262499999938882ms
[NX v22.6.2 Daemon Server] - 2026-04-03T03:50:04.464Z - Time taken for 'get-workspace-files' 157.57937499999753ms
[NX v22.6.2 Daemon Server] - 2026-04-03T03:50:04.464Z - Time taken for 'get-all-workspace-files' 7.963750000002619ms
[NX v22.6.2 Daemon Server] - 2026-04-03T03:50:04.464Z - Time taken for 'read cache' 123.85845799999879ms
DEBUG nx::native::ide::install: Editor command 'code-insiders' not found
DEBUG nx::native::ide::install: Checking if Nx Console extension is installed with: code --list-extensions
Time taken for 'build typescript dependencies' 0.43491699999867706ms
[NX v22.6.2 Daemon Server] - 2026-04-03T03:50:04.707Z - [SYNC]: collect registered sync generators
[NX v22.6.2 Daemon Server] - 2026-04-03T03:50:04.811Z - Wrote project graph cache to /Users/thilinashashimalsenarath/Documents/thunder/frontend/.nx/workspace-data/project-graph.json
[NX v22.6.2 Daemon Server] - 2026-04-03T03:50:04.812Z - Serializing response for REQUEST_PROJECT_GRAPH message in json mode
[NX v22.6.2 Daemon Server] - 2026-04-03T03:50:04.812Z - Responding to REQUEST_PROJECT_GRAPH message
[NX v22.6.2 Daemon Server] - 2026-04-03T03:50:04.812Z - [REQUEST]: Responding to the client. project-graph
[NX v22.6.2 Daemon Server] - 2026-04-03T03:50:04.814Z - Time taken for 'total for creating and serializing project graph' 19012.281708000002ms
[NX v22.6.2 Daemon Server] - 2026-04-03T03:50:04.814Z - Time taken for 'total execution time for createProjectGraph()' 631.4804169999989ms
[NX v22.6.2 Daemon Server] - 2026-04-03T03:50:04.814Z - Time taken for 'createDependencies' 308.9930409999979ms
[NX v22.6.2 Daemon Server] - 2026-04-03T03:50:04.814Z - Time taken for 'nx/js/dependencies-and-lockfile:createDependencies' 308.76991599999747ms
[NX v22.6.2 Daemon Server] - 2026-04-03T03:50:04.814Z - Time taken for 'createMetadata' 0.07304199999998673ms
[NX v22.6.2 Daemon Server] - 2026-04-03T03:50:04.814Z - Time taken for 'serialize graph' 4.889082999998209ms
[NX v22.6.2 Daemon Server] - 2026-04-03T03:50:04.814Z - Time taken for 'write cache' 102.99504199999865ms
[NX v22.6.2 Daemon Server] - 2026-04-03T03:50:04.826Z - Done responding to the client project-graph
[NX v22.6.2 Daemon Server] - 2026-04-03T03:50:04.826Z - Handled json message REQUEST_PROJECT_GRAPH. Handling time: 19013. Response time: 14.
[NX v22.6.2 Daemon Client] - 2026-04-03T03:50:04.827Z - [Messenger] Received message, length: 1251133
[NX v22.6.2 Daemon Client] - 2026-04-03T03:50:04.839Z - [Messenger] Sending message type: PRE_TASKS_EXECUTION
[NX v22.6.2 Daemon Client] - 2026-04-03T03:50:04.840Z - [Messenger] Message sent
[NX v22.6.2 Daemon Server] - 2026-04-03T03:50:04.840Z - Received raw message of length 742
[NX v22.6.2 Daemon Server] - 2026-04-03T03:50:04.840Z - Received json message of type PRE_TASKS_EXECUTION
[NX v22.6.2 Daemon Server] - 2026-04-03T03:50:04.842Z - Serializing response for PRE_TASKS_EXECUTION message in json mode
[NX v22.6.2 Daemon Server] - 2026-04-03T03:50:04.842Z - Responding to PRE_TASKS_EXECUTION message
[NX v22.6.2 Daemon Server] - 2026-04-03T03:50:04.842Z - [REQUEST]: Responding to the client. handleRunPreTasksExecution
[NX v22.6.2 Daemon Server] - 2026-04-03T03:50:04.842Z - Done responding to the client handleRunPreTasksExecution
[NX v22.6.2 Daemon Server] - 2026-04-03T03:50:04.842Z - Handled json message PRE_TASKS_EXECUTION. Handling time: 2. Response time: 0.
[NX v22.6.2 Daemon Server] - 2026-04-03T03:50:04.842Z - Time taken for 'preTasksExecution' 1.258125000000291ms
[NX v22.6.2 Daemon Client] - 2026-04-03T03:50:04.842Z - [Messenger] Received message, length: 2
[NX v22.6.2 Daemon Client] - 2026-04-03T03:50:04.971Z - [Messenger] Sending message type: HASH_TASKS
[NX v22.6.2 Daemon Client] - 2026-04-03T03:50:04.972Z - [Messenger] Message sent
[NX v22.6.2 Daemon Server] - 2026-04-03T03:50:04.973Z - Received raw message of length 21648
[NX v22.6.2 Daemon Server] - 2026-04-03T03:50:04.974Z - Received json message of type HASH_TASKS
[NX v22.6.2 Daemon Server] - 2026-04-03T03:50:04.974Z - Reusing in-memory cached project graph because no files changed.
DEBUG nx::native::tasks::hash_planner: get_plans_internal COMPLETED in 9.218541ms - processed 13 tasks (setup: 5.0485ms, parallel_planning: 4.166791ms)
DEBUG nx::native::tasks::hashers::hash_workspace_files: Hashing workspace fileset with inputs: Adding "11270979969866030128" (".gitignore") to hash
DEBUG nx::native::tasks::hashers::hash_workspace_files: Hashing workspace fileset with inputs: Adding "11270979969866030128" (".gitignore") to hash
DEBUG nx::native::tasks::hashers::hash_workspace_files: Hashing workspace fileset with inputs: Adding "11270979969866030128" (".gitignore") to hash
DEBUG nx::native::tasks::hashers::hash_workspace_files: Hashing workspace fileset with inputs: Adding "11270979969866030128" (".gitignore") to hash
DEBUG nx::native::tasks::hashers::hash_workspace_files: Hashing workspace fileset with inputs: Adding "11270979969866030128" (".gitignore") to hash
DEBUG nx::native::tasks::hashers::hash_workspace_files: Hashing workspace fileset with inputs: Adding "11270979969866030128" (".gitignore") to hash
DEBUG nx::native::tasks::hashers::hash_workspace_files: Hashing workspace fileset with inputs: Adding "11270979969866030128" (".gitignore") to hash
DEBUG nx::native::tasks::hashers::hash_workspace_files: Hashing workspace fileset with inputs: Adding "3553820021084211887" ("nx.json") to hash
DEBUG nx::native::tasks::hashers::hash_workspace_files: Hashing workspace fileset with inputs: Hash Value: "10665259820010788507"
DEBUG nx::native::tasks::hashers::hash_workspace_files: Hashing workspace fileset with inputs: Adding "3553820021084211887" ("nx.json") to hash
DEBUG nx::native::tasks::hashers::hash_workspace_files: Hashing workspace fileset with inputs: Hash Value: "10665259820010788507"
DEBUG nx::native::tasks::hashers::hash_workspace_files: Hashing workspace fileset with inputs: Adding "3553820021084211887" ("nx.json") to hash
DEBUG nx::native::tasks::hashers::hash_workspace_files: Hashing workspace fileset with inputs: Hash Value: "10665259820010788507"
DEBUG nx::native::tasks::hashers::hash_workspace_files: Hashing workspace fileset with inputs: Adding "3553820021084211887" ("nx.json") to hash
DEBUG nx::native::tasks::hashers::hash_workspace_files: Hashing workspace fileset with inputs: Hash Value: "10665259820010788507"
DEBUG nx::native::ide::install: Nx Console extension is not installed
DEBUG nx::native::tasks::hashers::hash_workspace_files: Hashing workspace fileset with inputs: Adding "3553820021084211887" ("nx.json") to hash
DEBUG nx::native::tasks::hashers::hash_workspace_files: Hashing workspace fileset with inputs: Hash Value: "10665259820010788507"
DEBUG nx::native::tasks::hashers::hash_workspace_files: Hashing workspace fileset with inputs: Adding "3553820021084211887" ("nx.json") to hash
DEBUG nx::native::tasks::hashers::hash_workspace_files: Hashing workspace fileset with inputs: Hash Value: "10665259820010788507"
DEBUG nx::native::tasks::hashers::hash_workspace_files: Hashing workspace fileset with inputs: Adding "3553820021084211887" ("nx.json") to hash
DEBUG nx::native::tasks::hashers::hash_workspace_files: Hashing workspace fileset with inputs: Hash Value: "10665259820010788507"
DEBUG nx::native::tasks::task_hasher: hash_plans COMPLETED in 78.758959ms - processed 13 plans (setup: 1.398125ms, hashing: 77.358833ms, assembly: 8.970375ms)
[NX v22.6.2 Daemon Server] - 2026-04-03T03:50:05.076Z - Serializing response for HASH_TASKS message in json mode
[NX v22.6.2 Daemon Server] - 2026-04-03T03:50:05.078Z - Responding to HASH_TASKS message
[NX v22.6.2 Daemon Server] - 2026-04-03T03:50:05.078Z - [REQUEST]: Responding to the client. handleHashTasks
[NX v22.6.2 Daemon Server] - 2026-04-03T03:50:05.084Z - Done responding to the client handleHashTasks
[NX v22.6.2 Daemon Server] - 2026-04-03T03:50:05.084Z - Handled json message HASH_TASKS. Handling time: 102. Response time: 8.
[NX v22.6.2 Daemon Client] - 2026-04-03T03:50:05.084Z - [Messenger] Received message, length: 466562
DEBUG nx::native::ide::install: Editor command 'cursor' not found
DEBUG nx::native::ide::install: Checking if Nx Console extension is installed with: cursor --list-extensions
DEBUG nx::native::ide::install: Command 'cursor' not found, cannot check extension status
[NX v22.6.2 Daemon Server] - 2026-04-03T03:50:05.103Z - [AI-AGENTS]: Agent configuration status computation completed: 0 fully configured, 0 outdated, 0 partially configured, 5 non-configured
[NX v22.6.2 Daemon Client] - 2026-04-03T03:50:05.170Z - [Messenger] Sending message type: GET_ESTIMATED_TASK_TIMINGS
[NX v22.6.2 Daemon Server] - 2026-04-03T03:50:05.170Z - Received raw message of length 705
[NX v22.6.2 Daemon Client] - 2026-04-03T03:50:05.170Z - [Messenger] Message sent
[NX v22.6.2 Daemon Server] - 2026-04-03T03:50:05.170Z - Received json message of type GET_ESTIMATED_TASK_TIMINGS
[NX v22.6.2 Daemon Server] - 2026-04-03T03:50:05.219Z - Serializing response for GET_ESTIMATED_TASK_TIMINGS message in json mode
[NX v22.6.2 Daemon Server] - 2026-04-03T03:50:05.219Z - Responding to GET_ESTIMATED_TASK_TIMINGS message
[NX v22.6.2 Daemon Server] - 2026-04-03T03:50:05.219Z - [REQUEST]: Responding to the client. handleGetEstimatedTaskTimings
[NX v22.6.2 Daemon Server] - 2026-04-03T03:50:05.219Z - Done responding to the client handleGetEstimatedTaskTimings
[NX v22.6.2 Daemon Server] - 2026-04-03T03:50:05.219Z - Handled json message GET_ESTIMATED_TASK_TIMINGS. Handling time: 48. Response time: 0.
[NX v22.6.2 Daemon Client] - 2026-04-03T03:50:05.220Z - [Messenger] Received message, length: 434
[NX v22.6.2 Daemon Client] - 2026-04-03T03:50:05.226Z - [Messenger] Sending message type: OUTPUTS_HASHES_MATCH
[NX v22.6.2 Daemon Client] - 2026-04-03T03:50:05.226Z - [Messenger] Message sent
[NX v22.6.2 Daemon Server] - 2026-04-03T03:50:05.226Z - Received raw message of length 237
[NX v22.6.2 Daemon Server] - 2026-04-03T03:50:05.227Z - Received json message of type OUTPUTS_HASHES_MATCH
[NX v22.6.2 Daemon Server] - 2026-04-03T03:50:05.231Z - Serializing response for OUTPUTS_HASHES_MATCH message in json mode
[NX v22.6.2 Daemon Server] - 2026-04-03T03:50:05.231Z - Responding to OUTPUTS_HASHES_MATCH message
[NX v22.6.2 Daemon Server] - 2026-04-03T03:50:05.231Z - [REQUEST]: Responding to the client. outputsHashesMatch
[NX v22.6.2 Daemon Server] - 2026-04-03T03:50:05.231Z - Done responding to the client outputsHashesMatch
[NX v22.6.2 Daemon Server] - 2026-04-03T03:50:05.231Z - Handled json message OUTPUTS_HASHES_MATCH. Handling time: 4. Response time: 0.
[NX v22.6.2 Daemon Client] - 2026-04-03T03:50:05.231Z - [Messenger] Received message, length: 5
[NX v22.6.2 Daemon Client] - 2026-04-03T03:50:05.243Z - [Messenger] Sending message type: OUTPUTS_HASHES_MATCH
[NX v22.6.2 Daemon Client] - 2026-04-03T03:50:05.243Z - [Messenger] Message sent
[NX v22.6.2 Daemon Server] - 2026-04-03T03:50:05.244Z - Received raw message of length 244
[NX v22.6.2 Daemon Server] - 2026-04-03T03:50:05.244Z - Received json message of type OUTPUTS_HASHES_MATCH
[NX v22.6.2 Daemon Server] - 2026-04-03T03:50:05.247Z - Serializing response for OUTPUTS_HASHES_MATCH message in json mode
[NX v22.6.2 Daemon Server] - 2026-04-03T03:50:05.248Z - Responding to OUTPUTS_HASHES_MATCH message
[NX v22.6.2 Daemon Server] - 2026-04-03T03:50:05.248Z - [REQUEST]: Responding to the client. outputsHashesMatch
[NX v22.6.2 Daemon Server] - 2026-04-03T03:50:05.248Z - Done responding to the client outputsHashesMatch
[NX v22.6.2 Daemon Server] - 2026-04-03T03:50:05.248Z - Handled json message OUTPUTS_HASHES_MATCH. Handling time: 3. Response time: 1.
[NX v22.6.2 Daemon Server] - 2026-04-03T03:50:05.289Z - [WATCHER]: Processing file changes in outputs
[NX v22.6.2 Daemon Client] - 2026-04-03T03:50:05.423Z - [Messenger] Received message, length: 5
[NX v22.6.2 Daemon Client] - 2026-04-03T03:50:05.428Z - [Messenger] Sending message type: RECORD_OUTPUTS_HASH
[NX v22.6.2 Daemon Client] - 2026-04-03T03:50:05.428Z - [Messenger] Message sent
[NX v22.6.2 Daemon Server] - 2026-04-03T03:50:05.428Z - Received raw message of length 236
[NX v22.6.2 Daemon Server] - 2026-04-03T03:50:05.429Z - Received json message of type RECORD_OUTPUTS_HASH
[NX v22.6.2 Daemon Server] - 2026-04-03T03:50:05.434Z - Serializing response for RECORD_OUTPUTS_HASH message in json mode
[NX v22.6.2 Daemon Server] - 2026-04-03T03:50:05.434Z - Responding to RECORD_OUTPUTS_HASH message
[NX v22.6.2 Daemon Server] - 2026-04-03T03:50:05.434Z - [REQUEST]: Responding to the client. recordOutputsHash
[NX v22.6.2 Daemon Server] - 2026-04-03T03:50:05.434Z - Done responding to the client recordOutputsHash
[NX v22.6.2 Daemon Server] - 2026-04-03T03:50:05.434Z - Handled json message RECORD_OUTPUTS_HASH. Handling time: 5. Response time: 0.
[NX v22.6.2 Daemon Client] - 2026-04-03T03:50:05.434Z - [Messenger] Received message, length: 2
[NX v22.6.2 Daemon Client] - 2026-04-03T03:50:05.435Z - [Messenger] Sending message type: RECORD_OUTPUTS_HASH
[NX v22.6.2 Daemon Client] - 2026-04-03T03:50:05.435Z - [Messenger] Message sent
[NX v22.6.2 Daemon Server] - 2026-04-03T03:50:05.436Z - Received raw message of length 243
[NX v22.6.2 Daemon Server] - 2026-04-03T03:50:05.436Z - Received json message of type RECORD_OUTPUTS_HASH
[NX v22.6.2 Daemon Server] - 2026-04-03T03:50:05.438Z - Serializing response for RECORD_OUTPUTS_HASH message in json mode
[NX v22.6.2 Daemon Server] - 2026-04-03T03:50:05.438Z - Responding to RECORD_OUTPUTS_HASH message
[NX v22.6.2 Daemon Server] - 2026-04-03T03:50:05.438Z - [REQUEST]: Responding to the client. recordOutputsHash
[NX v22.6.2 Daemon Server] - 2026-04-03T03:50:05.438Z - Done responding to the client recordOutputsHash
[NX v22.6.2 Daemon Server] - 2026-04-03T03:50:05.438Z - Handled json message RECORD_OUTPUTS_HASH. Handling time: 2. Response time: 0.
[NX v22.6.2 Daemon Client] - 2026-04-03T03:50:05.438Z - [Messenger] Received message, length: 2
[NX v22.6.2 Daemon Client] - 2026-04-03T03:50:05.444Z - [Messenger] Sending message type: OUTPUTS_HASHES_MATCH
[NX v22.6.2 Daemon Server] - 2026-04-03T03:50:05.444Z - Received raw message of length 245
[NX v22.6.2 Daemon Client] - 2026-04-03T03:50:05.444Z - [Messenger] Message sent
[NX v22.6.2 Daemon Server] - 2026-04-03T03:50:05.445Z - Received json message of type OUTPUTS_HASHES_MATCH
[NX v22.6.2 Daemon Server] - 2026-04-03T03:50:05.448Z - Serializing response for OUTPUTS_HASHES_MATCH message in json mode
[NX v22.6.2 Daemon Server] - 2026-04-03T03:50:05.448Z - Responding to OUTPUTS_HASHES_MATCH message
[NX v22.6.2 Daemon Server] - 2026-04-03T03:50:05.448Z - [REQUEST]: Responding to the client. outputsHashesMatch
[NX v22.6.2 Daemon Server] - 2026-04-03T03:50:05.448Z - Done responding to the client outputsHashesMatch
[NX v22.6.2 Daemon Server] - 2026-04-03T03:50:05.448Z - Handled json message OUTPUTS_HASHES_MATCH. Handling time: 3. Response time: 0.
[NX v22.6.2 Daemon Client] - 2026-04-03T03:50:05.448Z - [Messenger] Received message, length: 5
[NX v22.6.2 Daemon Client] - 2026-04-03T03:50:05.458Z - [Messenger] Sending message type: OUTPUTS_HASHES_MATCH
[NX v22.6.2 Daemon Client] - 2026-04-03T03:50:05.458Z - [Messenger] Message sent
[NX v22.6.2 Daemon Server] - 2026-04-03T03:50:05.458Z - Received raw message of length 208
[NX v22.6.2 Daemon Server] - 2026-04-03T03:50:05.458Z - Received json message of type OUTPUTS_HASHES_MATCH
[NX v22.6.2 Daemon Server] - 2026-04-03T03:50:05.463Z - Serializing response for OUTPUTS_HASHES_MATCH message in json mode
[NX v22.6.2 Daemon Server] - 2026-04-03T03:50:05.463Z - Responding to OUTPUTS_HASHES_MATCH message
[NX v22.6.2 Daemon Server] - 2026-04-03T03:50:05.463Z - [REQUEST]: Responding to the client. outputsHashesMatch
[NX v22.6.2 Daemon Server] - 2026-04-03T03:50:05.463Z - Done responding to the client outputsHashesMatch
[NX v22.6.2 Daemon Server] - 2026-04-03T03:50:05.463Z - Handled json message OUTPUTS_HASHES_MATCH. Handling time: 5. Response time: 0.
[NX v22.6.2 Daemon Client] - 2026-04-03T03:50:05.464Z - [Messenger] Received message, length: 5
[NX v22.6.2 Daemon Client] - 2026-04-03T03:50:05.486Z - [Messenger] Sending message type: RECORD_OUTPUTS_HASH
[NX v22.6.2 Daemon Client] - 2026-04-03T03:50:05.487Z - [Messenger] Message sent
[NX v22.6.2 Daemon Server] - 2026-04-03T03:50:05.500Z - Received raw message of length 244
[NX v22.6.2 Daemon Server] - 2026-04-03T03:50:05.501Z - Received json message of type RECORD_OUTPUTS_HASH
[NX v22.6.2 Daemon Server] - 2026-04-03T03:50:05.505Z - Serializing response for RECORD_OUTPUTS_HASH message in json mode
[NX v22.6.2 Daemon Server] - 2026-04-03T03:50:05.505Z - Responding to RECORD_OUTPUTS_HASH message
[NX v22.6.2 Daemon Server] - 2026-04-03T03:50:05.505Z - [REQUEST]: Responding to the client. recordOutputsHash
[NX v22.6.2 Daemon Server] - 2026-04-03T03:50:05.505Z - Done responding to the client recordOutputsHash
[NX v22.6.2 Daemon Server] - 2026-04-03T03:50:05.505Z - Handled json message RECORD_OUTPUTS_HASH. Handling time: 4. Response time: 0.
[NX v22.6.2 Daemon Client] - 2026-04-03T03:50:05.505Z - [Messenger] Received message, length: 2
[NX v22.6.2 Daemon Client] - 2026-04-03T03:50:05.505Z - [Messenger] Sending message type: RECORD_OUTPUTS_HASH
[NX v22.6.2 Daemon Client] - 2026-04-03T03:50:05.506Z - [Messenger] Message sent
[NX v22.6.2 Daemon Server] - 2026-04-03T03:50:05.507Z - Received raw message of length 207
[NX v22.6.2 Daemon Server] - 2026-04-03T03:50:05.507Z - Received json message of type RECORD_OUTPUTS_HASH
[NX v22.6.2 Daemon Server] - 2026-04-03T03:50:05.512Z - Serializing response for RECORD_OUTPUTS_HASH message in json mode
[NX v22.6.2 Daemon Server] - 2026-04-03T03:50:05.513Z - Responding to RECORD_OUTPUTS_HASH message
[NX v22.6.2 Daemon Server] - 2026-04-03T03:50:05.513Z - [REQUEST]: Responding to the client. recordOutputsHash
[NX v22.6.2 Daemon Server] - 2026-04-03T03:50:05.513Z - Done responding to the client recordOutputsHash
[NX v22.6.2 Daemon Server] - 2026-04-03T03:50:05.513Z - Handled json message RECORD_OUTPUTS_HASH. Handling time: 5. Response time: 1.
[NX v22.6.2 Daemon Client] - 2026-04-03T03:50:05.513Z - [Messenger] Received message, length: 2
[NX v22.6.2 Daemon Client] - 2026-04-03T03:50:05.514Z - [Messenger] Sending message type: OUTPUTS_HASHES_MATCH
[NX v22.6.2 Daemon Client] - 2026-04-03T03:50:05.514Z - [Messenger] Message sent
[NX v22.6.2 Daemon Server] - 2026-04-03T03:50:05.515Z - Received raw message of length 201
[NX v22.6.2 Daemon Server] - 2026-04-03T03:50:05.515Z - Received json message of type OUTPUTS_HASHES_MATCH
[NX v22.6.2 Daemon Server] - 2026-04-03T03:50:05.523Z - Serializing response for OUTPUTS_HASHES_MATCH message in json mode
[NX v22.6.2 Daemon Server] - 2026-04-03T03:50:05.523Z - Responding to OUTPUTS_HASHES_MATCH message
[NX v22.6.2 Daemon Server] - 2026-04-03T03:50:05.523Z - [REQUEST]: Responding to the client. outputsHashesMatch
[NX v22.6.2 Daemon Server] - 2026-04-03T03:50:05.523Z - Done responding to the client outputsHashesMatch
[NX v22.6.2 Daemon Server] - 2026-04-03T03:50:05.523Z - Handled json message OUTPUTS_HASHES_MATCH. Handling time: 8. Response time: 0.
[NX v22.6.2 Daemon Server] - 2026-04-03T03:50:05.523Z - [WATCHER]: Processing file changes in outputs
[NX v22.6.2 Daemon Client] - 2026-04-03T03:50:05.523Z - [Messenger] Received message, length: 5
[NX v22.6.2 Daemon Server] - 2026-04-03T03:50:05.576Z - [WATCHER]: Processing file changes in outputs
[NX v22.6.2 Daemon Client] - 2026-04-03T03:50:05.580Z - [Messenger] Sending message type: RECORD_OUTPUTS_HASH
[NX v22.6.2 Daemon Client] - 2026-04-03T03:50:05.580Z - [Messenger] Message sent
[NX v22.6.2 Daemon Server] - 2026-04-03T03:50:05.581Z - Received raw message of length 200
[NX v22.6.2 Daemon Server] - 2026-04-03T03:50:05.581Z - Received json message of type RECORD_OUTPUTS_HASH
[NX v22.6.2 Daemon Server] - 2026-04-03T03:50:05.584Z - Serializing response for RECORD_OUTPUTS_HASH message in json mode
[NX v22.6.2 Daemon Server] - 2026-04-03T03:50:05.584Z - Responding to RECORD_OUTPUTS_HASH message
[NX v22.6.2 Daemon Server] - 2026-04-03T03:50:05.584Z - [REQUEST]: Responding to the client. recordOutputsHash
[NX v22.6.2 Daemon Server] - 2026-04-03T03:50:05.584Z - Done responding to the client recordOutputsHash
[NX v22.6.2 Daemon Server] - 2026-04-03T03:50:05.584Z - Handled json message RECORD_OUTPUTS_HASH. Handling time: 3. Response time: 0.
[NX v22.6.2 Daemon Client] - 2026-04-03T03:50:05.584Z - [Messenger] Received message, length: 2
[NX v22.6.2 Daemon Client] - 2026-04-03T03:50:05.587Z - [Messenger] Sending message type: OUTPUTS_HASHES_MATCH
[NX v22.6.2 Daemon Client] - 2026-04-03T03:50:05.587Z - [Messenger] Message sent
[NX v22.6.2 Daemon Server] - 2026-04-03T03:50:05.587Z - Received raw message of length 225
[NX v22.6.2 Daemon Server] - 2026-04-03T03:50:05.587Z - Received json message of type OUTPUTS_HASHES_MATCH
[NX v22.6.2 Daemon Server] - 2026-04-03T03:50:05.592Z - Serializing response for OUTPUTS_HASHES_MATCH message in json mode
[NX v22.6.2 Daemon Server] - 2026-04-03T03:50:05.593Z - Responding to OUTPUTS_HASHES_MATCH message
[NX v22.6.2 Daemon Server] - 2026-04-03T03:50:05.593Z - [REQUEST]: Responding to the client. outputsHashesMatch
[NX v22.6.2 Daemon Server] - 2026-04-03T03:50:05.593Z - Done responding to the client outputsHashesMatch
[NX v22.6.2 Daemon Server] - 2026-04-03T03:50:05.593Z - Handled json message OUTPUTS_HASHES_MATCH. Handling time: 5. Response time: 1.
[NX v22.6.2 Daemon Client] - 2026-04-03T03:50:05.593Z - [Messenger] Received message, length: 5
[NX v22.6.2 Daemon Client] - 2026-04-03T03:50:05.607Z - [Messenger] Sending message type: RECORD_OUTPUTS_HASH
[NX v22.6.2 Daemon Client] - 2026-04-03T03:50:05.607Z - [Messenger] Message sent
[NX v22.6.2 Daemon Server] - 2026-04-03T03:50:05.608Z - Received raw message of length 224
[NX v22.6.2 Daemon Server] - 2026-04-03T03:50:05.608Z - Received json message of type RECORD_OUTPUTS_HASH
[NX v22.6.2 Daemon Server] - 2026-04-03T03:50:05.611Z - Serializing response for RECORD_OUTPUTS_HASH message in json mode
[NX v22.6.2 Daemon Server] - 2026-04-03T03:50:05.611Z - Responding to RECORD_OUTPUTS_HASH message
[NX v22.6.2 Daemon Server] - 2026-04-03T03:50:05.611Z - [REQUEST]: Responding to the client. recordOutputsHash
[NX v22.6.2 Daemon Server] - 2026-04-03T03:50:05.611Z - Done responding to the client recordOutputsHash
[NX v22.6.2 Daemon Server] - 2026-04-03T03:50:05.611Z - Handled json message RECORD_OUTPUTS_HASH. Handling time: 3. Response time: 0.
[NX v22.6.2 Daemon Client] - 2026-04-03T03:50:05.612Z - [Messenger] Received message, length: 2
[NX v22.6.2 Daemon Client] - 2026-04-03T03:50:05.620Z - [Messenger] Sending message type: OUTPUTS_HASHES_MATCH
[NX v22.6.2 Daemon Client] - 2026-04-03T03:50:05.620Z - [Messenger] Message sent
[NX v22.6.2 Daemon Server] - 2026-04-03T03:50:05.621Z - Received raw message of length 205
[NX v22.6.2 Daemon Server] - 2026-04-03T03:50:05.621Z - Received json message of type OUTPUTS_HASHES_MATCH
[NX v22.6.2 Daemon Server] - 2026-04-03T03:50:05.624Z - Serializing response for OUTPUTS_HASHES_MATCH message in json mode
[NX v22.6.2 Daemon Server] - 2026-04-03T03:50:05.624Z - Responding to OUTPUTS_HASHES_MATCH message
[NX v22.6.2 Daemon Server] - 2026-04-03T03:50:05.624Z - [REQUEST]: Responding to the client. outputsHashesMatch
[NX v22.6.2 Daemon Server] - 2026-04-03T03:50:05.624Z - Done responding to the client outputsHashesMatch
[NX v22.6.2 Daemon Server] - 2026-04-03T03:50:05.625Z - Handled json message OUTPUTS_HASHES_MATCH. Handling time: 3. Response time: 1.
[NX v22.6.2 Daemon Client] - 2026-04-03T03:50:05.625Z - [Messenger] Received message, length: 5
[NX v22.6.2 Daemon Client] - 2026-04-03T03:50:05.634Z - [Messenger] Sending message type: OUTPUTS_HASHES_MATCH
[NX v22.6.2 Daemon Client] - 2026-04-03T03:50:05.634Z - [Messenger] Message sent
[NX v22.6.2 Daemon Server] - 2026-04-03T03:50:05.635Z - Received raw message of length 209
[NX v22.6.2 Daemon Server] - 2026-04-03T03:50:05.635Z - Received json message of type OUTPUTS_HASHES_MATCH
[NX v22.6.2 Daemon Server] - 2026-04-03T03:50:05.640Z - Serializing response for OUTPUTS_HASHES_MATCH message in json mode
[NX v22.6.2 Daemon Server] - 2026-04-03T03:50:05.641Z - Responding to OUTPUTS_HASHES_MATCH message
[NX v22.6.2 Daemon Server] - 2026-04-03T03:50:05.641Z - [REQUEST]: Responding to the client. outputsHashesMatch
[NX v22.6.2 Daemon Server] - 2026-04-03T03:50:05.641Z - Done responding to the client outputsHashesMatch
[NX v22.6.2 Daemon Server] - 2026-04-03T03:50:05.641Z - Handled json message OUTPUTS_HASHES_MATCH. Handling time: 5. Response time: 1.
[NX v22.6.2 Daemon Server] - 2026-04-03T03:50:05.652Z - [WATCHER]: Processing file changes in outputs
[NX v22.6.2 Daemon Client] - 2026-04-03T03:50:05.666Z - [Messenger] Received message, length: 5
[NX v22.6.2 Daemon Client] - 2026-04-03T03:50:05.704Z - [Messenger] Sending message type: RECORD_OUTPUTS_HASH
[NX v22.6.2 Daemon Client] - 2026-04-03T03:50:05.705Z - [Messenger] Message sent
[NX v22.6.2 Daemon Server] - 2026-04-03T03:50:05.705Z - Received raw message of length 204
[NX v22.6.2 Daemon Server] - 2026-04-03T03:50:05.706Z - Received json message of type RECORD_OUTPUTS_HASH
[NX v22.6.2 Daemon Server] - 2026-04-03T03:50:05.708Z - Serializing response for RECORD_OUTPUTS_HASH message in json mode
[NX v22.6.2 Daemon Server] - 2026-04-03T03:50:05.708Z - Responding to RECORD_OUTPUTS_HASH message
[NX v22.6.2 Daemon Server] - 2026-04-03T03:50:05.708Z - [REQUEST]: Responding to the client. recordOutputsHash
[NX v22.6.2 Daemon Server] - 2026-04-03T03:50:05.708Z - Done responding to the client recordOutputsHash
[NX v22.6.2 Daemon Server] - 2026-04-03T03:50:05.708Z - Handled json message RECORD_OUTPUTS_HASH. Handling time: 2. Response time: 0.
[NX v22.6.2 Daemon Client] - 2026-04-03T03:50:05.708Z - [Messenger] Received message, length: 2
[NX v22.6.2 Daemon Client] - 2026-04-03T03:50:05.709Z - [Messenger] Sending message type: RECORD_OUTPUTS_HASH
[NX v22.6.2 Daemon Client] - 2026-04-03T03:50:05.709Z - [Messenger] Message sent
[NX v22.6.2 Daemon Server] - 2026-04-03T03:50:05.709Z - Received raw message of length 208
[NX v22.6.2 Daemon Server] - 2026-04-03T03:50:05.709Z - Received json message of type RECORD_OUTPUTS_HASH
[NX v22.6.2 Daemon Server] - 2026-04-03T03:50:05.714Z - Serializing response for RECORD_OUTPUTS_HASH message in json mode
[NX v22.6.2 Daemon Server] - 2026-04-03T03:50:05.714Z - Responding to RECORD_OUTPUTS_HASH message
[NX v22.6.2 Daemon Server] - 2026-04-03T03:50:05.714Z - [REQUEST]: Responding to the client. recordOutputsHash
[NX v22.6.2 Daemon Server] - 2026-04-03T03:50:05.714Z - Done responding to the client recordOutputsHash
[NX v22.6.2 Daemon Server] - 2026-04-03T03:50:05.714Z - Handled json message RECORD_OUTPUTS_HASH. Handling time: 5. Response time: 0.
[NX v22.6.2 Daemon Client] - 2026-04-03T03:50:05.714Z - [Messenger] Received message, length: 2
[NX v22.6.2 Daemon Client] - 2026-04-03T03:50:05.715Z - [Messenger] Sending message type: OUTPUTS_HASHES_MATCH
[NX v22.6.2 Daemon Client] - 2026-04-03T03:50:05.715Z - [Messenger] Message sent
[NX v22.6.2 Daemon Server] - 2026-04-03T03:50:05.715Z - Received raw message of length 205
[NX v22.6.2 Daemon Server] - 2026-04-03T03:50:05.715Z - Received json message of type OUTPUTS_HASHES_MATCH
[NX v22.6.2 Daemon Server] - 2026-04-03T03:50:05.717Z - Serializing response for OUTPUTS_HASHES_MATCH message in json mode
[NX v22.6.2 Daemon Server] - 2026-04-03T03:50:05.717Z - Responding to OUTPUTS_HASHES_MATCH message
[NX v22.6.2 Daemon Server] - 2026-04-03T03:50:05.717Z - [REQUEST]: Responding to the client. outputsHashesMatch
[NX v22.6.2 Daemon Server] - 2026-04-03T03:50:05.717Z - Done responding to the client outputsHashesMatch
[NX v22.6.2 Daemon Server] - 2026-04-03T03:50:05.717Z - Handled json message OUTPUTS_HASHES_MATCH. Handling time: 2. Response time: 0.
[NX v22.6.2 Daemon Client] - 2026-04-03T03:50:05.717Z - [Messenger] Received message, length: 5
[NX v22.6.2 Daemon Server] - 2026-04-03T03:50:05.722Z - [WATCHER]: Processing file changes in outputs
[NX v22.6.2 Daemon Client] - 2026-04-03T03:50:05.728Z - [Messenger] Sending message type: RECORD_OUTPUTS_HASH
[NX v22.6.2 Daemon Client] - 2026-04-03T03:50:05.728Z - [Messenger] Message sent
[NX v22.6.2 Daemon Server] - 2026-04-03T03:50:05.729Z - Received raw message of length 204
[NX v22.6.2 Daemon Server] - 2026-04-03T03:50:05.729Z - Received json message of type RECORD_OUTPUTS_HASH
[NX v22.6.2 Daemon Server] - 2026-04-03T03:50:05.731Z - Serializing response for RECORD_OUTPUTS_HASH message in json mode
[NX v22.6.2 Daemon Server] - 2026-04-03T03:50:05.731Z - Responding to RECORD_OUTPUTS_HASH message
[NX v22.6.2 Daemon Server] - 2026-04-03T03:50:05.731Z - [REQUEST]: Responding to the client. recordOutputsHash
[NX v22.6.2 Daemon Server] - 2026-04-03T03:50:05.731Z - Done responding to the client recordOutputsHash
[NX v22.6.2 Daemon Server] - 2026-04-03T03:50:05.731Z - Handled json message RECORD_OUTPUTS_HASH. Handling time: 2. Response time: 0.
[NX v22.6.2 Daemon Client] - 2026-04-03T03:50:05.731Z - [Messenger] Received message, length: 2
[NX v22.6.2 Daemon Server] - 2026-04-03T03:50:05.773Z - [WATCHER]: Processing file changes in outputs
[NX v22.6.2 Daemon Client] - 2026-04-03T03:50:05.814Z - [Messenger] Sending message type: OUTPUTS_HASHES_MATCH
[NX v22.6.2 Daemon Client] - 2026-04-03T03:50:05.814Z - [Messenger] Message sent
[NX v22.6.2 Daemon Server] - 2026-04-03T03:50:05.814Z - Received raw message of length 237
[NX v22.6.2 Daemon Server] - 2026-04-03T03:50:05.814Z - Received json message of type OUTPUTS_HASHES_MATCH
[NX v22.6.2 Daemon Server] - 2026-04-03T03:50:05.818Z - Serializing response for OUTPUTS_HASHES_MATCH message in json mode
[NX v22.6.2 Daemon Server] - 2026-04-03T03:50:05.818Z - Responding to OUTPUTS_HASHES_MATCH message
[NX v22.6.2 Daemon Server] - 2026-04-03T03:50:05.819Z - [REQUEST]: Responding to the client. outputsHashesMatch
[NX v22.6.2 Daemon Server] - 2026-04-03T03:50:05.819Z - Done responding to the client outputsHashesMatch
[NX v22.6.2 Daemon Server] - 2026-04-03T03:50:05.819Z - Handled json message OUTPUTS_HASHES_MATCH. Handling time: 4. Response time: 1.
[NX v22.6.2 Daemon Client] - 2026-04-03T03:50:05.819Z - [Messenger] Received message, length: 5
[NX v22.6.2 Daemon Client] - 2026-04-03T03:50:05.847Z - [Messenger] Sending message type: OUTPUTS_HASHES_MATCH
[NX v22.6.2 Daemon Server] - 2026-04-03T03:50:05.850Z - Received raw message of length 232
[NX v22.6.2 Daemon Server] - 2026-04-03T03:50:05.850Z - Received json message of type OUTPUTS_HASHES_MATCH
[NX v22.6.2 Daemon Client] - 2026-04-03T03:50:05.849Z - [Messenger] Message sent
[NX v22.6.2 Daemon Server] - 2026-04-03T03:50:05.854Z - Serializing response for OUTPUTS_HASHES_MATCH message in json mode
[NX v22.6.2 Daemon Server] - 2026-04-03T03:50:05.854Z - Responding to OUTPUTS_HASHES_MATCH message
[NX v22.6.2 Daemon Server] - 2026-04-03T03:50:05.854Z - [REQUEST]: Responding to the client. outputsHashesMatch
[NX v22.6.2 Daemon Server] - 2026-04-03T03:50:05.854Z - Done responding to the client outputsHashesMatch
[NX v22.6.2 Daemon Server] - 2026-04-03T03:50:05.854Z - Handled json message OUTPUTS_HASHES_MATCH. Handling time: 4. Response time: 0.
[NX v22.6.2 Daemon Client] - 2026-04-03T03:50:05.854Z - [Messenger] Received message, length: 5
[NX v22.6.2 Daemon Client] - 2026-04-03T03:50:05.862Z - [Messenger] Sending message type: RECORD_OUTPUTS_HASH
[NX v22.6.2 Daemon Client] - 2026-04-03T03:50:05.862Z - [Messenger] Message sent
[NX v22.6.2 Daemon Server] - 2026-04-03T03:50:05.862Z - Received raw message of length 236
[NX v22.6.2 Daemon Server] - 2026-04-03T03:50:05.862Z - Received json message of type RECORD_OUTPUTS_HASH
[NX v22.6.2 Daemon Server] - 2026-04-03T03:50:05.866Z - Serializing response for RECORD_OUTPUTS_HASH message in json mode
[NX v22.6.2 Daemon Server] - 2026-04-03T03:50:05.866Z - Responding to RECORD_OUTPUTS_HASH message
[NX v22.6.2 Daemon Server] - 2026-04-03T03:50:05.866Z - [REQUEST]: Responding to the client. recordOutputsHash
[NX v22.6.2 Daemon Server] - 2026-04-03T03:50:05.866Z - Done responding to the client recordOutputsHash
[NX v22.6.2 Daemon Server] - 2026-04-03T03:50:05.866Z - Handled json message RECORD_OUTPUTS_HASH. Handling time: 3. Response time: 0.
[NX v22.6.2 Daemon Client] - 2026-04-03T03:50:05.866Z - [Messenger] Received message, length: 2
[NX v22.6.2 Daemon Client] - 2026-04-03T03:50:05.867Z - [Messenger] Sending message type: RECORD_OUTPUTS_HASH
[NX v22.6.2 Daemon Client] - 2026-04-03T03:50:05.867Z - [Messenger] Message sent
[NX v22.6.2 Daemon Server] - 2026-04-03T03:50:05.868Z - Received raw message of length 231
[NX v22.6.2 Daemon Server] - 2026-04-03T03:50:05.868Z - Received json message of type RECORD_OUTPUTS_HASH
[NX v22.6.2 Daemon Server] - 2026-04-03T03:50:05.870Z - Serializing response for RECORD_OUTPUTS_HASH message in json mode
[NX v22.6.2 Daemon Server] - 2026-04-03T03:50:05.870Z - Responding to RECORD_OUTPUTS_HASH message
[NX v22.6.2 Daemon Server] - 2026-04-03T03:50:05.870Z - [REQUEST]: Responding to the client. recordOutputsHash
[NX v22.6.2 Daemon Server] - 2026-04-03T03:50:05.870Z - Done responding to the client recordOutputsHash
[NX v22.6.2 Daemon Server] - 2026-04-03T03:50:05.870Z - Handled json message RECORD_OUTPUTS_HASH. Handling time: 2. Response time: 0.
[NX v22.6.2 Daemon Client] - 2026-04-03T03:50:05.871Z - [Messenger] Received message, length: 2
[NX v22.6.2 Daemon Client] - 2026-04-03T03:50:05.878Z - [Messenger] Sending message type: OUTPUTS_HASHES_MATCH
[NX v22.6.2 Daemon Client] - 2026-04-03T03:50:05.879Z - [Messenger] Message sent
[NX v22.6.2 Daemon Server] - 2026-04-03T03:50:05.879Z - Received raw message of length 196
[NX v22.6.2 Daemon Server] - 2026-04-03T03:50:05.879Z - Received json message of type OUTPUTS_HASHES_MATCH
[NX v22.6.2 Daemon Server] - 2026-04-03T03:50:05.888Z - Serializing response for OUTPUTS_HASHES_MATCH message in json mode
[NX v22.6.2 Daemon Server] - 2026-04-03T03:50:05.888Z - Responding to OUTPUTS_HASHES_MATCH message
[NX v22.6.2 Daemon Server] - 2026-04-03T03:50:05.888Z - [REQUEST]: Responding to the client. outputsHashesMatch
[NX v22.6.2 Daemon Server] - 2026-04-03T03:50:05.888Z - Done responding to the client outputsHashesMatch
[NX v22.6.2 Daemon Server] - 2026-04-03T03:50:05.888Z - Handled json message OUTPUTS_HASHES_MATCH. Handling time: 9. Response time: 0.
[NX v22.6.2 Daemon Server] - 2026-04-03T03:50:05.888Z - [WATCHER]: Processing file changes in outputs
[NX v22.6.2 Daemon Client] - 2026-04-03T03:50:05.888Z - [Messenger] Received message, length: 5
[NX v22.6.2 Daemon Server] - 2026-04-03T03:50:05.964Z - [WATCHER]: 36 file(s) created or restored, 0 file(s) modified, 14 file(s) deleted
[NX v22.6.2 Daemon Server] - 2026-04-03T03:50:05.964Z - [SYNC]: clearing sync generators cache due to file changes
[NX v22.6.2 Daemon Server] - 2026-04-03T03:50:05.965Z - [WATCHER]: Processing file changes in outputs
[NX v22.6.2 Daemon Client] - 2026-04-03T03:50:05.968Z - [Messenger] Sending message type: OUTPUTS_HASHES_MATCH
[NX v22.6.2 Daemon Client] - 2026-04-03T03:50:05.968Z - [Messenger] Message sent
[NX v22.6.2 Daemon Server] - 2026-04-03T03:50:05.968Z - Received raw message of length 184
[NX v22.6.2 Daemon Server] - 2026-04-03T03:50:05.968Z - Received json message of type OUTPUTS_HASHES_MATCH
[NX v22.6.2 Daemon Server] - 2026-04-03T03:50:05.973Z - Serializing response for OUTPUTS_HASHES_MATCH message in json mode
[NX v22.6.2 Daemon Server] - 2026-04-03T03:50:05.973Z - Responding to OUTPUTS_HASHES_MATCH message
[NX v22.6.2 Daemon Server] - 2026-04-03T03:50:05.973Z - [REQUEST]: Responding to the client. outputsHashesMatch
[NX v22.6.2 Daemon Server] - 2026-04-03T03:50:05.973Z - Done responding to the client outputsHashesMatch
[NX v22.6.2 Daemon Server] - 2026-04-03T03:50:05.973Z - Handled json message OUTPUTS_HASHES_MATCH. Handling time: 5. Response time: 0.
[NX v22.6.2 Daemon Client] - 2026-04-03T03:50:05.973Z - [Messenger] Received message, length: 5
[NX v22.6.2 Daemon Client] - 2026-04-03T03:50:05.988Z - [Messenger] Sending message type: RECORD_OUTPUTS_HASH
[NX v22.6.2 Daemon Client] - 2026-04-03T03:50:05.989Z - [Messenger] Message sent
[NX v22.6.2 Daemon Server] - 2026-04-03T03:50:05.990Z - Received raw message of length 195
[NX v22.6.2 Daemon Server] - 2026-04-03T03:50:05.990Z - Received json message of type RECORD_OUTPUTS_HASH
[NX v22.6.2 Daemon Server] - 2026-04-03T03:50:05.996Z - Serializing response for RECORD_OUTPUTS_HASH message in json mode
[NX v22.6.2 Daemon Server] - 2026-04-03T03:50:05.996Z - Responding to RECORD_OUTPUTS_HASH message
[NX v22.6.2 Daemon Server] - 2026-04-03T03:50:05.996Z - [REQUEST]: Responding to the client. recordOutputsHash
[NX v22.6.2 Daemon Server] - 2026-04-03T03:50:05.996Z - Done responding to the client recordOutputsHash
[NX v22.6.2 Daemon Server] - 2026-04-03T03:50:05.996Z - Handled json message RECORD_OUTPUTS_HASH. Handling time: 6. Response time: 0.
[NX v22.6.2 Daemon Client] - 2026-04-03T03:50:05.996Z - [Messenger] Received message, length: 2
[NX v22.6.2 Daemon Client] - 2026-04-03T03:50:05.997Z - [Messenger] Sending message type: RECORD_OUTPUTS_HASH
[NX v22.6.2 Daemon Client] - 2026-04-03T03:50:05.997Z - [Messenger] Message sent
[NX v22.6.2 Daemon Server] - 2026-04-03T03:50:05.997Z - Received raw message of length 183
[NX v22.6.2 Daemon Server] - 2026-04-03T03:50:05.997Z - Received json message of type RECORD_OUTPUTS_HASH
[NX v22.6.2 Daemon Server] - 2026-04-03T03:50:06.002Z - Serializing response for RECORD_OUTPUTS_HASH message in json mode
[NX v22.6.2 Daemon Server] - 2026-04-03T03:50:06.002Z - Responding to RECORD_OUTPUTS_HASH message
[NX v22.6.2 Daemon Server] - 2026-04-03T03:50:06.002Z - [REQUEST]: Responding to the client. recordOutputsHash
[NX v22.6.2 Daemon Server] - 2026-04-03T03:50:06.002Z - Done responding to the client recordOutputsHash
[NX v22.6.2 Daemon Server] - 2026-04-03T03:50:06.002Z - Handled json message RECORD_OUTPUTS_HASH. Handling time: 5. Response time: 0.
[NX v22.6.2 Daemon Client] - 2026-04-03T03:50:06.002Z - [Messenger] Received message, length: 2
[NX v22.6.2 Daemon Client] - 2026-04-03T03:50:06.005Z - [Messenger] Sending message type: RECORD_TASK_RUNS
[NX v22.6.2 Daemon Client] - 2026-04-03T03:50:06.005Z - [Messenger] Message sent
[NX v22.6.2 Daemon Server] - 2026-04-03T03:50:06.005Z - Received raw message of length 2407
[NX v22.6.2 Daemon Server] - 2026-04-03T03:50:06.005Z - Received json message of type RECORD_TASK_RUNS
[NX v22.6.2 Daemon Server] - 2026-04-03T03:50:06.006Z - Serializing response for RECORD_TASK_RUNS message in json mode
[NX v22.6.2 Daemon Server] - 2026-04-03T03:50:06.006Z - Responding to RECORD_TASK_RUNS message
[NX v22.6.2 Daemon Server] - 2026-04-03T03:50:06.006Z - [REQUEST]: Responding to the client. handleRecordTaskRuns
[NX v22.6.2 Daemon Server] - 2026-04-03T03:50:06.006Z - Done responding to the client handleRecordTaskRuns
[NX v22.6.2 Daemon Server] - 2026-04-03T03:50:06.006Z - Handled json message RECORD_TASK_RUNS. Handling time: 1. Response time: 0.
[NX v22.6.2 Daemon Client] - 2026-04-03T03:50:06.007Z - [Messenger] Received message, length: 4
[NX v22.6.2 Daemon Client] - 2026-04-03T03:50:06.007Z - [Messenger] Sending message type: GET_FLAKY_TASKS
[NX v22.6.2 Daemon Client] - 2026-04-03T03:50:06.007Z - [Messenger] Message sent
[NX v22.6.2 Daemon Server] - 2026-04-03T03:50:06.007Z - Received raw message of length 331
[NX v22.6.2 Daemon Server] - 2026-04-03T03:50:06.007Z - Received json message of type GET_FLAKY_TASKS
[NX v22.6.2 Daemon Server] - 2026-04-03T03:50:06.008Z - Serializing response for GET_FLAKY_TASKS message in json mode
[NX v22.6.2 Daemon Server] - 2026-04-03T03:50:06.008Z - Responding to GET_FLAKY_TASKS message
[NX v22.6.2 Daemon Server] - 2026-04-03T03:50:06.008Z - [REQUEST]: Responding to the client. handleGetFlakyTasks
[NX v22.6.2 Daemon Server] - 2026-04-03T03:50:06.008Z - Done responding to the client handleGetFlakyTasks
[NX v22.6.2 Daemon Server] - 2026-04-03T03:50:06.008Z - Handled json message GET_FLAKY_TASKS. Handling time: 0. Response time: 0.
[NX v22.6.2 Daemon Client] - 2026-04-03T03:50:06.008Z - [Messenger] Received message, length: 2
[NX v22.6.2 Daemon Server] - 2026-04-03T03:50:06.016Z - [WATCHER]: 56 file(s) created or restored, 0 file(s) modified, 0 file(s) deleted
[NX v22.6.2 Daemon Server] - 2026-04-03T03:50:06.016Z - [SYNC]: clearing sync generators cache due to file changes
[NX v22.6.2 Daemon Server] - 2026-04-03T03:50:06.018Z - [WATCHER]: Processing file changes in outputs
[NX v22.6.2 Daemon Server] - 2026-04-03T03:50:06.152Z - [REQUEST]: Updated workspace context based on watched changes, recomputing project graph...
[NX v22.6.2 Daemon Server] - 2026-04-03T03:50:06.152Z - [REQUEST]: apps/thunder-console/public/assets/images/favicon.ico,apps/thunder-console/public/assets/images/icons/microsoft-black.svg,apps/thunder-console/public/assets/images/icons/robot.svg,apps/thunder-console/public/assets/images/icons/form.svg,apps/thunder-console/public/assets/images/icons/loop.svg,apps/thunder-console/public/assets/images/icons/recaptcha.png,apps/thunder-console/public/assets/images/icons/email.svg,apps/thunder-console/public/assets/images/icons/refresh-ccw.svg,apps/thunder-console/public/assets/images/icons/phone.svg,apps/thunder-console/public/assets/images/icons/text-size.svg,apps/thunder-console/public/assets/images/icons/link.svg,apps/thunder-console/public/assets/images/icons/landscape-placeholder.svg,apps/thunder-console/public/assets/images/icons/microsoft.svg,apps/thunder-console/public/assets/images/icons/facebook-black.svg,apps/thunder-console/public/assets/images/icons/image-square.svg,apps/thunder-console/public/assets/images/icons/divider.svg,apps/thunder-console/public/assets/images/icons/at.svg,apps/thunder-console/public/assets/images/icons/transaction-password-otp-verification-code-security.svg,apps/thunder-console/public/assets/images/icons/step.svg,apps/thunder-console/public/assets/images/icons/button.svg,apps/thunder-console/public/assets/images/logo-inverted.svg,apps/thunder-console/public/assets/images/icons/mobile-message.svg,apps/thunder-console/public/assets/images/icons/decide.svg,apps/thunder-console/public/assets/images/icons/play.svg,apps/thunder-console/public/assets/images/icons/boolean.svg,apps/thunder-console/public/assets/images/icons/email-down.svg,apps/thunder-console/public/assets/images/icons/scan.svg,apps/thunder-console/public/config.js,apps/thunder-console/public/assets/images/icons/facebook.svg,apps/thunder-console/public/assets/images/icons/github.svg,apps/thunder-console/public/assets/images/icons/number-input.svg,apps/thunder-console/public/assets/images/icons/user.svg,apps/thunder-console/public/assets/images/icons/message-text.svg,apps/thunder-console/public/assets/images/icons/arrowhead-right-outline.svg,apps/thunder-console/public/assets/images/icons/textbox.svg,apps/thunder-console/public/assets/images/icons/google.svg,apps/thunder-console/public/assets/images/icons/checkbox-check.svg,apps/thunder-console/public/assets/images/icons/date.svg,apps/thunder-console/public/assets/images/icons/password.svg,apps/thunder-console/public/assets/images/icons/fingerprint.svg,apps/thunder-console/public/assets/images/icons/check-mark-inside-a-black-box.svg,apps/thunder-console/public/assets/images/icons/stamp.svg,apps/thunder-console/public/assets/images/logo-mini-inverted.svg,apps/thunder-console/public/assets/images/logo.svg,apps/thunder-gate/public/config.js,apps/thunder-console/public/assets/images/icons/display-rich-text.svg,apps/thunder-console/public/assets/images/logo-mini.svg,apps/thunder-console/public/assets/images/icons/password-input.svg,apps/thunder-gate/public/assets/images/error-500-inverted.svg,apps/thunder-gate/public/assets/images/logo.svg,apps/thunder-gate/public/assets/images/logo-mini.svg,apps/thunder-gate/public/assets/images/favicon.ico,apps/thunder-console/public/assets/images/icons/magnifying-glass.svg,apps/thunder-gate/public/assets/images/logo-inverted.svg,apps/thunder-console/public/assets/images/icons/google-generic.svg,apps/thunder-console/public/assets/images/icons/apple.svg,apps/thunder-gate/public/assets/images/error-500.svg,apps/thunder-gate/public/assets/images/logo-mini-inverted.svg
[NX v22.6.2 Daemon Server] - 2026-04-03T03:50:06.152Z - [REQUEST]: 
[NX v22.6.2 Daemon Server] - 2026-04-03T03:50:06.222Z - Time taken for 'hash changed files from watcher' 85.5655829999996ms
[NX v22.6.2 Daemon Server] - 2026-04-03T03:50:06.460Z - Time taken for 'start-plugin-worker:nx/js/dependencies-and-lockfile' 241.92795900000056ms
[NX v22.6.2 Daemon Server] - 2026-04-03T03:50:06.460Z - Time taken for 'start-plugin-worker:nx/core/package-json' 240.41500000000087ms
[NX v22.6.2 Daemon Server] - 2026-04-03T03:50:06.460Z - Time taken for 'start-plugin-worker:nx/core/project-json' 239.14883399999962ms
Time taken for 'plugin worker 51714 code loading' 178.451958ms
Time taken for 'plugin worker 51713 code loading' 180.61675000000002ms
Time taken for 'plugin worker 51712 code loading' 185.162ms
Time taken for 'nx/js/dependencies-and-lockfile:createNodes' 8.276834000000008ms
Time taken for 'nx/core/package-json:createNodes' 239.73487499999993ms
[NX v22.6.2 Daemon Server] - 2026-04-03T03:50:07.368Z - Time taken for 'build-project-configs' 579.2519160000011ms
[NX v22.6.2 Daemon Server] - 2026-04-03T03:50:07.369Z - Time taken for 'createNodes:merge' 1.8829579999983252ms
[NX v22.6.2 Daemon Server] - 2026-04-03T03:50:07.369Z - Time taken for 'get-all-workspace-files' 152.4239579999994ms
Time taken for 'build typescript dependencies' 0.22345799999993687ms
[NX v22.6.2 Daemon Server] - 2026-04-03T03:50:07.541Z - [SYNC]: collect registered sync generators
[NX v22.6.2 Daemon Server] - 2026-04-03T03:50:07.542Z - [SYNC]: project graph hash is the same, not collecting task sync generators
[NX v22.6.2 Daemon Server] - 2026-04-03T03:50:07.542Z - [SYNC]: nx.json hash is the same, not collecting global sync generators
[NX v22.6.2 Daemon Server] - 2026-04-03T03:50:07.542Z - Time taken for 'total execution time for createProjectGraph()' 437.36741699999766ms
[NX v22.6.2 Daemon Server] - 2026-04-03T03:50:07.542Z - Time taken for 'createDependencies' 232.30112499999814ms
[NX v22.6.2 Daemon Server] - 2026-04-03T03:50:07.542Z - Time taken for 'nx/js/dependencies-and-lockfile:createDependencies' 232.22304200000144ms
[NX v22.6.2 Daemon Server] - 2026-04-03T03:50:07.542Z - Time taken for 'createMetadata' 0.028874999999970896ms
[NX v22.6.2 Daemon Server] - 2026-04-03T03:50:07.542Z - Time taken for 'serialize graph' 3.831125000000611ms
[NX v22.6.2 Daemon Server] - 2026-04-03T03:50:09.191Z - Established a connection. Number of open connections: 2
[NX v22.6.2 Daemon Client] - 2026-04-03T03:50:09.191Z - [Messenger] Sending message type: GET_CONFIGURE_AI_AGENTS_STATUS
[NX v22.6.2 Daemon Client] - 2026-04-03T03:50:09.191Z - [Messenger] Message sent
[NX v22.6.2 Daemon Server] - 2026-04-03T03:50:09.191Z - Closed a connection. Number of open connections: 1
[NX v22.6.2 Daemon Server] - 2026-04-03T03:50:09.192Z - Received raw message of length 41
[NX v22.6.2 Daemon Server] - 2026-04-03T03:50:09.192Z - Received json message of type GET_CONFIGURE_AI_AGENTS_STATUS
[NX v22.6.2 Daemon Server] - 2026-04-03T03:50:09.192Z - [AI-AGENTS]: Returning cached agent configuration status
[NX v22.6.2 Daemon Server] - 2026-04-03T03:50:09.192Z - Serializing response for GET_CONFIGURE_AI_AGENTS_STATUS message in json mode
[NX v22.6.2 Daemon Server] - 2026-04-03T03:50:09.192Z - Responding to GET_CONFIGURE_AI_AGENTS_STATUS message
[NX v22.6.2 Daemon Server] - 2026-04-03T03:50:09.192Z - [REQUEST]: Responding to the client. handleGetConfigureAiAgentsStatus
[NX v22.6.2 Daemon Server] - 2026-04-03T03:50:09.192Z - Done responding to the client handleGetConfigureAiAgentsStatus
[NX v22.6.2 Daemon Server] - 2026-04-03T03:50:09.192Z - Handled json message GET_CONFIGURE_AI_AGENTS_STATUS. Handling time: 0. Response time: 0.
[NX v22.6.2 Daemon Client] - 2026-04-03T03:50:09.192Z - [Messenger] Received message, length: 342
[NX v22.6.2 Daemon Client] - 2026-04-03T03:50:09.833Z - [Messenger] Sending message type: POST_TASKS_EXECUTION
[NX v22.6.2 Daemon Client] - 2026-04-03T03:50:09.836Z - [Messenger] Message sent
[NX v22.6.2 Daemon Server] - 2026-04-03T03:50:09.838Z - Received raw message of length 472759
[NX v22.6.2 Daemon Server] - 2026-04-03T03:50:09.841Z - Received json message of type POST_TASKS_EXECUTION
[NX v22.6.2 Daemon Server] - 2026-04-03T03:50:09.842Z - Serializing response for POST_TASKS_EXECUTION message in json mode
[NX v22.6.2 Daemon Server] - 2026-04-03T03:50:09.842Z - Responding to POST_TASKS_EXECUTION message
[NX v22.6.2 Daemon Server] - 2026-04-03T03:50:09.842Z - [REQUEST]: Responding to the client. handleRunPostTasksExecution
[NX v22.6.2 Daemon Server] - 2026-04-03T03:50:09.842Z - Done responding to the client handleRunPostTasksExecution
[NX v22.6.2 Daemon Server] - 2026-04-03T03:50:09.842Z - Handled json message POST_TASKS_EXECUTION. Handling time: 1. Response time: 0.
[NX v22.6.2 Daemon Server] - 2026-04-03T03:50:09.842Z - Time taken for 'postTasksExecution' 0.31658299999980954ms
[NX v22.6.2 Daemon Client] - 2026-04-03T03:50:09.842Z - [Messenger] Received message, length: 4
[NX v22.6.2 Daemon Server] - 2026-04-03T03:50:09.856Z - Closed a connection. Number of open connections: 0
[NX v22.6.2 Daemon Server] - 2026-04-03T04:11:05.771Z - Established a connection. Number of open connections: 1
[NX v22.6.2 Daemon Server] - 2026-04-03T04:11:05.772Z - Closed a connection. Number of open connections: 0
[NX v22.6.2 Daemon Server] - 2026-04-03T04:11:05.773Z - Established a connection. Number of open connections: 1
[NX v22.6.2 Daemon Server] - 2026-04-03T04:11:05.773Z - Closed a connection. Number of open connections: 0
[NX v22.6.2 Daemon Server] - 2026-04-03T04:11:05.773Z - Established a connection. Number of open connections: 1
[NX v22.6.2 Daemon Client] - 2026-04-03T04:11:05.773Z - [Messenger] Setting up socket listeners
[NX v22.6.2 Daemon Client] - 2026-04-03T04:11:05.774Z - [Messenger] listen() complete
[NX v22.6.2 Daemon Client] - 2026-04-03T04:11:05.775Z - [Messenger] Sending message type: GET_NX_CONSOLE_STATUS
[NX v22.6.2 Daemon Client] - 2026-04-03T04:11:05.775Z - [Messenger] Message sent
[NX v22.6.2 Daemon Server] - 2026-04-03T04:11:05.787Z - Received raw message of length 32
[NX v22.6.2 Daemon Server] - 2026-04-03T04:11:05.787Z - Received json message of type GET_NX_CONSOLE_STATUS
[NX v22.6.2 Daemon Server] - 2026-04-03T04:11:05.788Z - Serializing response for GET_NX_CONSOLE_STATUS message in json mode
[NX v22.6.2 Daemon Server] - 2026-04-03T04:11:05.789Z - Responding to GET_NX_CONSOLE_STATUS message
[NX v22.6.2 Daemon Server] - 2026-04-03T04:11:05.789Z - [REQUEST]: Responding to the client. handleGetNxConsoleStatus
[NX v22.6.2 Daemon Server] - 2026-04-03T04:11:05.789Z - Done responding to the client handleGetNxConsoleStatus
[NX v22.6.2 Daemon Server] - 2026-04-03T04:11:05.789Z - Handled json message GET_NX_CONSOLE_STATUS. Handling time: 0. Response time: 1.
[NX v22.6.2 Daemon Client] - 2026-04-03T04:11:05.789Z - [Messenger] Received message, length: 22
[NX v22.6.2 Daemon Client] - 2026-04-03T04:11:05.853Z - [Messenger] Sending message type: REQUEST_PROJECT_GRAPH
[NX v22.6.2 Daemon Client] - 2026-04-03T04:11:05.853Z - [Messenger] Message sent
[NX v22.6.2 Daemon Server] - 2026-04-03T04:11:05.853Z - Received raw message of length 32
[NX v22.6.2 Daemon Server] - 2026-04-03T04:11:05.853Z - Received json message of type REQUEST_PROJECT_GRAPH
[NX v22.6.2 Daemon Server] - 2026-04-03T04:11:05.853Z - [REQUEST]: Client Request for Project Graph Received
[NX v22.6.2 Daemon Server] - 2026-04-03T04:11:05.854Z - Reusing in-memory cached project graph because no files changed.
[NX v22.6.2 Daemon Server] - 2026-04-03T04:11:05.854Z - Serializing response for REQUEST_PROJECT_GRAPH message in json mode
[NX v22.6.2 Daemon Server] - 2026-04-03T04:11:05.854Z - Responding to REQUEST_PROJECT_GRAPH message
[NX v22.6.2 Daemon Server] - 2026-04-03T04:11:05.854Z - [REQUEST]: Responding to the client. project-graph
[NX v22.6.2 Daemon Server] - 2026-04-03T04:11:05.856Z - Time taken for 'total for creating and serializing project graph' 0.6896669999696314ms
[NX v22.6.2 Daemon Server] - 2026-04-03T04:11:05.860Z - Done responding to the client project-graph
[NX v22.6.2 Daemon Server] - 2026-04-03T04:11:05.861Z - Handled json message REQUEST_PROJECT_GRAPH. Handling time: 1. Response time: 7.
[NX v22.6.2 Daemon Client] - 2026-04-03T04:11:05.861Z - [Messenger] Received message, length: 1251133
[NX v22.6.2 Daemon Client] - 2026-04-03T04:11:05.868Z - [Messenger] Sending message type: PRE_TASKS_EXECUTION
[NX v22.6.2 Daemon Client] - 2026-04-03T04:11:05.868Z - [Messenger] Message sent
[NX v22.6.2 Daemon Server] - 2026-04-03T04:11:05.868Z - Received raw message of length 742
[NX v22.6.2 Daemon Server] - 2026-04-03T04:11:05.869Z - Received json message of type PRE_TASKS_EXECUTION
[NX v22.6.2 Daemon Server] - 2026-04-03T04:11:05.869Z - Serializing response for PRE_TASKS_EXECUTION message in json mode
[NX v22.6.2 Daemon Server] - 2026-04-03T04:11:05.869Z - Responding to PRE_TASKS_EXECUTION message
[NX v22.6.2 Daemon Server] - 2026-04-03T04:11:05.869Z - [REQUEST]: Responding to the client. handleRunPreTasksExecution
[NX v22.6.2 Daemon Server] - 2026-04-03T04:11:05.869Z - Done responding to the client handleRunPreTasksExecution
[NX v22.6.2 Daemon Server] - 2026-04-03T04:11:05.869Z - Handled json message PRE_TASKS_EXECUTION. Handling time: 0. Response time: 0.
[NX v22.6.2 Daemon Server] - 2026-04-03T04:11:05.869Z - Time taken for 'preTasksExecution' 0.16354099987074733ms
[NX v22.6.2 Daemon Client] - 2026-04-03T04:11:05.869Z - [Messenger] Received message, length: 2
[NX v22.6.2 Daemon Client] - 2026-04-03T04:11:05.991Z - [Messenger] Sending message type: HASH_TASKS
[NX v22.6.2 Daemon Client] - 2026-04-03T04:11:05.991Z - [Messenger] Message sent
[NX v22.6.2 Daemon Server] - 2026-04-03T04:11:05.993Z - Received raw message of length 21648
[NX v22.6.2 Daemon Server] - 2026-04-03T04:11:05.994Z - Received json message of type HASH_TASKS
[NX v22.6.2 Daemon Server] - 2026-04-03T04:11:05.995Z - Reusing in-memory cached project graph because no files changed.
DEBUG nx::native::tasks::hash_planner: get_plans_internal COMPLETED in 14.252833ms - processed 13 tasks (setup: 6.16675ms, parallel_planning: 8.059958ms)
DEBUG nx::native::tasks::hashers::hash_workspace_files: Hashing workspace fileset with inputs: Adding "11270979969866030128" (".gitignore") to hash
DEBUG nx::native::tasks::hashers::hash_workspace_files: Hashing workspace fileset with inputs: Adding "11270979969866030128" (".gitignore") to hash
DEBUG nx::native::tasks::hashers::hash_workspace_files: Hashing workspace fileset with inputs: Adding "11270979969866030128" (".gitignore") to hash
DEBUG nx::native::tasks::hashers::hash_workspace_files: Hashing workspace fileset with inputs: Adding "11270979969866030128" (".gitignore") to hash
DEBUG nx::native::tasks::hashers::hash_workspace_files: Hashing workspace fileset with inputs: Adding "11270979969866030128" (".gitignore") to hash
DEBUG nx::native::tasks::hashers::hash_workspace_files: Hashing workspace fileset with inputs: Adding "11270979969866030128" (".gitignore") to hash
DEBUG nx::native::tasks::hashers::hash_workspace_files: Hashing workspace fileset with inputs: Adding "11270979969866030128" (".gitignore") to hash
DEBUG nx::native::tasks::hashers::hash_workspace_files: Hashing workspace fileset with inputs: Adding "11270979969866030128" (".gitignore") to hash
DEBUG nx::native::tasks::hashers::hash_workspace_files: Hashing workspace fileset with inputs: Adding "3553820021084211887" ("nx.json") to hash
DEBUG nx::native::tasks::hashers::hash_workspace_files: Hashing workspace fileset with inputs: Adding "3553820021084211887" ("nx.json") to hash
DEBUG nx::native::tasks::hashers::hash_workspace_files: Hashing workspace fileset with inputs: Hash Value: "10665259820010788507"
DEBUG nx::native::tasks::hashers::hash_workspace_files: Hashing workspace fileset with inputs: Hash Value: "10665259820010788507"
DEBUG nx::native::tasks::hashers::hash_workspace_files: Hashing workspace fileset with inputs: Adding "3553820021084211887" ("nx.json") to hash
DEBUG nx::native::tasks::hashers::hash_workspace_files: Hashing workspace fileset with inputs: Hash Value: "10665259820010788507"
DEBUG nx::native::tasks::hashers::hash_workspace_files: Hashing workspace fileset with inputs: Adding "3553820021084211887" ("nx.json") to hash
DEBUG nx::native::tasks::hashers::hash_workspace_files: Hashing workspace fileset with inputs: Hash Value: "10665259820010788507"
DEBUG nx::native::tasks::hashers::hash_workspace_files: Hashing workspace fileset with inputs: Adding "3553820021084211887" ("nx.json") to hash
DEBUG nx::native::tasks::hashers::hash_workspace_files: Hashing workspace fileset with inputs: Hash Value: "10665259820010788507"
DEBUG nx::native::tasks::hashers::hash_workspace_files: Hashing workspace fileset with inputs: Adding "3553820021084211887" ("nx.json") to hash
DEBUG nx::native::tasks::hashers::hash_workspace_files: Hashing workspace fileset with inputs: Hash Value: "10665259820010788507"
DEBUG nx::native::tasks::hashers::hash_workspace_files: Hashing workspace fileset with inputs: Adding "3553820021084211887" ("nx.json") to hash
DEBUG nx::native::tasks::hashers::hash_workspace_files: Hashing workspace fileset with inputs: Hash Value: "10665259820010788507"
DEBUG nx::native::tasks::hashers::hash_workspace_files: Hashing workspace fileset with inputs: Adding "3553820021084211887" ("nx.json") to hash
DEBUG nx::native::tasks::hashers::hash_workspace_files: Hashing workspace fileset with inputs: Hash Value: "10665259820010788507"
DEBUG nx::native::tasks::task_hasher: hash_plans COMPLETED in 53.795375ms - processed 13 plans (setup: 2.006625ms, hashing: 51.7845ms, assembly: 7.678417ms)
[NX v22.6.2 Daemon Server] - 2026-04-03T04:11:06.083Z - Serializing response for HASH_TASKS message in json mode
[NX v22.6.2 Daemon Server] - 2026-04-03T04:11:06.084Z - Responding to HASH_TASKS message
[NX v22.6.2 Daemon Server] - 2026-04-03T04:11:06.084Z - [REQUEST]: Responding to the client. handleHashTasks
[NX v22.6.2 Daemon Server] - 2026-04-03T04:11:06.088Z - Done responding to the client handleHashTasks
[NX v22.6.2 Daemon Server] - 2026-04-03T04:11:06.088Z - Handled json message HASH_TASKS. Handling time: 89. Response time: 5.
[NX v22.6.2 Daemon Client] - 2026-04-03T04:11:06.088Z - [Messenger] Received message, length: 466562
[NX v22.6.2 Daemon Client] - 2026-04-03T04:11:06.153Z - [Messenger] Sending message type: GET_ESTIMATED_TASK_TIMINGS
[NX v22.6.2 Daemon Client] - 2026-04-03T04:11:06.153Z - [Messenger] Message sent
[NX v22.6.2 Daemon Server] - 2026-04-03T04:11:06.153Z - Received raw message of length 705
[NX v22.6.2 Daemon Server] - 2026-04-03T04:11:06.153Z - Received json message of type GET_ESTIMATED_TASK_TIMINGS
[NX v22.6.2 Daemon Server] - 2026-04-03T04:11:06.154Z - Serializing response for GET_ESTIMATED_TASK_TIMINGS message in json mode
[NX v22.6.2 Daemon Server] - 2026-04-03T04:11:06.154Z - Responding to GET_ESTIMATED_TASK_TIMINGS message
[NX v22.6.2 Daemon Server] - 2026-04-03T04:11:06.154Z - [REQUEST]: Responding to the client. handleGetEstimatedTaskTimings
[NX v22.6.2 Daemon Server] - 2026-04-03T04:11:06.154Z - Done responding to the client handleGetEstimatedTaskTimings
[NX v22.6.2 Daemon Server] - 2026-04-03T04:11:06.154Z - Handled json message GET_ESTIMATED_TASK_TIMINGS. Handling time: 1. Response time: 0.
[NX v22.6.2 Daemon Client] - 2026-04-03T04:11:06.154Z - [Messenger] Received message, length: 434
[NX v22.6.2 Daemon Client] - 2026-04-03T04:11:06.159Z - [Messenger] Sending message type: OUTPUTS_HASHES_MATCH
[NX v22.6.2 Daemon Client] - 2026-04-03T04:11:06.159Z - [Messenger] Message sent
[NX v22.6.2 Daemon Server] - 2026-04-03T04:11:06.159Z - Received raw message of length 237
[NX v22.6.2 Daemon Server] - 2026-04-03T04:11:06.159Z - Received json message of type OUTPUTS_HASHES_MATCH
[NX v22.6.2 Daemon Server] - 2026-04-03T04:11:06.163Z - Serializing response for OUTPUTS_HASHES_MATCH message in json mode
[NX v22.6.2 Daemon Server] - 2026-04-03T04:11:06.163Z - Responding to OUTPUTS_HASHES_MATCH message
[NX v22.6.2 Daemon Server] - 2026-04-03T04:11:06.163Z - [REQUEST]: Responding to the client. outputsHashesMatch
[NX v22.6.2 Daemon Server] - 2026-04-03T04:11:06.163Z - Done responding to the client outputsHashesMatch
[NX v22.6.2 Daemon Server] - 2026-04-03T04:11:06.163Z - Handled json message OUTPUTS_HASHES_MATCH. Handling time: 4. Response time: 0.
[NX v22.6.2 Daemon Client] - 2026-04-03T04:11:06.163Z - [Messenger] Received message, length: 4
[NX v22.6.2 Daemon Client] - 2026-04-03T04:11:06.164Z - [Messenger] Sending message type: OUTPUTS_HASHES_MATCH
[NX v22.6.2 Daemon Client] - 2026-04-03T04:11:06.164Z - [Messenger] Message sent
[NX v22.6.2 Daemon Server] - 2026-04-03T04:11:06.164Z - Received raw message of length 244
[NX v22.6.2 Daemon Server] - 2026-04-03T04:11:06.164Z - Received json message of type OUTPUTS_HASHES_MATCH
[NX v22.6.2 Daemon Server] - 2026-04-03T04:11:06.167Z - Serializing response for OUTPUTS_HASHES_MATCH message in json mode
[NX v22.6.2 Daemon Server] - 2026-04-03T04:11:06.167Z - Responding to OUTPUTS_HASHES_MATCH message
[NX v22.6.2 Daemon Server] - 2026-04-03T04:11:06.167Z - [REQUEST]: Responding to the client. outputsHashesMatch
[NX v22.6.2 Daemon Server] - 2026-04-03T04:11:06.167Z - Done responding to the client outputsHashesMatch
[NX v22.6.2 Daemon Server] - 2026-04-03T04:11:06.167Z - Handled json message OUTPUTS_HASHES_MATCH. Handling time: 3. Response time: 0.
[NX v22.6.2 Daemon Client] - 2026-04-03T04:11:06.167Z - [Messenger] Received message, length: 4
[NX v22.6.2 Daemon Client] - 2026-04-03T04:11:06.168Z - [Messenger] Sending message type: RECORD_OUTPUTS_HASH
[NX v22.6.2 Daemon Client] - 2026-04-03T04:11:06.168Z - [Messenger] Message sent
[NX v22.6.2 Daemon Server] - 2026-04-03T04:11:06.168Z - Received raw message of length 236
[NX v22.6.2 Daemon Server] - 2026-04-03T04:11:06.168Z - Received json message of type RECORD_OUTPUTS_HASH
[NX v22.6.2 Daemon Server] - 2026-04-03T04:11:06.171Z - Serializing response for RECORD_OUTPUTS_HASH message in json mode
[NX v22.6.2 Daemon Server] - 2026-04-03T04:11:06.171Z - Responding to RECORD_OUTPUTS_HASH message
[NX v22.6.2 Daemon Server] - 2026-04-03T04:11:06.171Z - [REQUEST]: Responding to the client. recordOutputsHash
[NX v22.6.2 Daemon Server] - 2026-04-03T04:11:06.171Z - Done responding to the client recordOutputsHash
[NX v22.6.2 Daemon Server] - 2026-04-03T04:11:06.171Z - Handled json message RECORD_OUTPUTS_HASH. Handling time: 3. Response time: 0.
[NX v22.6.2 Daemon Client] - 2026-04-03T04:11:06.171Z - [Messenger] Received message, length: 2
[NX v22.6.2 Daemon Client] - 2026-04-03T04:11:06.171Z - [Messenger] Sending message type: RECORD_OUTPUTS_HASH
[NX v22.6.2 Daemon Client] - 2026-04-03T04:11:06.171Z - [Messenger] Message sent
[NX v22.6.2 Daemon Server] - 2026-04-03T04:11:06.171Z - Received raw message of length 243
[NX v22.6.2 Daemon Server] - 2026-04-03T04:11:06.171Z - Received json message of type RECORD_OUTPUTS_HASH
[NX v22.6.2 Daemon Server] - 2026-04-03T04:11:06.173Z - Serializing response for RECORD_OUTPUTS_HASH message in json mode
[NX v22.6.2 Daemon Server] - 2026-04-03T04:11:06.173Z - Responding to RECORD_OUTPUTS_HASH message
[NX v22.6.2 Daemon Server] - 2026-04-03T04:11:06.173Z - [REQUEST]: Responding to the client. recordOutputsHash
[NX v22.6.2 Daemon Server] - 2026-04-03T04:11:06.173Z - Done responding to the client recordOutputsHash
[NX v22.6.2 Daemon Server] - 2026-04-03T04:11:06.173Z - Handled json message RECORD_OUTPUTS_HASH. Handling time: 2. Response time: 0.
[NX v22.6.2 Daemon Client] - 2026-04-03T04:11:06.173Z - [Messenger] Received message, length: 2
[NX v22.6.2 Daemon Client] - 2026-04-03T04:11:06.176Z - [Messenger] Sending message type: OUTPUTS_HASHES_MATCH
[NX v22.6.2 Daemon Client] - 2026-04-03T04:11:06.176Z - [Messenger] Message sent
[NX v22.6.2 Daemon Server] - 2026-04-03T04:11:06.176Z - Received raw message of length 245
[NX v22.6.2 Daemon Server] - 2026-04-03T04:11:06.176Z - Received json message of type OUTPUTS_HASHES_MATCH
[NX v22.6.2 Daemon Server] - 2026-04-03T04:11:06.178Z - Serializing response for OUTPUTS_HASHES_MATCH message in json mode
[NX v22.6.2 Daemon Server] - 2026-04-03T04:11:06.178Z - Responding to OUTPUTS_HASHES_MATCH message
[NX v22.6.2 Daemon Server] - 2026-04-03T04:11:06.178Z - [REQUEST]: Responding to the client. outputsHashesMatch
[NX v22.6.2 Daemon Server] - 2026-04-03T04:11:06.178Z - Done responding to the client outputsHashesMatch
[NX v22.6.2 Daemon Server] - 2026-04-03T04:11:06.178Z - Handled json message OUTPUTS_HASHES_MATCH. Handling time: 2. Response time: 0.
[NX v22.6.2 Daemon Client] - 2026-04-03T04:11:06.178Z - [Messenger] Received message, length: 4
[NX v22.6.2 Daemon Client] - 2026-04-03T04:11:06.179Z - [Messenger] Sending message type: OUTPUTS_HASHES_MATCH
[NX v22.6.2 Daemon Client] - 2026-04-03T04:11:06.179Z - [Messenger] Message sent
[NX v22.6.2 Daemon Server] - 2026-04-03T04:11:06.179Z - Received raw message of length 208
[NX v22.6.2 Daemon Server] - 2026-04-03T04:11:06.179Z - Received json message of type OUTPUTS_HASHES_MATCH
[NX v22.6.2 Daemon Server] - 2026-04-03T04:11:06.182Z - Serializing response for OUTPUTS_HASHES_MATCH message in json mode
[NX v22.6.2 Daemon Server] - 2026-04-03T04:11:06.182Z - Responding to OUTPUTS_HASHES_MATCH message
[NX v22.6.2 Daemon Server] - 2026-04-03T04:11:06.182Z - [REQUEST]: Responding to the client. outputsHashesMatch
[NX v22.6.2 Daemon Server] - 2026-04-03T04:11:06.182Z - Done responding to the client outputsHashesMatch
[NX v22.6.2 Daemon Server] - 2026-04-03T04:11:06.182Z - Handled json message OUTPUTS_HASHES_MATCH. Handling time: 3. Response time: 0.
[NX v22.6.2 Daemon Client] - 2026-04-03T04:11:06.182Z - [Messenger] Received message, length: 4
[NX v22.6.2 Daemon Client] - 2026-04-03T04:11:06.182Z - [Messenger] Sending message type: RECORD_OUTPUTS_HASH
[NX v22.6.2 Daemon Client] - 2026-04-03T04:11:06.182Z - [Messenger] Message sent
[NX v22.6.2 Daemon Server] - 2026-04-03T04:11:06.182Z - Received raw message of length 244
[NX v22.6.2 Daemon Server] - 2026-04-03T04:11:06.182Z - Received json message of type RECORD_OUTPUTS_HASH
[NX v22.6.2 Daemon Server] - 2026-04-03T04:11:06.185Z - Serializing response for RECORD_OUTPUTS_HASH message in json mode
[NX v22.6.2 Daemon Server] - 2026-04-03T04:11:06.185Z - Responding to RECORD_OUTPUTS_HASH message
[NX v22.6.2 Daemon Server] - 2026-04-03T04:11:06.186Z - [REQUEST]: Responding to the client. recordOutputsHash
[NX v22.6.2 Daemon Server] - 2026-04-03T04:11:06.186Z - Done responding to the client recordOutputsHash
[NX v22.6.2 Daemon Server] - 2026-04-03T04:11:06.186Z - Handled json message RECORD_OUTPUTS_HASH. Handling time: 3. Response time: 1.
[NX v22.6.2 Daemon Client] - 2026-04-03T04:11:06.186Z - [Messenger] Received message, length: 2
[NX v22.6.2 Daemon Client] - 2026-04-03T04:11:06.186Z - [Messenger] Sending message type: RECORD_OUTPUTS_HASH
[NX v22.6.2 Daemon Client] - 2026-04-03T04:11:06.186Z - [Messenger] Message sent
[NX v22.6.2 Daemon Server] - 2026-04-03T04:11:06.186Z - Received raw message of length 207
[NX v22.6.2 Daemon Server] - 2026-04-03T04:11:06.186Z - Received json message of type RECORD_OUTPUTS_HASH
[NX v22.6.2 Daemon Server] - 2026-04-03T04:11:06.188Z - Serializing response for RECORD_OUTPUTS_HASH message in json mode
[NX v22.6.2 Daemon Server] - 2026-04-03T04:11:06.189Z - Responding to RECORD_OUTPUTS_HASH message
[NX v22.6.2 Daemon Server] - 2026-04-03T04:11:06.189Z - [REQUEST]: Responding to the client. recordOutputsHash
[NX v22.6.2 Daemon Server] - 2026-04-03T04:11:06.189Z - Done responding to the client recordOutputsHash
[NX v22.6.2 Daemon Server] - 2026-04-03T04:11:06.189Z - Handled json message RECORD_OUTPUTS_HASH. Handling time: 2. Response time: 1.
[NX v22.6.2 Daemon Client] - 2026-04-03T04:11:06.189Z - [Messenger] Received message, length: 2
[NX v22.6.2 Daemon Client] - 2026-04-03T04:11:06.189Z - [Messenger] Sending message type: OUTPUTS_HASHES_MATCH
[NX v22.6.2 Daemon Client] - 2026-04-03T04:11:06.189Z - [Messenger] Message sent
[NX v22.6.2 Daemon Server] - 2026-04-03T04:11:06.189Z - Received raw message of length 201
[NX v22.6.2 Daemon Server] - 2026-04-03T04:11:06.189Z - Received json message of type OUTPUTS_HASHES_MATCH
[NX v22.6.2 Daemon Server] - 2026-04-03T04:11:06.192Z - Serializing response for OUTPUTS_HASHES_MATCH message in json mode
[NX v22.6.2 Daemon Server] - 2026-04-03T04:11:06.192Z - Responding to OUTPUTS_HASHES_MATCH message
[NX v22.6.2 Daemon Server] - 2026-04-03T04:11:06.192Z - [REQUEST]: Responding to the client. outputsHashesMatch
[NX v22.6.2 Daemon Server] - 2026-04-03T04:11:06.192Z - Done responding to the client outputsHashesMatch
[NX v22.6.2 Daemon Server] - 2026-04-03T04:11:06.192Z - Handled json message OUTPUTS_HASHES_MATCH. Handling time: 3. Response time: 0.
[NX v22.6.2 Daemon Client] - 2026-04-03T04:11:06.192Z - [Messenger] Received message, length: 4
[NX v22.6.2 Daemon Client] - 2026-04-03T04:11:06.192Z - [Messenger] Sending message type: RECORD_OUTPUTS_HASH
[NX v22.6.2 Daemon Client] - 2026-04-03T04:11:06.192Z - [Messenger] Message sent
[NX v22.6.2 Daemon Server] - 2026-04-03T04:11:06.192Z - Received raw message of length 200
[NX v22.6.2 Daemon Server] - 2026-04-03T04:11:06.193Z - Received json message of type RECORD_OUTPUTS_HASH
[NX v22.6.2 Daemon Server] - 2026-04-03T04:11:06.195Z - Serializing response for RECORD_OUTPUTS_HASH message in json mode
[NX v22.6.2 Daemon Server] - 2026-04-03T04:11:06.195Z - Responding to RECORD_OUTPUTS_HASH message
[NX v22.6.2 Daemon Server] - 2026-04-03T04:11:06.195Z - [REQUEST]: Responding to the client. recordOutputsHash
[NX v22.6.2 Daemon Server] - 2026-04-03T04:11:06.195Z - Done responding to the client recordOutputsHash
[NX v22.6.2 Daemon Server] - 2026-04-03T04:11:06.195Z - Handled json message RECORD_OUTPUTS_HASH. Handling time: 2. Response time: 0.
[NX v22.6.2 Daemon Client] - 2026-04-03T04:11:06.195Z - [Messenger] Received message, length: 2
[NX v22.6.2 Daemon Client] - 2026-04-03T04:11:06.196Z - [Messenger] Sending message type: OUTPUTS_HASHES_MATCH
[NX v22.6.2 Daemon Client] - 2026-04-03T04:11:06.196Z - [Messenger] Message sent
[NX v22.6.2 Daemon Server] - 2026-04-03T04:11:06.196Z - Received raw message of length 225
[NX v22.6.2 Daemon Server] - 2026-04-03T04:11:06.197Z - Received json message of type OUTPUTS_HASHES_MATCH
[NX v22.6.2 Daemon Server] - 2026-04-03T04:11:06.198Z - Serializing response for OUTPUTS_HASHES_MATCH message in json mode
[NX v22.6.2 Daemon Server] - 2026-04-03T04:11:06.198Z - Responding to OUTPUTS_HASHES_MATCH message
[NX v22.6.2 Daemon Server] - 2026-04-03T04:11:06.198Z - [REQUEST]: Responding to the client. outputsHashesMatch
[NX v22.6.2 Daemon Server] - 2026-04-03T04:11:06.198Z - Done responding to the client outputsHashesMatch
[NX v22.6.2 Daemon Server] - 2026-04-03T04:11:06.198Z - Handled json message OUTPUTS_HASHES_MATCH. Handling time: 1. Response time: 0.
[NX v22.6.2 Daemon Client] - 2026-04-03T04:11:06.198Z - [Messenger] Received message, length: 4
[NX v22.6.2 Daemon Client] - 2026-04-03T04:11:06.199Z - [Messenger] Sending message type: RECORD_OUTPUTS_HASH
[NX v22.6.2 Daemon Client] - 2026-04-03T04:11:06.199Z - [Messenger] Message sent
[NX v22.6.2 Daemon Server] - 2026-04-03T04:11:06.199Z - Received raw message of length 224
[NX v22.6.2 Daemon Server] - 2026-04-03T04:11:06.199Z - Received json message of type RECORD_OUTPUTS_HASH
[NX v22.6.2 Daemon Server] - 2026-04-03T04:11:06.203Z - Serializing response for RECORD_OUTPUTS_HASH message in json mode
[NX v22.6.2 Daemon Server] - 2026-04-03T04:11:06.203Z - Responding to RECORD_OUTPUTS_HASH message
[NX v22.6.2 Daemon Server] - 2026-04-03T04:11:06.203Z - [REQUEST]: Responding to the client. recordOutputsHash
[NX v22.6.2 Daemon Server] - 2026-04-03T04:11:06.203Z - Done responding to the client recordOutputsHash
[NX v22.6.2 Daemon Server] - 2026-04-03T04:11:06.203Z - Handled json message RECORD_OUTPUTS_HASH. Handling time: 4. Response time: 0.
[NX v22.6.2 Daemon Client] - 2026-04-03T04:11:06.203Z - [Messenger] Received message, length: 2
[NX v22.6.2 Daemon Client] - 2026-04-03T04:11:06.205Z - [Messenger] Sending message type: OUTPUTS_HASHES_MATCH
[NX v22.6.2 Daemon Client] - 2026-04-03T04:11:06.205Z - [Messenger] Message sent
[NX v22.6.2 Daemon Server] - 2026-04-03T04:11:06.205Z - Received raw message of length 205
[NX v22.6.2 Daemon Server] - 2026-04-03T04:11:06.205Z - Received json message of type OUTPUTS_HASHES_MATCH
[NX v22.6.2 Daemon Server] - 2026-04-03T04:11:06.207Z - Serializing response for OUTPUTS_HASHES_MATCH message in json mode
[NX v22.6.2 Daemon Server] - 2026-04-03T04:11:06.207Z - Responding to OUTPUTS_HASHES_MATCH message
[NX v22.6.2 Daemon Server] - 2026-04-03T04:11:06.207Z - [REQUEST]: Responding to the client. outputsHashesMatch
[NX v22.6.2 Daemon Server] - 2026-04-03T04:11:06.207Z - Done responding to the client outputsHashesMatch
[NX v22.6.2 Daemon Server] - 2026-04-03T04:11:06.207Z - Handled json message OUTPUTS_HASHES_MATCH. Handling time: 2. Response time: 0.
[NX v22.6.2 Daemon Client] - 2026-04-03T04:11:06.207Z - [Messenger] Received message, length: 4
[NX v22.6.2 Daemon Client] - 2026-04-03T04:11:06.208Z - [Messenger] Sending message type: OUTPUTS_HASHES_MATCH
[NX v22.6.2 Daemon Client] - 2026-04-03T04:11:06.208Z - [Messenger] Message sent
[NX v22.6.2 Daemon Server] - 2026-04-03T04:11:06.208Z - Received raw message of length 209
[NX v22.6.2 Daemon Server] - 2026-04-03T04:11:06.208Z - Received json message of type OUTPUTS_HASHES_MATCH
[NX v22.6.2 Daemon Server] - 2026-04-03T04:11:06.213Z - Serializing response for OUTPUTS_HASHES_MATCH message in json mode
[NX v22.6.2 Daemon Server] - 2026-04-03T04:11:06.213Z - Responding to OUTPUTS_HASHES_MATCH message
[NX v22.6.2 Daemon Server] - 2026-04-03T04:11:06.213Z - [REQUEST]: Responding to the client. outputsHashesMatch
[NX v22.6.2 Daemon Server] - 2026-04-03T04:11:06.213Z - Done responding to the client outputsHashesMatch
[NX v22.6.2 Daemon Server] - 2026-04-03T04:11:06.213Z - Handled json message OUTPUTS_HASHES_MATCH. Handling time: 5. Response time: 0.
[NX v22.6.2 Daemon Client] - 2026-04-03T04:11:06.213Z - [Messenger] Received message, length: 4
[NX v22.6.2 Daemon Client] - 2026-04-03T04:11:06.213Z - [Messenger] Sending message type: RECORD_OUTPUTS_HASH
[NX v22.6.2 Daemon Client] - 2026-04-03T04:11:06.213Z - [Messenger] Message sent
[NX v22.6.2 Daemon Server] - 2026-04-03T04:11:06.214Z - Received raw message of length 204
[NX v22.6.2 Daemon Server] - 2026-04-03T04:11:06.214Z - Received json message of type RECORD_OUTPUTS_HASH
[NX v22.6.2 Daemon Server] - 2026-04-03T04:11:06.217Z - Serializing response for RECORD_OUTPUTS_HASH message in json mode
[NX v22.6.2 Daemon Server] - 2026-04-03T04:11:06.217Z - Responding to RECORD_OUTPUTS_HASH message
[NX v22.6.2 Daemon Server] - 2026-04-03T04:11:06.217Z - [REQUEST]: Responding to the client. recordOutputsHash
[NX v22.6.2 Daemon Server] - 2026-04-03T04:11:06.217Z - Done responding to the client recordOutputsHash
[NX v22.6.2 Daemon Server] - 2026-04-03T04:11:06.217Z - Handled json message RECORD_OUTPUTS_HASH. Handling time: 3. Response time: 0.
[NX v22.6.2 Daemon Client] - 2026-04-03T04:11:06.217Z - [Messenger] Received message, length: 2
[NX v22.6.2 Daemon Client] - 2026-04-03T04:11:06.217Z - [Messenger] Sending message type: RECORD_OUTPUTS_HASH
[NX v22.6.2 Daemon Client] - 2026-04-03T04:11:06.217Z - [Messenger] Message sent
[NX v22.6.2 Daemon Server] - 2026-04-03T04:11:06.217Z - Received raw message of length 208
[NX v22.6.2 Daemon Server] - 2026-04-03T04:11:06.217Z - Received json message of type RECORD_OUTPUTS_HASH
[NX v22.6.2 Daemon Server] - 2026-04-03T04:11:06.220Z - Serializing response for RECORD_OUTPUTS_HASH message in json mode
[NX v22.6.2 Daemon Server] - 2026-04-03T04:11:06.220Z - Responding to RECORD_OUTPUTS_HASH message
[NX v22.6.2 Daemon Server] - 2026-04-03T04:11:06.220Z - [REQUEST]: Responding to the client. recordOutputsHash
[NX v22.6.2 Daemon Server] - 2026-04-03T04:11:06.220Z - Done responding to the client recordOutputsHash
[NX v22.6.2 Daemon Server] - 2026-04-03T04:11:06.220Z - Handled json message RECORD_OUTPUTS_HASH. Handling time: 3. Response time: 0.
[NX v22.6.2 Daemon Client] - 2026-04-03T04:11:06.220Z - [Messenger] Received message, length: 2
[NX v22.6.2 Daemon Client] - 2026-04-03T04:11:06.220Z - [Messenger] Sending message type: OUTPUTS_HASHES_MATCH
[NX v22.6.2 Daemon Client] - 2026-04-03T04:11:06.220Z - [Messenger] Message sent
[NX v22.6.2 Daemon Server] - 2026-04-03T04:11:06.220Z - Received raw message of length 205
[NX v22.6.2 Daemon Server] - 2026-04-03T04:11:06.220Z - Received json message of type OUTPUTS_HASHES_MATCH
[NX v22.6.2 Daemon Server] - 2026-04-03T04:11:06.222Z - Serializing response for OUTPUTS_HASHES_MATCH message in json mode
[NX v22.6.2 Daemon Server] - 2026-04-03T04:11:06.222Z - Responding to OUTPUTS_HASHES_MATCH message
[NX v22.6.2 Daemon Server] - 2026-04-03T04:11:06.222Z - [REQUEST]: Responding to the client. outputsHashesMatch
[NX v22.6.2 Daemon Server] - 2026-04-03T04:11:06.222Z - Done responding to the client outputsHashesMatch
[NX v22.6.2 Daemon Server] - 2026-04-03T04:11:06.222Z - Handled json message OUTPUTS_HASHES_MATCH. Handling time: 2. Response time: 0.
[NX v22.6.2 Daemon Client] - 2026-04-03T04:11:06.222Z - [Messenger] Received message, length: 4
[NX v22.6.2 Daemon Client] - 2026-04-03T04:11:06.223Z - [Messenger] Sending message type: RECORD_OUTPUTS_HASH
[NX v22.6.2 Daemon Client] - 2026-04-03T04:11:06.223Z - [Messenger] Message sent
[NX v22.6.2 Daemon Server] - 2026-04-03T04:11:06.223Z - Received raw message of length 204
[NX v22.6.2 Daemon Server] - 2026-04-03T04:11:06.223Z - Received json message of type RECORD_OUTPUTS_HASH
[NX v22.6.2 Daemon Server] - 2026-04-03T04:11:06.225Z - Serializing response for RECORD_OUTPUTS_HASH message in json mode
[NX v22.6.2 Daemon Server] - 2026-04-03T04:11:06.225Z - Responding to RECORD_OUTPUTS_HASH message
[NX v22.6.2 Daemon Server] - 2026-04-03T04:11:06.225Z - [REQUEST]: Responding to the client. recordOutputsHash
[NX v22.6.2 Daemon Server] - 2026-04-03T04:11:06.225Z - Done responding to the client recordOutputsHash
[NX v22.6.2 Daemon Server] - 2026-04-03T04:11:06.225Z - Handled json message RECORD_OUTPUTS_HASH. Handling time: 2. Response time: 0.
[NX v22.6.2 Daemon Client] - 2026-04-03T04:11:06.225Z - [Messenger] Received message, length: 2
[NX v22.6.2 Daemon Client] - 2026-04-03T04:11:06.227Z - [Messenger] Sending message type: OUTPUTS_HASHES_MATCH
[NX v22.6.2 Daemon Client] - 2026-04-03T04:11:06.227Z - [Messenger] Message sent
[NX v22.6.2 Daemon Server] - 2026-04-03T04:11:06.227Z - Received raw message of length 237
[NX v22.6.2 Daemon Server] - 2026-04-03T04:11:06.227Z - Received json message of type OUTPUTS_HASHES_MATCH
[NX v22.6.2 Daemon Server] - 2026-04-03T04:11:06.231Z - Serializing response for OUTPUTS_HASHES_MATCH message in json mode
[NX v22.6.2 Daemon Server] - 2026-04-03T04:11:06.231Z - Responding to OUTPUTS_HASHES_MATCH message
[NX v22.6.2 Daemon Server] - 2026-04-03T04:11:06.231Z - [REQUEST]: Responding to the client. outputsHashesMatch
[NX v22.6.2 Daemon Server] - 2026-04-03T04:11:06.231Z - Done responding to the client outputsHashesMatch
[NX v22.6.2 Daemon Server] - 2026-04-03T04:11:06.231Z - Handled json message OUTPUTS_HASHES_MATCH. Handling time: 4. Response time: 0.
[NX v22.6.2 Daemon Client] - 2026-04-03T04:11:06.231Z - [Messenger] Received message, length: 4
[NX v22.6.2 Daemon Client] - 2026-04-03T04:11:06.231Z - [Messenger] Sending message type: OUTPUTS_HASHES_MATCH
[NX v22.6.2 Daemon Client] - 2026-04-03T04:11:06.231Z - [Messenger] Message sent
[NX v22.6.2 Daemon Server] - 2026-04-03T04:11:06.231Z - Received raw message of length 232
[NX v22.6.2 Daemon Server] - 2026-04-03T04:11:06.231Z - Received json message of type OUTPUTS_HASHES_MATCH
[NX v22.6.2 Daemon Server] - 2026-04-03T04:11:06.235Z - Serializing response for OUTPUTS_HASHES_MATCH message in json mode
[NX v22.6.2 Daemon Server] - 2026-04-03T04:11:06.235Z - Responding to OUTPUTS_HASHES_MATCH message
[NX v22.6.2 Daemon Server] - 2026-04-03T04:11:06.235Z - [REQUEST]: Responding to the client. outputsHashesMatch
[NX v22.6.2 Daemon Server] - 2026-04-03T04:11:06.235Z - Done responding to the client outputsHashesMatch
[NX v22.6.2 Daemon Server] - 2026-04-03T04:11:06.235Z - Handled json message OUTPUTS_HASHES_MATCH. Handling time: 3. Response time: 0.
[NX v22.6.2 Daemon Client] - 2026-04-03T04:11:06.235Z - [Messenger] Received message, length: 4
[NX v22.6.2 Daemon Client] - 2026-04-03T04:11:06.235Z - [Messenger] Sending message type: RECORD_OUTPUTS_HASH
[NX v22.6.2 Daemon Client] - 2026-04-03T04:11:06.235Z - [Messenger] Message sent
[NX v22.6.2 Daemon Server] - 2026-04-03T04:11:06.235Z - Received raw message of length 236
[NX v22.6.2 Daemon Server] - 2026-04-03T04:11:06.235Z - Received json message of type RECORD_OUTPUTS_HASH
[NX v22.6.2 Daemon Server] - 2026-04-03T04:11:06.238Z - Serializing response for RECORD_OUTPUTS_HASH message in json mode
[NX v22.6.2 Daemon Server] - 2026-04-03T04:11:06.238Z - Responding to RECORD_OUTPUTS_HASH message
[NX v22.6.2 Daemon Server] - 2026-04-03T04:11:06.238Z - [REQUEST]: Responding to the client. recordOutputsHash
[NX v22.6.2 Daemon Server] - 2026-04-03T04:11:06.238Z - Done responding to the client recordOutputsHash
[NX v22.6.2 Daemon Server] - 2026-04-03T04:11:06.238Z - Handled json message RECORD_OUTPUTS_HASH. Handling time: 3. Response time: 0.
[NX v22.6.2 Daemon Client] - 2026-04-03T04:11:06.238Z - [Messenger] Received message, length: 2
[NX v22.6.2 Daemon Client] - 2026-04-03T04:11:06.238Z - [Messenger] Sending message type: RECORD_OUTPUTS_HASH
[NX v22.6.2 Daemon Client] - 2026-04-03T04:11:06.238Z - [Messenger] Message sent
[NX v22.6.2 Daemon Server] - 2026-04-03T04:11:06.238Z - Received raw message of length 231
[NX v22.6.2 Daemon Server] - 2026-04-03T04:11:06.238Z - Received json message of type RECORD_OUTPUTS_HASH
[NX v22.6.2 Daemon Server] - 2026-04-03T04:11:06.240Z - Serializing response for RECORD_OUTPUTS_HASH message in json mode
[NX v22.6.2 Daemon Server] - 2026-04-03T04:11:06.240Z - Responding to RECORD_OUTPUTS_HASH message
[NX v22.6.2 Daemon Server] - 2026-04-03T04:11:06.240Z - [REQUEST]: Responding to the client. recordOutputsHash
[NX v22.6.2 Daemon Server] - 2026-04-03T04:11:06.240Z - Done responding to the client recordOutputsHash
[NX v22.6.2 Daemon Server] - 2026-04-03T04:11:06.240Z - Handled json message RECORD_OUTPUTS_HASH. Handling time: 2. Response time: 0.
[NX v22.6.2 Daemon Client] - 2026-04-03T04:11:06.240Z - [Messenger] Received message, length: 2
[NX v22.6.2 Daemon Client] - 2026-04-03T04:11:06.243Z - [Messenger] Sending message type: OUTPUTS_HASHES_MATCH
[NX v22.6.2 Daemon Client] - 2026-04-03T04:11:06.243Z - [Messenger] Message sent
[NX v22.6.2 Daemon Server] - 2026-04-03T04:11:06.243Z - Received raw message of length 196
[NX v22.6.2 Daemon Server] - 2026-04-03T04:11:06.243Z - Received json message of type OUTPUTS_HASHES_MATCH
[NX v22.6.2 Daemon Server] - 2026-04-03T04:11:06.250Z - Serializing response for OUTPUTS_HASHES_MATCH message in json mode
[NX v22.6.2 Daemon Server] - 2026-04-03T04:11:06.250Z - Responding to OUTPUTS_HASHES_MATCH message
[NX v22.6.2 Daemon Server] - 2026-04-03T04:11:06.250Z - [REQUEST]: Responding to the client. outputsHashesMatch
[NX v22.6.2 Daemon Server] - 2026-04-03T04:11:06.250Z - Done responding to the client outputsHashesMatch
[NX v22.6.2 Daemon Server] - 2026-04-03T04:11:06.250Z - Handled json message OUTPUTS_HASHES_MATCH. Handling time: 7. Response time: 0.
[NX v22.6.2 Daemon Client] - 2026-04-03T04:11:06.250Z - [Messenger] Received message, length: 4
[NX v22.6.2 Daemon Client] - 2026-04-03T04:11:06.251Z - [Messenger] Sending message type: OUTPUTS_HASHES_MATCH
[NX v22.6.2 Daemon Client] - 2026-04-03T04:11:06.251Z - [Messenger] Message sent
[NX v22.6.2 Daemon Server] - 2026-04-03T04:11:06.251Z - Received raw message of length 184
[NX v22.6.2 Daemon Server] - 2026-04-03T04:11:06.251Z - Received json message of type OUTPUTS_HASHES_MATCH
[NX v22.6.2 Daemon Server] - 2026-04-03T04:11:06.256Z - Serializing response for OUTPUTS_HASHES_MATCH message in json mode
[NX v22.6.2 Daemon Server] - 2026-04-03T04:11:06.256Z - Responding to OUTPUTS_HASHES_MATCH message
[NX v22.6.2 Daemon Server] - 2026-04-03T04:11:06.256Z - [REQUEST]: Responding to the client. outputsHashesMatch
[NX v22.6.2 Daemon Server] - 2026-04-03T04:11:06.256Z - Done responding to the client outputsHashesMatch
[NX v22.6.2 Daemon Server] - 2026-04-03T04:11:06.256Z - Handled json message OUTPUTS_HASHES_MATCH. Handling time: 5. Response time: 0.
[NX v22.6.2 Daemon Client] - 2026-04-03T04:11:06.258Z - [Messenger] Received message, length: 4
[NX v22.6.2 Daemon Client] - 2026-04-03T04:11:06.258Z - [Messenger] Sending message type: RECORD_OUTPUTS_HASH
[NX v22.6.2 Daemon Client] - 2026-04-03T04:11:06.258Z - [Messenger] Message sent
[NX v22.6.2 Daemon Server] - 2026-04-03T04:11:06.259Z - Received raw message of length 195
[NX v22.6.2 Daemon Server] - 2026-04-03T04:11:06.259Z - Received json message of type RECORD_OUTPUTS_HASH
[NX v22.6.2 Daemon Server] - 2026-04-03T04:11:06.266Z - Serializing response for RECORD_OUTPUTS_HASH message in json mode
[NX v22.6.2 Daemon Server] - 2026-04-03T04:11:06.266Z - Responding to RECORD_OUTPUTS_HASH message
[NX v22.6.2 Daemon Server] - 2026-04-03T04:11:06.266Z - [REQUEST]: Responding to the client. recordOutputsHash
[NX v22.6.2 Daemon Server] - 2026-04-03T04:11:06.266Z - Done responding to the client recordOutputsHash
[NX v22.6.2 Daemon Server] - 2026-04-03T04:11:06.266Z - Handled json message RECORD_OUTPUTS_HASH. Handling time: 7. Response time: 0.
[NX v22.6.2 Daemon Client] - 2026-04-03T04:11:06.266Z - [Messenger] Received message, length: 2
[NX v22.6.2 Daemon Client] - 2026-04-03T04:11:06.266Z - [Messenger] Sending message type: RECORD_OUTPUTS_HASH
[NX v22.6.2 Daemon Client] - 2026-04-03T04:11:06.266Z - [Messenger] Message sent
[NX v22.6.2 Daemon Server] - 2026-04-03T04:11:06.266Z - Received raw message of length 183
[NX v22.6.2 Daemon Server] - 2026-04-03T04:11:06.267Z - Received json message of type RECORD_OUTPUTS_HASH
[NX v22.6.2 Daemon Server] - 2026-04-03T04:11:06.271Z - Serializing response for RECORD_OUTPUTS_HASH message in json mode
[NX v22.6.2 Daemon Server] - 2026-04-03T04:11:06.271Z - Responding to RECORD_OUTPUTS_HASH message
[NX v22.6.2 Daemon Server] - 2026-04-03T04:11:06.271Z - [REQUEST]: Responding to the client. recordOutputsHash
[NX v22.6.2 Daemon Server] - 2026-04-03T04:11:06.271Z - Done responding to the client recordOutputsHash
[NX v22.6.2 Daemon Server] - 2026-04-03T04:11:06.271Z - Handled json message RECORD_OUTPUTS_HASH. Handling time: 4. Response time: 0.
[NX v22.6.2 Daemon Client] - 2026-04-03T04:11:06.271Z - [Messenger] Received message, length: 2
[NX v22.6.2 Daemon Client] - 2026-04-03T04:11:06.273Z - [Messenger] Sending message type: RECORD_TASK_RUNS
[NX v22.6.2 Daemon Client] - 2026-04-03T04:11:06.273Z - [Messenger] Message sent
[NX v22.6.2 Daemon Server] - 2026-04-03T04:11:06.273Z - Received raw message of length 2589
[NX v22.6.2 Daemon Server] - 2026-04-03T04:11:06.274Z - Received json message of type RECORD_TASK_RUNS
[NX v22.6.2 Daemon Server] - 2026-04-03T04:11:06.274Z - Serializing response for RECORD_TASK_RUNS message in json mode
[NX v22.6.2 Daemon Server] - 2026-04-03T04:11:06.274Z - Responding to RECORD_TASK_RUNS message
[NX v22.6.2 Daemon Server] - 2026-04-03T04:11:06.275Z - [REQUEST]: Responding to the client. handleRecordTaskRuns
[NX v22.6.2 Daemon Server] - 2026-04-03T04:11:06.275Z - Done responding to the client handleRecordTaskRuns
[NX v22.6.2 Daemon Server] - 2026-04-03T04:11:06.275Z - Handled json message RECORD_TASK_RUNS. Handling time: 0. Response time: 1.
[NX v22.6.2 Daemon Client] - 2026-04-03T04:11:06.275Z - [Messenger] Received message, length: 4
[NX v22.6.2 Daemon Client] - 2026-04-03T04:11:06.275Z - [Messenger] Sending message type: GET_FLAKY_TASKS
[NX v22.6.2 Daemon Server] - 2026-04-03T04:11:06.275Z - Received raw message of length 331
[NX v22.6.2 Daemon Server] - 2026-04-03T04:11:06.275Z - Received json message of type GET_FLAKY_TASKS
[NX v22.6.2 Daemon Client] - 2026-04-03T04:11:06.275Z - [Messenger] Message sent
[NX v22.6.2 Daemon Server] - 2026-04-03T04:11:06.275Z - Serializing response for GET_FLAKY_TASKS message in json mode
[NX v22.6.2 Daemon Server] - 2026-04-03T04:11:06.275Z - Responding to GET_FLAKY_TASKS message
[NX v22.6.2 Daemon Server] - 2026-04-03T04:11:06.275Z - [REQUEST]: Responding to the client. handleGetFlakyTasks
[NX v22.6.2 Daemon Server] - 2026-04-03T04:11:06.275Z - Done responding to the client handleGetFlakyTasks
[NX v22.6.2 Daemon Client] - 2026-04-03T04:11:06.275Z - [Messenger] Received message, length: 2
[NX v22.6.2 Daemon Server] - 2026-04-03T04:11:06.275Z - Handled json message GET_FLAKY_TASKS. Handling time: 0. Response time: 0.
[NX v22.6.2 Daemon Server] - 2026-04-03T04:11:09.309Z - Established a connection. Number of open connections: 2
[NX v22.6.2 Daemon Client] - 2026-04-03T04:11:09.309Z - [Messenger] Sending message type: GET_CONFIGURE_AI_AGENTS_STATUS
[NX v22.6.2 Daemon Client] - 2026-04-03T04:11:09.309Z - [Messenger] Message sent
[NX v22.6.2 Daemon Server] - 2026-04-03T04:11:09.309Z - Received raw message of length 41
[NX v22.6.2 Daemon Server] - 2026-04-03T04:11:09.309Z - Received json message of type GET_CONFIGURE_AI_AGENTS_STATUS
[NX v22.6.2 Daemon Server] - 2026-04-03T04:11:09.309Z - [AI-AGENTS]: Returning cached agent configuration status
[NX v22.6.2 Daemon Server] - 2026-04-03T04:11:09.309Z - Serializing response for GET_CONFIGURE_AI_AGENTS_STATUS message in json mode
[NX v22.6.2 Daemon Server] - 2026-04-03T04:11:09.309Z - Responding to GET_CONFIGURE_AI_AGENTS_STATUS message
[NX v22.6.2 Daemon Server] - 2026-04-03T04:11:09.309Z - [REQUEST]: Responding to the client. handleGetConfigureAiAgentsStatus
[NX v22.6.2 Daemon Server] - 2026-04-03T04:11:09.309Z - Done responding to the client handleGetConfigureAiAgentsStatus
[NX v22.6.2 Daemon Server] - 2026-04-03T04:11:09.309Z - Handled json message GET_CONFIGURE_AI_AGENTS_STATUS. Handling time: 0. Response time: 0.
[NX v22.6.2 Daemon Server] - 2026-04-03T04:11:09.309Z - Closed a connection. Number of open connections: 1
[NX v22.6.2 Daemon Client] - 2026-04-03T04:11:09.309Z - [Messenger] Received message, length: 342
[NX v22.6.2 Daemon Client] - 2026-04-03T04:11:09.530Z - [Messenger] Sending message type: POST_TASKS_EXECUTION
[NX v22.6.2 Daemon Client] - 2026-04-03T04:11:09.531Z - [Messenger] Message sent
[NX v22.6.2 Daemon Server] - 2026-04-03T04:11:09.533Z - Received raw message of length 472941
[NX v22.6.2 Daemon Server] - 2026-04-03T04:11:09.535Z - Received json message of type POST_TASKS_EXECUTION
[NX v22.6.2 Daemon Server] - 2026-04-03T04:11:09.535Z - Serializing response for POST_TASKS_EXECUTION message in json mode
[NX v22.6.2 Daemon Server] - 2026-04-03T04:11:09.535Z - Responding to POST_TASKS_EXECUTION message
[NX v22.6.2 Daemon Server] - 2026-04-03T04:11:09.535Z - [REQUEST]: Responding to the client. handleRunPostTasksExecution
[NX v22.6.2 Daemon Server] - 2026-04-03T04:11:09.535Z - Done responding to the client handleRunPostTasksExecution
[NX v22.6.2 Daemon Server] - 2026-04-03T04:11:09.535Z - Handled json message POST_TASKS_EXECUTION. Handling time: 0. Response time: 0.
[NX v22.6.2 Daemon Server] - 2026-04-03T04:11:09.535Z - Time taken for 'postTasksExecution' 0.13016699999570847ms
[NX v22.6.2 Daemon Client] - 2026-04-03T04:11:09.535Z - [Messenger] Received message, length: 4
[NX v22.6.2 Daemon Server] - 2026-04-03T04:11:09.546Z - Closed a connection. Number of open connections: 0
[NX v22.6.2 Daemon Server] - 2026-04-03T04:11:11.650Z - [WATCHER]: Processing file changes in outputs
[NX v22.6.2 Daemon Server] - 2026-04-03T07:11:53.297Z - [WATCHER]: Stopping the watcher for /Users/thilinashashimalsenarath/Documents/thunder/frontend (sources)
[NX v22.6.2 Daemon Server] - 2026-04-03T07:11:53.302Z - [WATCHER]: Stopping the watcher for /Users/thilinashashimalsenarath/Documents/thunder/frontend (outputs)
[NX v22.6.2 Daemon Server] - 2026-04-03T07:11:53.337Z - [LATEST-NX]: Cleaning up latest Nx installation from /private/var/folders/hb/3my_1qdj0w149mpd7vs6mkn80000gn/T/tmp-51285-nP0okCNNOD6a
[NX v22.6.2 Daemon Server] - 2026-04-03T07:11:53.343Z - Server stopped because: "10800000ms of inactivity"
[NX v22.6.2 Daemon Client] - 2026-04-04T02:58:39.736Z - [Client] Starting new daemon server in background
[NX v22.6.2 Daemon Client] - 2026-04-04T02:58:39.739Z - [Client] Waiting for server (max: 6000 attempts, 10ms interval)
[NX v22.6.2 Daemon Server] - 2026-04-04T02:58:40.177Z - New daemon starting from: /Users/thilinashashimalsenarath/Documents/thunder/frontend/node_modules/.pnpm/nx@22.6.2_@swc-node+register@1.11.1_@swc+core@1.15.21_@swc+helpers@0.5.18__@swc+types@0_cee606a162dedb814fdc44e450ef6d9c/node_modules/nx/src/daemon/server/server.js
[NX v22.6.2 Daemon Server] - 2026-04-04T02:58:40.178Z - New daemon __dirname: /Users/thilinashashimalsenarath/Documents/thunder/frontend/node_modules/.pnpm/nx@22.6.2_@swc-node+register@1.11.1_@swc+core@1.15.21_@swc+helpers@0.5.18__@swc+types@0_cee606a162dedb814fdc44e450ef6d9c/node_modules/nx/src/daemon/server
[NX v22.6.2 Daemon Server] - 2026-04-04T02:58:40.178Z - New daemon nxVersion: 22.6.2
[NX v22.6.2 Daemon Server] - 2026-04-04T02:58:40.178Z - New daemon getInstalledNxVersion(): 22.6.2
[NX v22.6.2 Daemon Server] - 2026-04-04T02:58:40.179Z - Time taken for 'workspace context init' 1.1009590000000173ms
[NX v22.6.2 Daemon Server] - 2026-04-04T02:58:40.184Z - [Server] Starting outdated check interval (20ms)
[NX v22.6.2 Daemon Server] - 2026-04-04T02:58:40.186Z - Started listening on: /private/var/folders/hb/3my_1qdj0w149mpd7vs6mkn80000gn/T/927b225d35e495626cbd/d.sock
[NX v22.6.2 Daemon Server] - 2026-04-04T02:58:40.187Z - [WATCHER]: Subscribed to changes within: /Users/thilinashashimalsenarath/Documents/thunder/frontend (native)
[NX v22.6.2 Daemon Server] - 2026-04-04T02:58:40.188Z - [LATEST-NX]: Pulling latest Nx...
Fetching nx...
[NX v22.6.2 Daemon Client] - 2026-04-04T02:58:40.198Z - [Client] Server available after 38 attempts
[NX v22.6.2 Daemon Client] - 2026-04-04T02:58:40.198Z - [Client] Daemon server started, pid=15834
[NX v22.6.2 Daemon Client] - 2026-04-04T02:58:40.199Z - [Messenger] Setting up socket listeners
[NX v22.6.2 Daemon Client] - 2026-04-04T02:58:40.199Z - [Messenger] listen() complete
[NX v22.6.2 Daemon Client] - 2026-04-04T02:58:40.200Z - [Messenger] Sending message type: REQUEST_PROJECT_GRAPH
[NX v22.6.2 Daemon Client] - 2026-04-04T02:58:40.201Z - [Messenger] Message sent
[NX v22.6.2 Daemon Server] - 2026-04-04T02:58:41.625Z - [AI-AGENTS]: Starting agent configuration status computation
[NX v22.6.2 Daemon Server] - 2026-04-04T02:58:41.646Z - Established a connection. Number of open connections: 1
[NX v22.6.2 Daemon Server] - 2026-04-04T02:58:41.646Z - Time taken for 'loadSpecifiedNxPlugins' 11.961540999999897ms
[NX v22.6.2 Daemon Server] - 2026-04-04T02:58:41.655Z - Established a connection. Number of open connections: 2
[NX v22.6.2 Daemon Server] - 2026-04-04T02:58:41.657Z - Closed a connection. Number of open connections: 1
[NX v22.6.2 Daemon Server] - 2026-04-04T02:58:41.659Z - Received raw message of length 32
[NX v22.6.2 Daemon Server] - 2026-04-04T02:58:41.660Z - Received json message of type REQUEST_PROJECT_GRAPH
[NX v22.6.2 Daemon Server] - 2026-04-04T02:58:41.660Z - [REQUEST]: Client Request for Project Graph Received
Time taken for 'plugin worker 15852 code loading' 269.518375ms
[NX v22.6.2 Daemon Server] - 2026-04-04T02:58:42.038Z - Time taken for 'start-plugin-worker:/Users/thilinashashimalsenarath/Documents/thunder/frontend/node_modules/.pnpm/nx@22.6.2_@swc-node+register@1.11.1_@swc+core@1.15.21_@swc+helpers@0.5.18__@swc+types@0_cee606a162dedb814fdc44e450ef6d9c/node_modules/nx/src/plugins/package-json' 401.50691699999993ms
Time taken for 'plugin worker 15851 code loading' 303.78983400000004ms
Time taken for 'plugin worker 15853 code loading' 305.57820799999996ms
[NX v22.6.2 Daemon Server] - 2026-04-04T02:58:42.048Z - Time taken for 'start-plugin-worker:/Users/thilinashashimalsenarath/Documents/thunder/frontend/node_modules/.pnpm/nx@22.6.2_@swc-node+register@1.11.1_@swc+core@1.15.21_@swc+helpers@0.5.18__@swc+types@0_cee606a162dedb814fdc44e450ef6d9c/node_modules/nx/src/plugins/js' 414.2729999999999ms
[NX v22.6.2 Daemon Server] - 2026-04-04T02:58:42.048Z - Time taken for 'start-plugin-worker:/Users/thilinashashimalsenarath/Documents/thunder/frontend/node_modules/.pnpm/nx@22.6.2_@swc-node+register@1.11.1_@swc+core@1.15.21_@swc+helpers@0.5.18__@swc+types@0_cee606a162dedb814fdc44e450ef6d9c/node_modules/nx/src/plugins/project-json/build-nodes/project-json' 408.001ms
[NX v22.6.2 Daemon Server] - 2026-04-04T02:58:42.388Z - Time taken for 'Load Nx Plugin: /Users/thilinashashimalsenarath/Documents/thunder/frontend/node_modules/.pnpm/nx@22.6.2_@swc-node+register@1.11.1_@swc+core@1.15.21_@swc+helpers@0.5.18__@swc+types@0_cee606a162dedb814fdc44e450ef6d9c/node_modules/nx/src/plugins/project-json/build-nodes/project-json' 755.5026250000001ms
[NX v22.6.2 Daemon Server] - 2026-04-04T02:58:42.393Z - Time taken for 'Load Nx Plugin: /Users/thilinashashimalsenarath/Documents/thunder/frontend/node_modules/.pnpm/nx@22.6.2_@swc-node+register@1.11.1_@swc+core@1.15.21_@swc+helpers@0.5.18__@swc+types@0_cee606a162dedb814fdc44e450ef6d9c/node_modules/nx/src/plugins/package-json' 760.801541ms
[NX v22.6.2 Daemon Server] - 2026-04-04T02:59:02.195Z - [REQUEST]: Updated workspace context based on watched changes, recomputing project graph...
[NX v22.6.2 Daemon Server] - 2026-04-04T02:59:02.196Z - [REQUEST]: 
[NX v22.6.2 Daemon Server] - 2026-04-04T02:59:02.196Z - [REQUEST]: 
[NX v22.6.2 Daemon Server] - 2026-04-04T02:59:02.249Z - Reusing in-memory cached project graph because no files changed.
[NX v22.6.2 Daemon Server] - 2026-04-04T02:59:02.253Z - Time taken for 'loadDefaultNxPlugins' 791.8912919999998ms
[NX v22.6.2 Daemon Server] - 2026-04-04T02:59:02.253Z - Time taken for 'Load Nx Plugin: /Users/thilinashashimalsenarath/Documents/thunder/frontend/node_modules/.pnpm/nx@22.6.2_@swc-node+register@1.11.1_@swc+core@1.15.21_@swc+helpers@0.5.18__@swc+types@0_cee606a162dedb814fdc44e450ef6d9c/node_modules/nx/src/plugins/js' 791.6461670000001ms
[NX v22.6.2 Daemon Server] - 2026-04-04T02:59:02.253Z - Time taken for 'hash changed files from watcher' 19775.019875ms
[NX v22.6.2 Daemon Server] - 2026-04-04T02:59:02.256Z - [LATEST-NX]: Successfully pulled latest Nx to /private/var/folders/hb/3my_1qdj0w149mpd7vs6mkn80000gn/T/tmp-15834-gj2taYkzPEws
[NX v22.6.4 Daemon Server] - 2026-04-04T02:59:02.652Z - [NX-CONSOLE]: Using local implementation (NX_USE_LOCAL=true or inner call)
DEBUG nx::native::ide::install: Detected editor: Unknown
Time taken for 'nx/js/dependencies-and-lockfile:createNodes' 93.55408299999908ms
[NX v22.6.2 Daemon Server] - 2026-04-04T02:59:02.654Z - [NX-CONSOLE]: Console status check completed, shouldPrompt: false
Time taken for 'nx/core/package-json:createNodes' 792.1946250000001ms
[NX v22.6.2 Daemon Server] - 2026-04-04T02:59:04.022Z - Time taken for 'build-project-configs' 823.6628750000018ms
[NX v22.6.2 Daemon Server] - 2026-04-04T02:59:04.022Z - Time taken for 'createNodes:merge' 12.957499999996799ms
[NX v22.6.2 Daemon Server] - 2026-04-04T02:59:04.022Z - Time taken for 'native-file-deps' 0.013624999999592546ms
[NX v22.6.2 Daemon Server] - 2026-04-04T02:59:04.022Z - Time taken for 'get-workspace-files' 256.52349999999933ms
[NX v22.6.2 Daemon Server] - 2026-04-04T02:59:04.022Z - Time taken for 'get-all-workspace-files' 10.436291999998502ms
[NX v22.6.2 Daemon Server] - 2026-04-04T02:59:04.022Z - Time taken for 'read cache' 214.23520799999824ms
DEBUG nx::native::ide::install: Editor command 'code' is installed
DEBUG nx::native::ide::install: Editor command 'code-insiders' not found
DEBUG nx::native::ide::install: Checking if Nx Console extension is installed with: code --list-extensions
Time taken for 'build typescript dependencies' 164.6430419999997ms
[NX v22.6.2 Daemon Server] - 2026-04-04T02:59:04.762Z - [SYNC]: collect registered sync generators
[NX v22.6.2 Daemon Server] - 2026-04-04T02:59:04.871Z - Wrote project graph cache to /Users/thilinashashimalsenarath/Documents/thunder/frontend/.nx/workspace-data/project-graph.json
[NX v22.6.2 Daemon Server] - 2026-04-04T02:59:04.871Z - Serializing response for REQUEST_PROJECT_GRAPH message in json mode
[NX v22.6.2 Daemon Server] - 2026-04-04T02:59:04.871Z - Responding to REQUEST_PROJECT_GRAPH message
[NX v22.6.2 Daemon Server] - 2026-04-04T02:59:04.871Z - [REQUEST]: Responding to the client. project-graph
[NX v22.6.2 Daemon Server] - 2026-04-04T02:59:04.875Z - Time taken for 'total for creating and serializing project graph' 23211.048625ms
[NX v22.6.2 Daemon Server] - 2026-04-04T02:59:04.875Z - Time taken for 'total execution time for createProjectGraph()' 1395.5320830000019ms
[NX v22.6.2 Daemon Server] - 2026-04-04T02:59:04.875Z - Time taken for 'createDependencies' 1103.955332999998ms
[NX v22.6.2 Daemon Server] - 2026-04-04T02:59:04.875Z - Time taken for 'nx/js/dependencies-and-lockfile:createDependencies' 1103.6311249999999ms
[NX v22.6.2 Daemon Server] - 2026-04-04T02:59:04.875Z - Time taken for 'createMetadata' 0.03954199999861885ms
[NX v22.6.2 Daemon Server] - 2026-04-04T02:59:04.875Z - Time taken for 'serialize graph' 3.9807499999988067ms
[NX v22.6.2 Daemon Server] - 2026-04-04T02:59:04.875Z - Time taken for 'write cache' 107.60254200000054ms
[NX v22.6.2 Daemon Server] - 2026-04-04T02:59:04.897Z - Done responding to the client project-graph
[NX v22.6.2 Daemon Server] - 2026-04-04T02:59:04.898Z - Handled json message REQUEST_PROJECT_GRAPH. Handling time: 23211. Response time: 27.
[NX v22.6.2 Daemon Client] - 2026-04-04T02:59:04.900Z - [Messenger] Received message, length: 1243918
DEBUG nx::native::ide::install: Nx Console extension is not installed
DEBUG nx::native::ide::install: Editor command 'cursor' not found
DEBUG nx::native::ide::install: Checking if Nx Console extension is installed with: cursor --list-extensions
[NX v22.6.2 Daemon Client] - 2026-04-04T02:59:04.908Z - [Messenger] Sending message type: PRE_TASKS_EXECUTION
[NX v22.6.2 Daemon Client] - 2026-04-04T02:59:04.908Z - [Messenger] Message sent
[NX v22.6.2 Daemon Server] - 2026-04-04T02:59:04.909Z - Received raw message of length 742
[NX v22.6.2 Daemon Server] - 2026-04-04T02:59:04.909Z - Received json message of type PRE_TASKS_EXECUTION
[NX v22.6.2 Daemon Server] - 2026-04-04T02:59:04.910Z - Serializing response for PRE_TASKS_EXECUTION message in json mode
[NX v22.6.2 Daemon Server] - 2026-04-04T02:59:04.910Z - Responding to PRE_TASKS_EXECUTION message
[NX v22.6.2 Daemon Server] - 2026-04-04T02:59:04.910Z - [REQUEST]: Responding to the client. handleRunPreTasksExecution
[NX v22.6.2 Daemon Server] - 2026-04-04T02:59:04.910Z - Done responding to the client handleRunPreTasksExecution
[NX v22.6.2 Daemon Server] - 2026-04-04T02:59:04.910Z - Handled json message PRE_TASKS_EXECUTION. Handling time: 1. Response time: 0.
[NX v22.6.2 Daemon Server] - 2026-04-04T02:59:04.910Z - Time taken for 'preTasksExecution' 0.5755829999980051ms
[NX v22.6.2 Daemon Client] - 2026-04-04T02:59:04.910Z - [Messenger] Received message, length: 2
DEBUG nx::native::ide::install: Command 'cursor' not found, cannot check extension status
[NX v22.6.2 Daemon Server] - 2026-04-04T02:59:04.912Z - [AI-AGENTS]: Agent configuration status computation completed: 0 fully configured, 0 outdated, 0 partially configured, 5 non-configured
[NX v22.6.2 Daemon Client] - 2026-04-04T02:59:05.619Z - [Messenger] Sending message type: HASH_TASKS
[NX v22.6.2 Daemon Client] - 2026-04-04T02:59:05.619Z - [Messenger] Message sent
[NX v22.6.2 Daemon Server] - 2026-04-04T02:59:05.621Z - Received raw message of length 21710
[NX v22.6.2 Daemon Server] - 2026-04-04T02:59:05.622Z - Received json message of type HASH_TASKS
[NX v22.6.2 Daemon Server] - 2026-04-04T02:59:05.622Z - Reusing in-memory cached project graph because no files changed.
DEBUG nx::native::tasks::hash_planner: get_plans_internal COMPLETED in 12.408917ms - processed 13 tasks (setup: 7.455083ms, parallel_planning: 4.943041ms)
DEBUG nx::native::tasks::hashers::hash_workspace_files: Hashing workspace fileset with inputs: Adding "11270979969866030128" (".gitignore") to hash
DEBUG nx::native::tasks::hashers::hash_workspace_files: Hashing workspace fileset with inputs: Adding "11270979969866030128" (".gitignore") to hash
DEBUG nx::native::tasks::hashers::hash_workspace_files: Hashing workspace fileset with inputs: Adding "11270979969866030128" (".gitignore") to hash
DEBUG nx::native::tasks::hashers::hash_workspace_files: Hashing workspace fileset with inputs: Adding "11270979969866030128" (".gitignore") to hash
DEBUG nx::native::tasks::hashers::hash_workspace_files: Hashing workspace fileset with inputs: Adding "11270979969866030128" (".gitignore") to hash
DEBUG nx::native::tasks::hashers::hash_workspace_files: Hashing workspace fileset with inputs: Adding "11270979969866030128" (".gitignore") to hash
DEBUG nx::native::tasks::hashers::hash_workspace_files: Hashing workspace fileset with inputs: Adding "11270979969866030128" (".gitignore") to hash
DEBUG nx::native::tasks::hashers::hash_workspace_files: Hashing workspace fileset with inputs: Adding "11270979969866030128" (".gitignore") to hash
DEBUG nx::native::tasks::hashers::hash_workspace_files: Hashing workspace fileset with inputs: Adding "3553820021084211887" ("nx.json") to hash
DEBUG nx::native::tasks::hashers::hash_workspace_files: Hashing workspace fileset with inputs: Hash Value: "10665259820010788507"
DEBUG nx::native::tasks::hashers::hash_workspace_files: Hashing workspace fileset with inputs: Adding "3553820021084211887" ("nx.json") to hash
DEBUG nx::native::tasks::hashers::hash_workspace_files: Hashing workspace fileset with inputs: Hash Value: "10665259820010788507"
DEBUG nx::native::tasks::hashers::hash_workspace_files: Hashing workspace fileset with inputs: Adding "3553820021084211887" ("nx.json") to hash
DEBUG nx::native::tasks::hashers::hash_workspace_files: Hashing workspace fileset with inputs: Hash Value: "10665259820010788507"
DEBUG nx::native::tasks::hashers::hash_workspace_files: Hashing workspace fileset with inputs: Adding "3553820021084211887" ("nx.json") to hash
DEBUG nx::native::tasks::hashers::hash_workspace_files: Hashing workspace fileset with inputs: Hash Value: "10665259820010788507"
DEBUG nx::native::tasks::hashers::hash_workspace_files: Hashing workspace fileset with inputs: Adding "3553820021084211887" ("nx.json") to hash
DEBUG nx::native::tasks::hashers::hash_workspace_files: Hashing workspace fileset with inputs: Hash Value: "10665259820010788507"
DEBUG nx::native::tasks::hashers::hash_workspace_files: Hashing workspace fileset with inputs: Adding "3553820021084211887" ("nx.json") to hash
DEBUG nx::native::tasks::hashers::hash_workspace_files: Hashing workspace fileset with inputs: Hash Value: "10665259820010788507"
DEBUG nx::native::tasks::hashers::hash_workspace_files: Hashing workspace fileset with inputs: Adding "3553820021084211887" ("nx.json") to hash
DEBUG nx::native::tasks::hashers::hash_workspace_files: Hashing workspace fileset with inputs: Hash Value: "10665259820010788507"
DEBUG nx::native::tasks::hashers::hash_workspace_files: Hashing workspace fileset with inputs: Adding "3553820021084211887" ("nx.json") to hash
DEBUG nx::native::tasks::hashers::hash_workspace_files: Hashing workspace fileset with inputs: Hash Value: "10665259820010788507"
DEBUG nx::native::tasks::task_hasher: hash_plans COMPLETED in 65.705625ms - processed 13 plans (setup: 2.0955ms, hashing: 63.606083ms, assembly: 8.495958ms)
[NX v22.6.2 Daemon Server] - 2026-04-04T02:59:05.713Z - Serializing response for HASH_TASKS message in json mode
[NX v22.6.2 Daemon Server] - 2026-04-04T02:59:05.715Z - Responding to HASH_TASKS message
[NX v22.6.2 Daemon Server] - 2026-04-04T02:59:05.715Z - [REQUEST]: Responding to the client. handleHashTasks
[NX v22.6.2 Daemon Server] - 2026-04-04T02:59:05.717Z - Done responding to the client handleHashTasks
[NX v22.6.2 Daemon Server] - 2026-04-04T02:59:05.717Z - Handled json message HASH_TASKS. Handling time: 91. Response time: 4.
[NX v22.6.2 Daemon Client] - 2026-04-04T02:59:05.718Z - [Messenger] Received message, length: 447051
[NX v22.6.2 Daemon Client] - 2026-04-04T02:59:05.802Z - [Messenger] Sending message type: GET_ESTIMATED_TASK_TIMINGS
[NX v22.6.2 Daemon Client] - 2026-04-04T02:59:05.802Z - [Messenger] Message sent
[NX v22.6.2 Daemon Server] - 2026-04-04T02:59:05.802Z - Received raw message of length 705
[NX v22.6.2 Daemon Server] - 2026-04-04T02:59:05.802Z - Received json message of type GET_ESTIMATED_TASK_TIMINGS
[NX v22.6.2 Daemon Server] - 2026-04-04T02:59:06.011Z - Serializing response for GET_ESTIMATED_TASK_TIMINGS message in json mode
[NX v22.6.2 Daemon Server] - 2026-04-04T02:59:06.011Z - Responding to GET_ESTIMATED_TASK_TIMINGS message
[NX v22.6.2 Daemon Server] - 2026-04-04T02:59:06.011Z - [REQUEST]: Responding to the client. handleGetEstimatedTaskTimings
[NX v22.6.2 Daemon Server] - 2026-04-04T02:59:06.011Z - Done responding to the client handleGetEstimatedTaskTimings
[NX v22.6.2 Daemon Server] - 2026-04-04T02:59:06.011Z - Handled json message GET_ESTIMATED_TASK_TIMINGS. Handling time: 209. Response time: 0.
[NX v22.6.2 Daemon Client] - 2026-04-04T02:59:06.011Z - [Messenger] Received message, length: 434
[NX v22.6.2 Daemon Server] - 2026-04-04T02:59:08.615Z - [WATCHER]: Processing file changes in outputs
[NX v22.6.2 Daemon Server] - 2026-04-04T02:59:08.689Z - [WATCHER]: Processing file changes in outputs
[NX v22.6.2 Daemon Server] - 2026-04-04T02:59:09.894Z - [WATCHER]: Processing file changes in outputs
[NX v22.6.2 Daemon Client] - 2026-04-04T02:59:11.032Z - [Messenger] Sending message type: RECORD_OUTPUTS_HASH
[NX v22.6.2 Daemon Client] - 2026-04-04T02:59:11.033Z - [Messenger] Message sent
[NX v22.6.2 Daemon Server] - 2026-04-04T02:59:11.033Z - Received raw message of length 244
[NX v22.6.2 Daemon Server] - 2026-04-04T02:59:11.033Z - Received json message of type RECORD_OUTPUTS_HASH
[NX v22.6.2 Daemon Server] - 2026-04-04T02:59:11.036Z - Serializing response for RECORD_OUTPUTS_HASH message in json mode
[NX v22.6.2 Daemon Server] - 2026-04-04T02:59:11.036Z - Responding to RECORD_OUTPUTS_HASH message
[NX v22.6.2 Daemon Server] - 2026-04-04T02:59:11.036Z - [REQUEST]: Responding to the client. recordOutputsHash
[NX v22.6.2 Daemon Server] - 2026-04-04T02:59:11.036Z - Done responding to the client recordOutputsHash
[NX v22.6.2 Daemon Server] - 2026-04-04T02:59:11.036Z - Handled json message RECORD_OUTPUTS_HASH. Handling time: 3. Response time: 0.
[NX v22.6.2 Daemon Client] - 2026-04-04T02:59:11.036Z - [Messenger] Received message, length: 2
[NX v22.6.2 Daemon Server] - 2026-04-04T02:59:11.058Z - [WATCHER]: Processing file changes in outputs
[NX v22.6.2 Daemon Client] - 2026-04-04T02:59:11.614Z - [Messenger] Sending message type: RECORD_OUTPUTS_HASH
[NX v22.6.2 Daemon Client] - 2026-04-04T02:59:11.614Z - [Messenger] Message sent
[NX v22.6.2 Daemon Server] - 2026-04-04T02:59:11.614Z - Received raw message of length 236
[NX v22.6.2 Daemon Server] - 2026-04-04T02:59:11.614Z - Received json message of type RECORD_OUTPUTS_HASH
[NX v22.6.2 Daemon Server] - 2026-04-04T02:59:11.617Z - Serializing response for RECORD_OUTPUTS_HASH message in json mode
[NX v22.6.2 Daemon Server] - 2026-04-04T02:59:11.617Z - Responding to RECORD_OUTPUTS_HASH message
[NX v22.6.2 Daemon Server] - 2026-04-04T02:59:11.617Z - [REQUEST]: Responding to the client. recordOutputsHash
[NX v22.6.2 Daemon Server] - 2026-04-04T02:59:11.617Z - Done responding to the client recordOutputsHash
[NX v22.6.2 Daemon Server] - 2026-04-04T02:59:11.617Z - Handled json message RECORD_OUTPUTS_HASH. Handling time: 3. Response time: 0.
[NX v22.6.2 Daemon Client] - 2026-04-04T02:59:11.617Z - [Messenger] Received message, length: 2
[NX v22.6.2 Daemon Server] - 2026-04-04T02:59:11.634Z - [WATCHER]: Processing file changes in outputs
[NX v22.6.2 Daemon Server] - 2026-04-04T02:59:11.688Z - [WATCHER]: Processing file changes in outputs
[NX v22.6.2 Daemon Server] - 2026-04-04T02:59:13.823Z - [WATCHER]: Processing file changes in outputs
[NX v22.6.2 Daemon Server] - 2026-04-04T02:59:13.915Z - [WATCHER]: Processing file changes in outputs
[NX v22.6.2 Daemon Server] - 2026-04-04T02:59:14.103Z - [WATCHER]: Processing file changes in outputs
[NX v22.6.2 Daemon Server] - 2026-04-04T02:59:14.338Z - [WATCHER]: Processing file changes in outputs
[NX v22.6.2 Daemon Server] - 2026-04-04T02:59:15.263Z - [WATCHER]: Processing file changes in outputs
[NX v22.6.2 Daemon Client] - 2026-04-04T02:59:15.267Z - [Messenger] Sending message type: RECORD_OUTPUTS_HASH
[NX v22.6.2 Daemon Client] - 2026-04-04T02:59:15.267Z - [Messenger] Message sent
[NX v22.6.2 Daemon Server] - 2026-04-04T02:59:15.267Z - Received raw message of length 207
[NX v22.6.2 Daemon Server] - 2026-04-04T02:59:15.267Z - Received json message of type RECORD_OUTPUTS_HASH
[NX v22.6.2 Daemon Server] - 2026-04-04T02:59:15.270Z - Serializing response for RECORD_OUTPUTS_HASH message in json mode
[NX v22.6.2 Daemon Server] - 2026-04-04T02:59:15.270Z - Responding to RECORD_OUTPUTS_HASH message
[NX v22.6.2 Daemon Server] - 2026-04-04T02:59:15.270Z - [REQUEST]: Responding to the client. recordOutputsHash
[NX v22.6.2 Daemon Server] - 2026-04-04T02:59:15.270Z - Done responding to the client recordOutputsHash
[NX v22.6.2 Daemon Server] - 2026-04-04T02:59:15.270Z - Handled json message RECORD_OUTPUTS_HASH. Handling time: 2. Response time: 0.
[NX v22.6.2 Daemon Client] - 2026-04-04T02:59:15.270Z - [Messenger] Received message, length: 2
[NX v22.6.2 Daemon Server] - 2026-04-04T02:59:15.324Z - [WATCHER]: Processing file changes in outputs
[NX v22.6.2 Daemon Server] - 2026-04-04T02:59:16.490Z - [WATCHER]: Processing file changes in outputs
[NX v22.6.2 Daemon Client] - 2026-04-04T02:59:16.533Z - [Messenger] Sending message type: RECORD_OUTPUTS_HASH
[NX v22.6.2 Daemon Server] - 2026-04-04T02:59:16.534Z - Received raw message of length 243
[NX v22.6.2 Daemon Client] - 2026-04-04T02:59:16.534Z - [Messenger] Message sent
[NX v22.6.2 Daemon Server] - 2026-04-04T02:59:16.534Z - Received json message of type RECORD_OUTPUTS_HASH
[NX v22.6.2 Daemon Server] - 2026-04-04T02:59:16.536Z - Serializing response for RECORD_OUTPUTS_HASH message in json mode
[NX v22.6.2 Daemon Server] - 2026-04-04T02:59:16.536Z - Responding to RECORD_OUTPUTS_HASH message
[NX v22.6.2 Daemon Server] - 2026-04-04T02:59:16.536Z - [REQUEST]: Responding to the client. recordOutputsHash
[NX v22.6.2 Daemon Server] - 2026-04-04T02:59:16.536Z - Done responding to the client recordOutputsHash
[NX v22.6.2 Daemon Server] - 2026-04-04T02:59:16.536Z - Handled json message RECORD_OUTPUTS_HASH. Handling time: 2. Response time: 0.
[NX v22.6.2 Daemon Client] - 2026-04-04T02:59:16.536Z - [Messenger] Received message, length: 2
[NX v22.6.2 Daemon Server] - 2026-04-04T02:59:16.561Z - [WATCHER]: Processing file changes in outputs
[NX v22.6.2 Daemon Server] - 2026-04-04T02:59:18.936Z - [WATCHER]: Processing file changes in outputs
[NX v22.6.2 Daemon Client] - 2026-04-04T02:59:19.237Z - [Messenger] Sending message type: RECORD_OUTPUTS_HASH
[NX v22.6.2 Daemon Client] - 2026-04-04T02:59:19.237Z - [Messenger] Message sent
[NX v22.6.2 Daemon Server] - 2026-04-04T02:59:19.237Z - Received raw message of length 200
[NX v22.6.2 Daemon Server] - 2026-04-04T02:59:19.238Z - Received json message of type RECORD_OUTPUTS_HASH
[NX v22.6.2 Daemon Server] - 2026-04-04T02:59:19.240Z - Serializing response for RECORD_OUTPUTS_HASH message in json mode
[NX v22.6.2 Daemon Server] - 2026-04-04T02:59:19.240Z - Responding to RECORD_OUTPUTS_HASH message
[NX v22.6.2 Daemon Server] - 2026-04-04T02:59:19.240Z - [REQUEST]: Responding to the client. recordOutputsHash
[NX v22.6.2 Daemon Server] - 2026-04-04T02:59:19.240Z - Done responding to the client recordOutputsHash
[NX v22.6.2 Daemon Server] - 2026-04-04T02:59:19.240Z - Handled json message RECORD_OUTPUTS_HASH. Handling time: 2. Response time: 0.
[NX v22.6.2 Daemon Client] - 2026-04-04T02:59:19.240Z - [Messenger] Received message, length: 2
[NX v22.6.2 Daemon Server] - 2026-04-04T02:59:19.262Z - [WATCHER]: Processing file changes in outputs
[NX v22.6.2 Daemon Server] - 2026-04-04T02:59:20.856Z - [WATCHER]: Processing file changes in outputs
[NX v22.6.2 Daemon Server] - 2026-04-04T02:59:21.110Z - [WATCHER]: Processing file changes in outputs
[NX v22.6.2 Daemon Client] - 2026-04-04T02:59:23.068Z - [Messenger] Sending message type: RECORD_OUTPUTS_HASH
[NX v22.6.2 Daemon Client] - 2026-04-04T02:59:23.069Z - [Messenger] Message sent
[NX v22.6.2 Daemon Server] - 2026-04-04T02:59:23.069Z - Received raw message of length 223
[NX v22.6.2 Daemon Server] - 2026-04-04T02:59:23.069Z - Received json message of type RECORD_OUTPUTS_HASH
[NX v22.6.2 Daemon Server] - 2026-04-04T02:59:23.072Z - Serializing response for RECORD_OUTPUTS_HASH message in json mode
[NX v22.6.2 Daemon Server] - 2026-04-04T02:59:23.072Z - Responding to RECORD_OUTPUTS_HASH message
[NX v22.6.2 Daemon Server] - 2026-04-04T02:59:23.072Z - [REQUEST]: Responding to the client. recordOutputsHash
[NX v22.6.2 Daemon Server] - 2026-04-04T02:59:23.072Z - Done responding to the client recordOutputsHash
[NX v22.6.2 Daemon Server] - 2026-04-04T02:59:23.072Z - Handled json message RECORD_OUTPUTS_HASH. Handling time: 3. Response time: 0.
[NX v22.6.2 Daemon Client] - 2026-04-04T02:59:23.073Z - [Messenger] Received message, length: 2
[NX v22.6.2 Daemon Server] - 2026-04-04T02:59:23.091Z - [WATCHER]: Processing file changes in outputs
[NX v22.6.2 Daemon Server] - 2026-04-04T02:59:23.144Z - [WATCHER]: Processing file changes in outputs
[NX v22.6.2 Daemon Server] - 2026-04-04T02:59:26.497Z - [WATCHER]: Processing file changes in outputs
[NX v22.6.2 Daemon Server] - 2026-04-04T02:59:26.667Z - [WATCHER]: Processing file changes in outputs
[NX v22.6.2 Daemon Server] - 2026-04-04T02:59:26.857Z - [WATCHER]: Processing file changes in outputs
[NX v22.6.2 Daemon Server] - 2026-04-04T02:59:26.985Z - [WATCHER]: Processing file changes in outputs
[NX v22.6.2 Daemon Client] - 2026-04-04T02:59:27.639Z - [Messenger] Sending message type: RECORD_OUTPUTS_HASH
[NX v22.6.2 Daemon Client] - 2026-04-04T02:59:27.639Z - [Messenger] Message sent
[NX v22.6.2 Daemon Server] - 2026-04-04T02:59:27.639Z - Received raw message of length 204
[NX v22.6.2 Daemon Server] - 2026-04-04T02:59:27.639Z - Received json message of type RECORD_OUTPUTS_HASH
[NX v22.6.2 Daemon Server] - 2026-04-04T02:59:27.642Z - Serializing response for RECORD_OUTPUTS_HASH message in json mode
[NX v22.6.2 Daemon Server] - 2026-04-04T02:59:27.642Z - Responding to RECORD_OUTPUTS_HASH message
[NX v22.6.2 Daemon Server] - 2026-04-04T02:59:27.642Z - [REQUEST]: Responding to the client. recordOutputsHash
[NX v22.6.2 Daemon Server] - 2026-04-04T02:59:27.642Z - Done responding to the client recordOutputsHash
[NX v22.6.2 Daemon Server] - 2026-04-04T02:59:27.642Z - Handled json message RECORD_OUTPUTS_HASH. Handling time: 3. Response time: 0.
[NX v22.6.2 Daemon Client] - 2026-04-04T02:59:27.642Z - [Messenger] Received message, length: 2
[NX v22.6.2 Daemon Server] - 2026-04-04T02:59:27.667Z - [WATCHER]: Processing file changes in outputs
[NX v22.6.2 Daemon Server] - 2026-04-04T02:59:27.785Z - [WATCHER]: Processing file changes in outputs
[NX v22.6.2 Daemon Client] - 2026-04-04T02:59:27.846Z - [Messenger] Sending message type: RECORD_OUTPUTS_HASH
[NX v22.6.2 Daemon Client] - 2026-04-04T02:59:27.846Z - [Messenger] Message sent
[NX v22.6.2 Daemon Server] - 2026-04-04T02:59:27.846Z - Received raw message of length 207
[NX v22.6.2 Daemon Server] - 2026-04-04T02:59:27.846Z - Received json message of type RECORD_OUTPUTS_HASH
[NX v22.6.2 Daemon Server] - 2026-04-04T02:59:27.850Z - Serializing response for RECORD_OUTPUTS_HASH message in json mode
[NX v22.6.2 Daemon Server] - 2026-04-04T02:59:27.850Z - Responding to RECORD_OUTPUTS_HASH message
[NX v22.6.2 Daemon Server] - 2026-04-04T02:59:27.850Z - [REQUEST]: Responding to the client. recordOutputsHash
[NX v22.6.2 Daemon Server] - 2026-04-04T02:59:27.850Z - Done responding to the client recordOutputsHash
[NX v22.6.2 Daemon Server] - 2026-04-04T02:59:27.850Z - Handled json message RECORD_OUTPUTS_HASH. Handling time: 4. Response time: 0.
[NX v22.6.2 Daemon Client] - 2026-04-04T02:59:27.850Z - [Messenger] Received message, length: 2
[NX v22.6.2 Daemon Server] - 2026-04-04T02:59:27.853Z - [WATCHER]: Processing file changes in outputs
[NX v22.6.2 Daemon Server] - 2026-04-04T02:59:27.916Z - [WATCHER]: Processing file changes in outputs
[NX v22.6.2 Daemon Server] - 2026-04-04T02:59:29.720Z - [WATCHER]: Processing file changes in outputs
[NX v22.6.2 Daemon Server] - 2026-04-04T02:59:30.311Z - [WATCHER]: Processing file changes in outputs
[NX v22.6.2 Daemon Client] - 2026-04-04T02:59:31.276Z - [Messenger] Sending message type: RECORD_OUTPUTS_HASH
[NX v22.6.2 Daemon Client] - 2026-04-04T02:59:31.277Z - [Messenger] Message sent
[NX v22.6.2 Daemon Server] - 2026-04-04T02:59:31.277Z - Received raw message of length 203
[NX v22.6.2 Daemon Server] - 2026-04-04T02:59:31.277Z - Received json message of type RECORD_OUTPUTS_HASH
[NX v22.6.2 Daemon Server] - 2026-04-04T02:59:31.280Z - Serializing response for RECORD_OUTPUTS_HASH message in json mode
[NX v22.6.2 Daemon Server] - 2026-04-04T02:59:31.280Z - Responding to RECORD_OUTPUTS_HASH message
[NX v22.6.2 Daemon Server] - 2026-04-04T02:59:31.280Z - [REQUEST]: Responding to the client. recordOutputsHash
[NX v22.6.2 Daemon Server] - 2026-04-04T02:59:31.280Z - Done responding to the client recordOutputsHash
[NX v22.6.2 Daemon Server] - 2026-04-04T02:59:31.280Z - Handled json message RECORD_OUTPUTS_HASH. Handling time: 3. Response time: 0.
[NX v22.6.2 Daemon Client] - 2026-04-04T02:59:31.280Z - [Messenger] Received message, length: 2
[NX v22.6.2 Daemon Server] - 2026-04-04T02:59:31.300Z - [WATCHER]: Processing file changes in outputs
[NX v22.6.2 Daemon Server] - 2026-04-04T02:59:34.225Z - [WATCHER]: Processing file changes in outputs
[NX v22.6.2 Daemon Server] - 2026-04-04T02:59:34.315Z - [WATCHER]: Processing file changes in outputs
[NX v22.6.2 Daemon Server] - 2026-04-04T02:59:34.503Z - [WATCHER]: Processing file changes in outputs
[NX v22.6.2 Daemon Server] - 2026-04-04T02:59:34.738Z - [WATCHER]: Processing file changes in outputs
[NX v22.6.2 Daemon Client] - 2026-04-04T02:59:35.721Z - [Messenger] Sending message type: RECORD_OUTPUTS_HASH
[NX v22.6.2 Daemon Client] - 2026-04-04T02:59:35.721Z - [Messenger] Message sent
[NX v22.6.2 Daemon Server] - 2026-04-04T02:59:35.721Z - Received raw message of length 231
[NX v22.6.2 Daemon Server] - 2026-04-04T02:59:35.721Z - Received json message of type RECORD_OUTPUTS_HASH
[NX v22.6.2 Daemon Server] - 2026-04-04T02:59:35.725Z - Serializing response for RECORD_OUTPUTS_HASH message in json mode
[NX v22.6.2 Daemon Server] - 2026-04-04T02:59:35.725Z - Responding to RECORD_OUTPUTS_HASH message
[NX v22.6.2 Daemon Server] - 2026-04-04T02:59:35.725Z - [REQUEST]: Responding to the client. recordOutputsHash
[NX v22.6.2 Daemon Server] - 2026-04-04T02:59:35.725Z - Done responding to the client recordOutputsHash
[NX v22.6.2 Daemon Server] - 2026-04-04T02:59:35.725Z - Handled json message RECORD_OUTPUTS_HASH. Handling time: 4. Response time: 0.
[NX v22.6.2 Daemon Client] - 2026-04-04T02:59:35.725Z - [Messenger] Received message, length: 2
[NX v22.6.2 Daemon Server] - 2026-04-04T02:59:35.744Z - [WATCHER]: Processing file changes in outputs
[NX v22.6.2 Daemon Server] - 2026-04-04T02:59:38.159Z - [WATCHER]: Processing file changes in outputs
[NX v22.6.2 Daemon Client] - 2026-04-04T02:59:38.202Z - [Messenger] Sending message type: RECORD_OUTPUTS_HASH
[NX v22.6.2 Daemon Client] - 2026-04-04T02:59:38.203Z - [Messenger] Message sent
[NX v22.6.2 Daemon Server] - 2026-04-04T02:59:38.203Z - Received raw message of length 236
[NX v22.6.2 Daemon Server] - 2026-04-04T02:59:38.203Z - Received json message of type RECORD_OUTPUTS_HASH
[NX v22.6.2 Daemon Server] - 2026-04-04T02:59:38.205Z - Serializing response for RECORD_OUTPUTS_HASH message in json mode
[NX v22.6.2 Daemon Server] - 2026-04-04T02:59:38.205Z - Responding to RECORD_OUTPUTS_HASH message
[NX v22.6.2 Daemon Server] - 2026-04-04T02:59:38.205Z - [REQUEST]: Responding to the client. recordOutputsHash
[NX v22.6.2 Daemon Server] - 2026-04-04T02:59:38.205Z - Done responding to the client recordOutputsHash
[NX v22.6.2 Daemon Server] - 2026-04-04T02:59:38.205Z - Handled json message RECORD_OUTPUTS_HASH. Handling time: 2. Response time: 0.
[NX v22.6.2 Daemon Client] - 2026-04-04T02:59:38.205Z - [Messenger] Received message, length: 2
[NX v22.6.2 Daemon Server] - 2026-04-04T02:59:38.215Z - [WATCHER]: Processing file changes in outputs
[NX v22.6.2 Daemon Server] - 2026-04-04T02:59:38.270Z - [WATCHER]: Processing file changes in outputs
[NX v22.6.2 Daemon Server] - 2026-04-04T02:59:46.344Z - [WATCHER]: Processing file changes in outputs
[NX v22.6.2 Daemon Server] - 2026-04-04T02:59:47.230Z - [WATCHER]: Processing file changes in outputs
[NX v22.6.2 Daemon Client] - 2026-04-04T02:59:47.374Z - [Messenger] Sending message type: RECORD_OUTPUTS_HASH
[NX v22.6.2 Daemon Client] - 2026-04-04T02:59:47.374Z - [Messenger] Message sent
[NX v22.6.2 Daemon Server] - 2026-04-04T02:59:47.374Z - Received raw message of length 183
[NX v22.6.2 Daemon Server] - 2026-04-04T02:59:47.374Z - Received json message of type RECORD_OUTPUTS_HASH
[NX v22.6.2 Daemon Server] - 2026-04-04T02:59:47.380Z - Serializing response for RECORD_OUTPUTS_HASH message in json mode
[NX v22.6.2 Daemon Server] - 2026-04-04T02:59:47.380Z - Responding to RECORD_OUTPUTS_HASH message
[NX v22.6.2 Daemon Server] - 2026-04-04T02:59:47.380Z - [REQUEST]: Responding to the client. recordOutputsHash
[NX v22.6.2 Daemon Server] - 2026-04-04T02:59:47.380Z - Done responding to the client recordOutputsHash
[NX v22.6.2 Daemon Server] - 2026-04-04T02:59:47.380Z - Handled json message RECORD_OUTPUTS_HASH. Handling time: 6. Response time: 0.
[NX v22.6.2 Daemon Client] - 2026-04-04T02:59:47.380Z - [Messenger] Received message, length: 2
[NX v22.6.2 Daemon Server] - 2026-04-04T02:59:47.436Z - [WATCHER]: Processing file changes in outputs
[NX v22.6.2 Daemon Server] - 2026-04-04T02:59:54.050Z - [WATCHER]: Processing file changes in outputs
[NX v22.6.2 Daemon Server] - 2026-04-04T02:59:55.403Z - [WATCHER]: Processing file changes in outputs
[NX v22.6.2 Daemon Server] - 2026-04-04T02:59:59.072Z - [WATCHER]: Processing file changes in outputs
[NX v22.6.2 Daemon Server] - 2026-04-04T03:00:06.194Z - [WATCHER]: Processing file changes in outputs
[NX v22.6.2 Daemon Server] - 2026-04-04T03:00:07.207Z - [WATCHER]: Processing file changes in outputs
[NX v22.6.2 Daemon Client] - 2026-04-04T03:00:07.326Z - [Messenger] Sending message type: RECORD_OUTPUTS_HASH
[NX v22.6.2 Daemon Client] - 2026-04-04T03:00:07.326Z - [Messenger] Message sent
[NX v22.6.2 Daemon Server] - 2026-04-04T03:00:07.326Z - Received raw message of length 195
[NX v22.6.2 Daemon Server] - 2026-04-04T03:00:07.326Z - Received json message of type RECORD_OUTPUTS_HASH
[NX v22.6.2 Daemon Server] - 2026-04-04T03:00:07.332Z - Serializing response for RECORD_OUTPUTS_HASH message in json mode
[NX v22.6.2 Daemon Server] - 2026-04-04T03:00:07.332Z - Responding to RECORD_OUTPUTS_HASH message
[NX v22.6.2 Daemon Server] - 2026-04-04T03:00:07.332Z - [REQUEST]: Responding to the client. recordOutputsHash
[NX v22.6.2 Daemon Server] - 2026-04-04T03:00:07.332Z - Done responding to the client recordOutputsHash
[NX v22.6.2 Daemon Server] - 2026-04-04T03:00:07.332Z - Handled json message RECORD_OUTPUTS_HASH. Handling time: 6. Response time: 0.
[NX v22.6.2 Daemon Client] - 2026-04-04T03:00:07.332Z - [Messenger] Received message, length: 2
[NX v22.6.2 Daemon Client] - 2026-04-04T03:00:07.364Z - [Messenger] Sending message type: RECORD_TASK_RUNS
[NX v22.6.2 Daemon Client] - 2026-04-04T03:00:07.364Z - [Messenger] Message sent
[NX v22.6.2 Daemon Server] - 2026-04-04T03:00:07.364Z - Received raw message of length 2352
[NX v22.6.2 Daemon Server] - 2026-04-04T03:00:07.364Z - Received json message of type RECORD_TASK_RUNS
[NX v22.6.2 Daemon Server] - 2026-04-04T03:00:07.366Z - Serializing response for RECORD_TASK_RUNS message in json mode
[NX v22.6.2 Daemon Server] - 2026-04-04T03:00:07.366Z - Responding to RECORD_TASK_RUNS message
[NX v22.6.2 Daemon Server] - 2026-04-04T03:00:07.366Z - [REQUEST]: Responding to the client. handleRecordTaskRuns
[NX v22.6.2 Daemon Server] - 2026-04-04T03:00:07.366Z - Done responding to the client handleRecordTaskRuns
[NX v22.6.2 Daemon Server] - 2026-04-04T03:00:07.366Z - Handled json message RECORD_TASK_RUNS. Handling time: 2. Response time: 0.
[NX v22.6.2 Daemon Client] - 2026-04-04T03:00:07.366Z - [Messenger] Received message, length: 4
[NX v22.6.2 Daemon Client] - 2026-04-04T03:00:07.366Z - [Messenger] Sending message type: GET_FLAKY_TASKS
[NX v22.6.2 Daemon Client] - 2026-04-04T03:00:07.366Z - [Messenger] Message sent
[NX v22.6.2 Daemon Server] - 2026-04-04T03:00:07.367Z - Received raw message of length 328
[NX v22.6.2 Daemon Server] - 2026-04-04T03:00:07.367Z - Received json message of type GET_FLAKY_TASKS
[NX v22.6.2 Daemon Server] - 2026-04-04T03:00:07.367Z - Serializing response for GET_FLAKY_TASKS message in json mode
[NX v22.6.2 Daemon Server] - 2026-04-04T03:00:07.367Z - Responding to GET_FLAKY_TASKS message
[NX v22.6.2 Daemon Server] - 2026-04-04T03:00:07.367Z - [REQUEST]: Responding to the client. handleGetFlakyTasks
[NX v22.6.2 Daemon Server] - 2026-04-04T03:00:07.367Z - Done responding to the client handleGetFlakyTasks
[NX v22.6.2 Daemon Server] - 2026-04-04T03:00:07.367Z - Handled json message GET_FLAKY_TASKS. Handling time: 0. Response time: 0.
[NX v22.6.2 Daemon Client] - 2026-04-04T03:00:07.367Z - [Messenger] Received message, length: 2
[NX v22.6.2 Daemon Server] - 2026-04-04T03:00:07.401Z - [WATCHER]: Processing file changes in outputs
[NX v22.6.2 Daemon Client] - 2026-04-04T03:00:10.397Z - [Messenger] Sending message type: GET_CONFIGURE_AI_AGENTS_STATUS
[NX v22.6.2 Daemon Server] - 2026-04-04T03:00:10.397Z - Established a connection. Number of open connections: 2
[NX v22.6.2 Daemon Client] - 2026-04-04T03:00:10.398Z - [Messenger] Message sent
[NX v22.6.2 Daemon Server] - 2026-04-04T03:00:10.398Z - Received raw message of length 41
[NX v22.6.2 Daemon Server] - 2026-04-04T03:00:10.398Z - Received json message of type GET_CONFIGURE_AI_AGENTS_STATUS
[NX v22.6.2 Daemon Server] - 2026-04-04T03:00:10.398Z - [AI-AGENTS]: Returning cached agent configuration status
[NX v22.6.2 Daemon Server] - 2026-04-04T03:00:10.398Z - Serializing response for GET_CONFIGURE_AI_AGENTS_STATUS message in json mode
[NX v22.6.2 Daemon Server] - 2026-04-04T03:00:10.398Z - Responding to GET_CONFIGURE_AI_AGENTS_STATUS message
[NX v22.6.2 Daemon Server] - 2026-04-04T03:00:10.398Z - [REQUEST]: Responding to the client. handleGetConfigureAiAgentsStatus
[NX v22.6.2 Daemon Server] - 2026-04-04T03:00:10.398Z - Done responding to the client handleGetConfigureAiAgentsStatus
[NX v22.6.2 Daemon Server] - 2026-04-04T03:00:10.398Z - Handled json message GET_CONFIGURE_AI_AGENTS_STATUS. Handling time: 0. Response time: 0.
[NX v22.6.2 Daemon Client] - 2026-04-04T03:00:10.398Z - [Messenger] Received message, length: 342
[NX v22.6.2 Daemon Server] - 2026-04-04T03:00:10.399Z - Closed a connection. Number of open connections: 1
[NX v22.6.2 Daemon Client] - 2026-04-04T03:00:10.611Z - [Messenger] Sending message type: POST_TASKS_EXECUTION
[NX v22.6.2 Daemon Client] - 2026-04-04T03:00:10.614Z - [Messenger] Message sent
[NX v22.6.2 Daemon Server] - 2026-04-04T03:00:10.616Z - Received raw message of length 506685
[NX v22.6.2 Daemon Server] - 2026-04-04T03:00:10.618Z - Received json message of type POST_TASKS_EXECUTION
[NX v22.6.2 Daemon Server] - 2026-04-04T03:00:10.619Z - Serializing response for POST_TASKS_EXECUTION message in json mode
[NX v22.6.2 Daemon Server] - 2026-04-04T03:00:10.619Z - Responding to POST_TASKS_EXECUTION message
[NX v22.6.2 Daemon Server] - 2026-04-04T03:00:10.619Z - [REQUEST]: Responding to the client. handleRunPostTasksExecution
[NX v22.6.2 Daemon Server] - 2026-04-04T03:00:10.619Z - Done responding to the client handleRunPostTasksExecution
[NX v22.6.2 Daemon Server] - 2026-04-04T03:00:10.619Z - Handled json message POST_TASKS_EXECUTION. Handling time: 1. Response time: 0.
[NX v22.6.2 Daemon Server] - 2026-04-04T03:00:10.619Z - Time taken for 'postTasksExecution' 0.24825000000419095ms
[NX v22.6.2 Daemon Client] - 2026-04-04T03:00:10.619Z - [Messenger] Received message, length: 4
[NX v22.6.2 Daemon Server] - 2026-04-04T03:00:10.634Z - Closed a connection. Number of open connections: 0
[NX v22.6.2 Daemon Server] - 2026-04-04T03:00:21.617Z - Established a connection. Number of open connections: 1
[NX v22.6.2 Daemon Server] - 2026-04-04T03:00:21.617Z - Closed a connection. Number of open connections: 0
[NX v22.6.2 Daemon Server] - 2026-04-04T03:00:21.618Z - Established a connection. Number of open connections: 1
[NX v22.6.2 Daemon Server] - 2026-04-04T03:00:21.618Z - Established a connection. Number of open connections: 2
[NX v22.6.2 Daemon Server] - 2026-04-04T03:00:21.618Z - Closed a connection. Number of open connections: 1
[NX v22.6.2 Daemon Client] - 2026-04-04T03:00:21.618Z - [Messenger] Setting up socket listeners
[NX v22.6.2 Daemon Client] - 2026-04-04T03:00:21.619Z - [Messenger] listen() complete
[NX v22.6.2 Daemon Client] - 2026-04-04T03:00:21.620Z - [Messenger] Sending message type: GET_NX_CONSOLE_STATUS
[NX v22.6.2 Daemon Client] - 2026-04-04T03:00:21.620Z - [Messenger] Message sent
[NX v22.6.2 Daemon Server] - 2026-04-04T03:00:21.629Z - Received raw message of length 32
[NX v22.6.2 Daemon Server] - 2026-04-04T03:00:21.629Z - Received json message of type GET_NX_CONSOLE_STATUS
[NX v22.6.2 Daemon Server] - 2026-04-04T03:00:21.629Z - Serializing response for GET_NX_CONSOLE_STATUS message in json mode
[NX v22.6.2 Daemon Server] - 2026-04-04T03:00:21.629Z - Responding to GET_NX_CONSOLE_STATUS message
[NX v22.6.2 Daemon Server] - 2026-04-04T03:00:21.629Z - [REQUEST]: Responding to the client. handleGetNxConsoleStatus
[NX v22.6.2 Daemon Server] - 2026-04-04T03:00:21.629Z - Done responding to the client handleGetNxConsoleStatus
[NX v22.6.2 Daemon Server] - 2026-04-04T03:00:21.629Z - Handled json message GET_NX_CONSOLE_STATUS. Handling time: 0. Response time: 0.
[NX v22.6.2 Daemon Client] - 2026-04-04T03:00:21.629Z - [Messenger] Received message, length: 22
[NX v22.6.2 Daemon Client] - 2026-04-04T03:00:21.678Z - [Messenger] Sending message type: REQUEST_PROJECT_GRAPH
[NX v22.6.2 Daemon Client] - 2026-04-04T03:00:21.683Z - [Messenger] Message sent
[NX v22.6.2 Daemon Server] - 2026-04-04T03:00:21.683Z - Received raw message of length 32
[NX v22.6.2 Daemon Server] - 2026-04-04T03:00:21.683Z - Received json message of type REQUEST_PROJECT_GRAPH
[NX v22.6.2 Daemon Server] - 2026-04-04T03:00:21.683Z - [REQUEST]: Client Request for Project Graph Received
[NX v22.6.2 Daemon Server] - 2026-04-04T03:00:21.683Z - Reusing in-memory cached project graph because no files changed.
[NX v22.6.2 Daemon Server] - 2026-04-04T03:00:21.684Z - Serializing response for REQUEST_PROJECT_GRAPH message in json mode
[NX v22.6.2 Daemon Server] - 2026-04-04T03:00:21.684Z - Responding to REQUEST_PROJECT_GRAPH message
[NX v22.6.2 Daemon Server] - 2026-04-04T03:00:21.684Z - [REQUEST]: Responding to the client. project-graph
[NX v22.6.2 Daemon Server] - 2026-04-04T03:00:21.686Z - Time taken for 'total for creating and serializing project graph' 0.23820799999521114ms
[NX v22.6.2 Daemon Server] - 2026-04-04T03:00:21.689Z - Done responding to the client project-graph
[NX v22.6.2 Daemon Server] - 2026-04-04T03:00:21.689Z - Handled json message REQUEST_PROJECT_GRAPH. Handling time: 1. Response time: 5.
[NX v22.6.2 Daemon Client] - 2026-04-04T03:00:21.689Z - [Messenger] Received message, length: 1243918
[NX v22.6.2 Daemon Client] - 2026-04-04T03:00:21.696Z - [Messenger] Sending message type: PRE_TASKS_EXECUTION
[NX v22.6.2 Daemon Client] - 2026-04-04T03:00:21.696Z - [Messenger] Message sent
[NX v22.6.2 Daemon Server] - 2026-04-04T03:00:21.696Z - Received raw message of length 742
[NX v22.6.2 Daemon Server] - 2026-04-04T03:00:21.696Z - Received json message of type PRE_TASKS_EXECUTION
[NX v22.6.2 Daemon Server] - 2026-04-04T03:00:21.697Z - Serializing response for PRE_TASKS_EXECUTION message in json mode
[NX v22.6.2 Daemon Server] - 2026-04-04T03:00:21.697Z - Responding to PRE_TASKS_EXECUTION message
[NX v22.6.2 Daemon Server] - 2026-04-04T03:00:21.697Z - [REQUEST]: Responding to the client. handleRunPreTasksExecution
[NX v22.6.2 Daemon Server] - 2026-04-04T03:00:21.697Z - Done responding to the client handleRunPreTasksExecution
[NX v22.6.2 Daemon Server] - 2026-04-04T03:00:21.697Z - Handled json message PRE_TASKS_EXECUTION. Handling time: 1. Response time: 0.
[NX v22.6.2 Daemon Server] - 2026-04-04T03:00:21.697Z - Time taken for 'preTasksExecution' 0.18962499999906868ms
[NX v22.6.2 Daemon Client] - 2026-04-04T03:00:21.697Z - [Messenger] Received message, length: 2
[NX v22.6.2 Daemon Client] - 2026-04-04T03:00:21.905Z - [Messenger] Sending message type: HASH_TASKS
[NX v22.6.2 Daemon Client] - 2026-04-04T03:00:21.906Z - [Messenger] Message sent
[NX v22.6.2 Daemon Server] - 2026-04-04T03:00:21.907Z - Received raw message of length 21710
[NX v22.6.2 Daemon Server] - 2026-04-04T03:00:21.907Z - Received json message of type HASH_TASKS
[NX v22.6.2 Daemon Server] - 2026-04-04T03:00:21.907Z - Reusing in-memory cached project graph because no files changed.
DEBUG nx::native::tasks::hash_planner: get_plans_internal COMPLETED in 8.508792ms - processed 13 tasks (setup: 5.435709ms, parallel_planning: 3.067375ms)
DEBUG nx::native::tasks::hashers::hash_workspace_files: Hashing workspace fileset with inputs: Adding "11270979969866030128" (".gitignore") to hash
DEBUG nx::native::tasks::hashers::hash_workspace_files: Hashing workspace fileset with inputs: Adding "11270979969866030128" (".gitignore") to hash
DEBUG nx::native::tasks::hashers::hash_workspace_files: Hashing workspace fileset with inputs: Adding "11270979969866030128" (".gitignore") to hash
DEBUG nx::native::tasks::hashers::hash_workspace_files: Hashing workspace fileset with inputs: Adding "11270979969866030128" (".gitignore") to hash
DEBUG nx::native::tasks::hashers::hash_workspace_files: Hashing workspace fileset with inputs: Adding "11270979969866030128" (".gitignore") to hash
DEBUG nx::native::tasks::hashers::hash_workspace_files: Hashing workspace fileset with inputs: Adding "11270979969866030128" (".gitignore") to hash
DEBUG nx::native::tasks::hashers::hash_workspace_files: Hashing workspace fileset with inputs: Adding "11270979969866030128" (".gitignore") to hash
DEBUG nx::native::tasks::hashers::hash_workspace_files: Hashing workspace fileset with inputs: Adding "11270979969866030128" (".gitignore") to hash
DEBUG nx::native::tasks::hashers::hash_workspace_files: Hashing workspace fileset with inputs: Adding "3553820021084211887" ("nx.json") to hash
DEBUG nx::native::tasks::hashers::hash_workspace_files: Hashing workspace fileset with inputs: Hash Value: "10665259820010788507"
DEBUG nx::native::tasks::hashers::hash_workspace_files: Hashing workspace fileset with inputs: Adding "3553820021084211887" ("nx.json") to hash
DEBUG nx::native::tasks::hashers::hash_workspace_files: Hashing workspace fileset with inputs: Hash Value: "10665259820010788507"
DEBUG nx::native::tasks::hashers::hash_workspace_files: Hashing workspace fileset with inputs: Adding "3553820021084211887" ("nx.json") to hash
DEBUG nx::native::tasks::hashers::hash_workspace_files: Hashing workspace fileset with inputs: Hash Value: "10665259820010788507"
DEBUG nx::native::tasks::hashers::hash_workspace_files: Hashing workspace fileset with inputs: Adding "3553820021084211887" ("nx.json") to hash
DEBUG nx::native::tasks::hashers::hash_workspace_files: Hashing workspace fileset with inputs: Hash Value: "10665259820010788507"
DEBUG nx::native::tasks::hashers::hash_workspace_files: Hashing workspace fileset with inputs: Adding "3553820021084211887" ("nx.json") to hash
DEBUG nx::native::tasks::hashers::hash_workspace_files: Hashing workspace fileset with inputs: Hash Value: "10665259820010788507"
DEBUG nx::native::tasks::hashers::hash_workspace_files: Hashing workspace fileset with inputs: Adding "3553820021084211887" ("nx.json") to hash
DEBUG nx::native::tasks::hashers::hash_workspace_files: Hashing workspace fileset with inputs: Hash Value: "10665259820010788507"
DEBUG nx::native::tasks::hashers::hash_workspace_files: Hashing workspace fileset with inputs: Adding "3553820021084211887" ("nx.json") to hash
DEBUG nx::native::tasks::hashers::hash_workspace_files: Hashing workspace fileset with inputs: Hash Value: "10665259820010788507"
DEBUG nx::native::tasks::hashers::hash_workspace_files: Hashing workspace fileset with inputs: Adding "3553820021084211887" ("nx.json") to hash
DEBUG nx::native::tasks::hashers::hash_workspace_files: Hashing workspace fileset with inputs: Hash Value: "10665259820010788507"
DEBUG nx::native::tasks::task_hasher: hash_plans COMPLETED in 54.662916ms - processed 13 plans (setup: 1.018833ms, hashing: 53.64325ms, assembly: 6.430167ms)
[NX v22.6.2 Daemon Server] - 2026-04-04T03:00:21.975Z - Serializing response for HASH_TASKS message in json mode
[NX v22.6.2 Daemon Server] - 2026-04-04T03:00:21.976Z - Responding to HASH_TASKS message
[NX v22.6.2 Daemon Server] - 2026-04-04T03:00:21.976Z - [REQUEST]: Responding to the client. handleHashTasks
[NX v22.6.2 Daemon Server] - 2026-04-04T03:00:21.978Z - Done responding to the client handleHashTasks
[NX v22.6.2 Daemon Server] - 2026-04-04T03:00:21.978Z - Handled json message HASH_TASKS. Handling time: 68. Response time: 3.
[NX v22.6.2 Daemon Client] - 2026-04-04T03:00:21.978Z - [Messenger] Received message, length: 447051
[NX v22.6.2 Daemon Client] - 2026-04-04T03:00:22.026Z - [Messenger] Sending message type: GET_ESTIMATED_TASK_TIMINGS
[NX v22.6.2 Daemon Client] - 2026-04-04T03:00:22.026Z - [Messenger] Message sent
[NX v22.6.2 Daemon Server] - 2026-04-04T03:00:22.026Z - Received raw message of length 705
[NX v22.6.2 Daemon Server] - 2026-04-04T03:00:22.026Z - Received json message of type GET_ESTIMATED_TASK_TIMINGS
[NX v22.6.2 Daemon Server] - 2026-04-04T03:00:22.027Z - Serializing response for GET_ESTIMATED_TASK_TIMINGS message in json mode
[NX v22.6.2 Daemon Server] - 2026-04-04T03:00:22.027Z - Responding to GET_ESTIMATED_TASK_TIMINGS message
[NX v22.6.2 Daemon Server] - 2026-04-04T03:00:22.027Z - [REQUEST]: Responding to the client. handleGetEstimatedTaskTimings
[NX v22.6.2 Daemon Server] - 2026-04-04T03:00:22.027Z - Done responding to the client handleGetEstimatedTaskTimings
[NX v22.6.2 Daemon Server] - 2026-04-04T03:00:22.027Z - Handled json message GET_ESTIMATED_TASK_TIMINGS. Handling time: 0. Response time: 0.
[NX v22.6.2 Daemon Client] - 2026-04-04T03:00:22.027Z - [Messenger] Received message, length: 497
[NX v22.6.2 Daemon Client] - 2026-04-04T03:00:22.030Z - [Messenger] Sending message type: OUTPUTS_HASHES_MATCH
[NX v22.6.2 Daemon Client] - 2026-04-04T03:00:22.030Z - [Messenger] Message sent
[NX v22.6.2 Daemon Server] - 2026-04-04T03:00:22.030Z - Received raw message of length 237
[NX v22.6.2 Daemon Server] - 2026-04-04T03:00:22.030Z - Received json message of type OUTPUTS_HASHES_MATCH
[NX v22.6.2 Daemon Server] - 2026-04-04T03:00:22.034Z - Serializing response for OUTPUTS_HASHES_MATCH message in json mode
[NX v22.6.2 Daemon Server] - 2026-04-04T03:00:22.034Z - Responding to OUTPUTS_HASHES_MATCH message
[NX v22.6.2 Daemon Server] - 2026-04-04T03:00:22.034Z - [REQUEST]: Responding to the client. outputsHashesMatch
[NX v22.6.2 Daemon Server] - 2026-04-04T03:00:22.034Z - Done responding to the client outputsHashesMatch
[NX v22.6.2 Daemon Server] - 2026-04-04T03:00:22.034Z - Handled json message OUTPUTS_HASHES_MATCH. Handling time: 4. Response time: 0.
[NX v22.6.2 Daemon Client] - 2026-04-04T03:00:22.034Z - [Messenger] Received message, length: 4
[NX v22.6.2 Daemon Client] - 2026-04-04T03:00:22.034Z - [Messenger] Sending message type: OUTPUTS_HASHES_MATCH
[NX v22.6.2 Daemon Client] - 2026-04-04T03:00:22.034Z - [Messenger] Message sent
[NX v22.6.2 Daemon Server] - 2026-04-04T03:00:22.034Z - Received raw message of length 245
[NX v22.6.2 Daemon Server] - 2026-04-04T03:00:22.034Z - Received json message of type OUTPUTS_HASHES_MATCH
[NX v22.6.2 Daemon Server] - 2026-04-04T03:00:22.036Z - Serializing response for OUTPUTS_HASHES_MATCH message in json mode
[NX v22.6.2 Daemon Server] - 2026-04-04T03:00:22.036Z - Responding to OUTPUTS_HASHES_MATCH message
[NX v22.6.2 Daemon Server] - 2026-04-04T03:00:22.036Z - [REQUEST]: Responding to the client. outputsHashesMatch
[NX v22.6.2 Daemon Server] - 2026-04-04T03:00:22.036Z - Done responding to the client outputsHashesMatch
[NX v22.6.2 Daemon Server] - 2026-04-04T03:00:22.036Z - Handled json message OUTPUTS_HASHES_MATCH. Handling time: 2. Response time: 0.
[NX v22.6.2 Daemon Client] - 2026-04-04T03:00:22.036Z - [Messenger] Received message, length: 4
[NX v22.6.2 Daemon Client] - 2026-04-04T03:00:22.036Z - [Messenger] Sending message type: RECORD_OUTPUTS_HASH
[NX v22.6.2 Daemon Client] - 2026-04-04T03:00:22.037Z - [Messenger] Message sent
[NX v22.6.2 Daemon Server] - 2026-04-04T03:00:22.037Z - Received raw message of length 236
[NX v22.6.2 Daemon Server] - 2026-04-04T03:00:22.037Z - Received json message of type RECORD_OUTPUTS_HASH
[NX v22.6.2 Daemon Server] - 2026-04-04T03:00:22.040Z - Serializing response for RECORD_OUTPUTS_HASH message in json mode
[NX v22.6.2 Daemon Server] - 2026-04-04T03:00:22.040Z - Responding to RECORD_OUTPUTS_HASH message
[NX v22.6.2 Daemon Server] - 2026-04-04T03:00:22.040Z - [REQUEST]: Responding to the client. recordOutputsHash
[NX v22.6.2 Daemon Server] - 2026-04-04T03:00:22.040Z - Done responding to the client recordOutputsHash
[NX v22.6.2 Daemon Server] - 2026-04-04T03:00:22.040Z - Handled json message RECORD_OUTPUTS_HASH. Handling time: 3. Response time: 0.
[NX v22.6.2 Daemon Client] - 2026-04-04T03:00:22.040Z - [Messenger] Received message, length: 2
[NX v22.6.2 Daemon Client] - 2026-04-04T03:00:22.040Z - [Messenger] Sending message type: RECORD_OUTPUTS_HASH
[NX v22.6.2 Daemon Client] - 2026-04-04T03:00:22.040Z - [Messenger] Message sent
[NX v22.6.2 Daemon Server] - 2026-04-04T03:00:22.040Z - Received raw message of length 244
[NX v22.6.2 Daemon Server] - 2026-04-04T03:00:22.040Z - Received json message of type RECORD_OUTPUTS_HASH
[NX v22.6.2 Daemon Server] - 2026-04-04T03:00:22.042Z - Serializing response for RECORD_OUTPUTS_HASH message in json mode
[NX v22.6.2 Daemon Server] - 2026-04-04T03:00:22.042Z - Responding to RECORD_OUTPUTS_HASH message
[NX v22.6.2 Daemon Server] - 2026-04-04T03:00:22.042Z - [REQUEST]: Responding to the client. recordOutputsHash
[NX v22.6.2 Daemon Server] - 2026-04-04T03:00:22.042Z - Done responding to the client recordOutputsHash
[NX v22.6.2 Daemon Server] - 2026-04-04T03:00:22.042Z - Handled json message RECORD_OUTPUTS_HASH. Handling time: 2. Response time: 0.
[NX v22.6.2 Daemon Client] - 2026-04-04T03:00:22.042Z - [Messenger] Received message, length: 2
[NX v22.6.2 Daemon Client] - 2026-04-04T03:00:22.044Z - [Messenger] Sending message type: OUTPUTS_HASHES_MATCH
[NX v22.6.2 Daemon Client] - 2026-04-04T03:00:22.044Z - [Messenger] Message sent
[NX v22.6.2 Daemon Server] - 2026-04-04T03:00:22.044Z - Received raw message of length 244
[NX v22.6.2 Daemon Server] - 2026-04-04T03:00:22.044Z - Received json message of type OUTPUTS_HASHES_MATCH
[NX v22.6.2 Daemon Server] - 2026-04-04T03:00:22.047Z - Serializing response for OUTPUTS_HASHES_MATCH message in json mode
[NX v22.6.2 Daemon Server] - 2026-04-04T03:00:22.047Z - Responding to OUTPUTS_HASHES_MATCH message
[NX v22.6.2 Daemon Server] - 2026-04-04T03:00:22.047Z - [REQUEST]: Responding to the client. outputsHashesMatch
[NX v22.6.2 Daemon Server] - 2026-04-04T03:00:22.047Z - Done responding to the client outputsHashesMatch
[NX v22.6.2 Daemon Server] - 2026-04-04T03:00:22.047Z - Handled json message OUTPUTS_HASHES_MATCH. Handling time: 3. Response time: 0.
[NX v22.6.2 Daemon Client] - 2026-04-04T03:00:22.048Z - [Messenger] Received message, length: 4
[NX v22.6.2 Daemon Client] - 2026-04-04T03:00:22.048Z - [Messenger] Sending message type: OUTPUTS_HASHES_MATCH
[NX v22.6.2 Daemon Client] - 2026-04-04T03:00:22.048Z - [Messenger] Message sent
[NX v22.6.2 Daemon Server] - 2026-04-04T03:00:22.048Z - Received raw message of length 208
[NX v22.6.2 Daemon Server] - 2026-04-04T03:00:22.048Z - Received json message of type OUTPUTS_HASHES_MATCH
[NX v22.6.2 Daemon Server] - 2026-04-04T03:00:22.050Z - Serializing response for OUTPUTS_HASHES_MATCH message in json mode
[NX v22.6.2 Daemon Server] - 2026-04-04T03:00:22.050Z - Responding to OUTPUTS_HASHES_MATCH message
[NX v22.6.2 Daemon Server] - 2026-04-04T03:00:22.050Z - [REQUEST]: Responding to the client. outputsHashesMatch
[NX v22.6.2 Daemon Server] - 2026-04-04T03:00:22.050Z - Done responding to the client outputsHashesMatch
[NX v22.6.2 Daemon Server] - 2026-04-04T03:00:22.050Z - Handled json message OUTPUTS_HASHES_MATCH. Handling time: 2. Response time: 0.
[NX v22.6.2 Daemon Client] - 2026-04-04T03:00:22.050Z - [Messenger] Received message, length: 4
[NX v22.6.2 Daemon Client] - 2026-04-04T03:00:22.051Z - [Messenger] Sending message type: RECORD_OUTPUTS_HASH
[NX v22.6.2 Daemon Client] - 2026-04-04T03:00:22.051Z - [Messenger] Message sent
[NX v22.6.2 Daemon Server] - 2026-04-04T03:00:22.051Z - Received raw message of length 243
[NX v22.6.2 Daemon Server] - 2026-04-04T03:00:22.051Z - Received json message of type RECORD_OUTPUTS_HASH
[NX v22.6.2 Daemon Server] - 2026-04-04T03:00:22.054Z - Serializing response for RECORD_OUTPUTS_HASH message in json mode
[NX v22.6.2 Daemon Server] - 2026-04-04T03:00:22.054Z - Responding to RECORD_OUTPUTS_HASH message
[NX v22.6.2 Daemon Server] - 2026-04-04T03:00:22.054Z - [REQUEST]: Responding to the client. recordOutputsHash
[NX v22.6.2 Daemon Server] - 2026-04-04T03:00:22.054Z - Done responding to the client recordOutputsHash
[NX v22.6.2 Daemon Server] - 2026-04-04T03:00:22.054Z - Handled json message RECORD_OUTPUTS_HASH. Handling time: 3. Response time: 0.
[NX v22.6.2 Daemon Client] - 2026-04-04T03:00:22.054Z - [Messenger] Received message, length: 2
[NX v22.6.2 Daemon Client] - 2026-04-04T03:00:22.054Z - [Messenger] Sending message type: RECORD_OUTPUTS_HASH
[NX v22.6.2 Daemon Server] - 2026-04-04T03:00:22.054Z - Received raw message of length 207
[NX v22.6.2 Daemon Client] - 2026-04-04T03:00:22.054Z - [Messenger] Message sent
[NX v22.6.2 Daemon Server] - 2026-04-04T03:00:22.054Z - Received json message of type RECORD_OUTPUTS_HASH
[NX v22.6.2 Daemon Server] - 2026-04-04T03:00:22.057Z - Serializing response for RECORD_OUTPUTS_HASH message in json mode
[NX v22.6.2 Daemon Server] - 2026-04-04T03:00:22.057Z - Responding to RECORD_OUTPUTS_HASH message
[NX v22.6.2 Daemon Server] - 2026-04-04T03:00:22.057Z - [REQUEST]: Responding to the client. recordOutputsHash
[NX v22.6.2 Daemon Server] - 2026-04-04T03:00:22.057Z - Done responding to the client recordOutputsHash
[NX v22.6.2 Daemon Server] - 2026-04-04T03:00:22.057Z - Handled json message RECORD_OUTPUTS_HASH. Handling time: 3. Response time: 0.
[NX v22.6.2 Daemon Client] - 2026-04-04T03:00:22.057Z - [Messenger] Received message, length: 2
[NX v22.6.2 Daemon Client] - 2026-04-04T03:00:22.057Z - [Messenger] Sending message type: OUTPUTS_HASHES_MATCH
[NX v22.6.2 Daemon Server] - 2026-04-04T03:00:22.058Z - Received raw message of length 201
[NX v22.6.2 Daemon Client] - 2026-04-04T03:00:22.058Z - [Messenger] Message sent
[NX v22.6.2 Daemon Server] - 2026-04-04T03:00:22.058Z - Received json message of type OUTPUTS_HASHES_MATCH
[NX v22.6.2 Daemon Server] - 2026-04-04T03:00:22.061Z - Serializing response for OUTPUTS_HASHES_MATCH message in json mode
[NX v22.6.2 Daemon Server] - 2026-04-04T03:00:22.061Z - Responding to OUTPUTS_HASHES_MATCH message
[NX v22.6.2 Daemon Server] - 2026-04-04T03:00:22.061Z - [REQUEST]: Responding to the client. outputsHashesMatch
[NX v22.6.2 Daemon Server] - 2026-04-04T03:00:22.061Z - Done responding to the client outputsHashesMatch
[NX v22.6.2 Daemon Server] - 2026-04-04T03:00:22.061Z - Handled json message OUTPUTS_HASHES_MATCH. Handling time: 3. Response time: 0.
[NX v22.6.2 Daemon Client] - 2026-04-04T03:00:22.061Z - [Messenger] Received message, length: 4
[NX v22.6.2 Daemon Client] - 2026-04-04T03:00:22.061Z - [Messenger] Sending message type: RECORD_OUTPUTS_HASH
[NX v22.6.2 Daemon Client] - 2026-04-04T03:00:22.061Z - [Messenger] Message sent
[NX v22.6.2 Daemon Server] - 2026-04-04T03:00:22.061Z - Received raw message of length 200
[NX v22.6.2 Daemon Server] - 2026-04-04T03:00:22.061Z - Received json message of type RECORD_OUTPUTS_HASH
[NX v22.6.2 Daemon Server] - 2026-04-04T03:00:22.063Z - Serializing response for RECORD_OUTPUTS_HASH message in json mode
[NX v22.6.2 Daemon Server] - 2026-04-04T03:00:22.063Z - Responding to RECORD_OUTPUTS_HASH message
[NX v22.6.2 Daemon Server] - 2026-04-04T03:00:22.063Z - [REQUEST]: Responding to the client. recordOutputsHash
[NX v22.6.2 Daemon Server] - 2026-04-04T03:00:22.063Z - Done responding to the client recordOutputsHash
[NX v22.6.2 Daemon Server] - 2026-04-04T03:00:22.063Z - Handled json message RECORD_OUTPUTS_HASH. Handling time: 2. Response time: 0.
[NX v22.6.2 Daemon Client] - 2026-04-04T03:00:22.063Z - [Messenger] Received message, length: 2
[NX v22.6.2 Daemon Client] - 2026-04-04T03:00:22.065Z - [Messenger] Sending message type: OUTPUTS_HASHES_MATCH
[NX v22.6.2 Daemon Client] - 2026-04-04T03:00:22.065Z - [Messenger] Message sent
[NX v22.6.2 Daemon Server] - 2026-04-04T03:00:22.065Z - Received raw message of length 224
[NX v22.6.2 Daemon Server] - 2026-04-04T03:00:22.065Z - Received json message of type OUTPUTS_HASHES_MATCH
[NX v22.6.2 Daemon Server] - 2026-04-04T03:00:22.066Z - Serializing response for OUTPUTS_HASHES_MATCH message in json mode
[NX v22.6.2 Daemon Server] - 2026-04-04T03:00:22.066Z - Responding to OUTPUTS_HASHES_MATCH message
[NX v22.6.2 Daemon Server] - 2026-04-04T03:00:22.066Z - [REQUEST]: Responding to the client. outputsHashesMatch
[NX v22.6.2 Daemon Server] - 2026-04-04T03:00:22.066Z - Done responding to the client outputsHashesMatch
[NX v22.6.2 Daemon Server] - 2026-04-04T03:00:22.066Z - Handled json message OUTPUTS_HASHES_MATCH. Handling time: 1. Response time: 0.
[NX v22.6.2 Daemon Client] - 2026-04-04T03:00:22.066Z - [Messenger] Received message, length: 4
[NX v22.6.2 Daemon Client] - 2026-04-04T03:00:22.067Z - [Messenger] Sending message type: RECORD_OUTPUTS_HASH
[NX v22.6.2 Daemon Server] - 2026-04-04T03:00:22.067Z - Received raw message of length 223
[NX v22.6.2 Daemon Client] - 2026-04-04T03:00:22.067Z - [Messenger] Message sent
[NX v22.6.2 Daemon Server] - 2026-04-04T03:00:22.067Z - Received json message of type RECORD_OUTPUTS_HASH
[NX v22.6.2 Daemon Server] - 2026-04-04T03:00:22.070Z - Serializing response for RECORD_OUTPUTS_HASH message in json mode
[NX v22.6.2 Daemon Server] - 2026-04-04T03:00:22.070Z - Responding to RECORD_OUTPUTS_HASH message
[NX v22.6.2 Daemon Server] - 2026-04-04T03:00:22.070Z - [REQUEST]: Responding to the client. recordOutputsHash
[NX v22.6.2 Daemon Server] - 2026-04-04T03:00:22.070Z - Done responding to the client recordOutputsHash
[NX v22.6.2 Daemon Server] - 2026-04-04T03:00:22.070Z - Handled json message RECORD_OUTPUTS_HASH. Handling time: 3. Response time: 0.
[NX v22.6.2 Daemon Client] - 2026-04-04T03:00:22.070Z - [Messenger] Received message, length: 2
[NX v22.6.2 Daemon Client] - 2026-04-04T03:00:22.072Z - [Messenger] Sending message type: OUTPUTS_HASHES_MATCH
[NX v22.6.2 Daemon Client] - 2026-04-04T03:00:22.072Z - [Messenger] Message sent
[NX v22.6.2 Daemon Server] - 2026-04-04T03:00:22.072Z - Received raw message of length 205
[NX v22.6.2 Daemon Server] - 2026-04-04T03:00:22.072Z - Received json message of type OUTPUTS_HASHES_MATCH
[NX v22.6.2 Daemon Server] - 2026-04-04T03:00:22.074Z - Serializing response for OUTPUTS_HASHES_MATCH message in json mode
[NX v22.6.2 Daemon Server] - 2026-04-04T03:00:22.074Z - Responding to OUTPUTS_HASHES_MATCH message
[NX v22.6.2 Daemon Server] - 2026-04-04T03:00:22.074Z - [REQUEST]: Responding to the client. outputsHashesMatch
[NX v22.6.2 Daemon Server] - 2026-04-04T03:00:22.074Z - Done responding to the client outputsHashesMatch
[NX v22.6.2 Daemon Server] - 2026-04-04T03:00:22.074Z - Handled json message OUTPUTS_HASHES_MATCH. Handling time: 2. Response time: 0.
[NX v22.6.2 Daemon Client] - 2026-04-04T03:00:22.074Z - [Messenger] Received message, length: 4
[NX v22.6.2 Daemon Client] - 2026-04-04T03:00:22.074Z - [Messenger] Sending message type: OUTPUTS_HASHES_MATCH
[NX v22.6.2 Daemon Client] - 2026-04-04T03:00:22.074Z - [Messenger] Message sent
[NX v22.6.2 Daemon Server] - 2026-04-04T03:00:22.074Z - Received raw message of length 208
[NX v22.6.2 Daemon Server] - 2026-04-04T03:00:22.074Z - Received json message of type OUTPUTS_HASHES_MATCH
[NX v22.6.2 Daemon Server] - 2026-04-04T03:00:22.079Z - Serializing response for OUTPUTS_HASHES_MATCH message in json mode
[NX v22.6.2 Daemon Server] - 2026-04-04T03:00:22.079Z - Responding to OUTPUTS_HASHES_MATCH message
[NX v22.6.2 Daemon Server] - 2026-04-04T03:00:22.079Z - [REQUEST]: Responding to the client. outputsHashesMatch
[NX v22.6.2 Daemon Server] - 2026-04-04T03:00:22.079Z - Done responding to the client outputsHashesMatch
[NX v22.6.2 Daemon Server] - 2026-04-04T03:00:22.079Z - Handled json message OUTPUTS_HASHES_MATCH. Handling time: 5. Response time: 0.
[NX v22.6.2 Daemon Client] - 2026-04-04T03:00:22.079Z - [Messenger] Received message, length: 4
[NX v22.6.2 Daemon Client] - 2026-04-04T03:00:22.079Z - [Messenger] Sending message type: RECORD_OUTPUTS_HASH
[NX v22.6.2 Daemon Client] - 2026-04-04T03:00:22.079Z - [Messenger] Message sent
[NX v22.6.2 Daemon Server] - 2026-04-04T03:00:22.079Z - Received raw message of length 204
[NX v22.6.2 Daemon Server] - 2026-04-04T03:00:22.079Z - Received json message of type RECORD_OUTPUTS_HASH
[NX v22.6.2 Daemon Server] - 2026-04-04T03:00:22.081Z - Serializing response for RECORD_OUTPUTS_HASH message in json mode
[NX v22.6.2 Daemon Server] - 2026-04-04T03:00:22.081Z - Responding to RECORD_OUTPUTS_HASH message
[NX v22.6.2 Daemon Server] - 2026-04-04T03:00:22.081Z - [REQUEST]: Responding to the client. recordOutputsHash
[NX v22.6.2 Daemon Server] - 2026-04-04T03:00:22.081Z - Done responding to the client recordOutputsHash
[NX v22.6.2 Daemon Server] - 2026-04-04T03:00:22.081Z - Handled json message RECORD_OUTPUTS_HASH. Handling time: 2. Response time: 0.
[NX v22.6.2 Daemon Client] - 2026-04-04T03:00:22.081Z - [Messenger] Received message, length: 2
[NX v22.6.2 Daemon Client] - 2026-04-04T03:00:22.081Z - [Messenger] Sending message type: RECORD_OUTPUTS_HASH
[NX v22.6.2 Daemon Client] - 2026-04-04T03:00:22.081Z - [Messenger] Message sent
[NX v22.6.2 Daemon Server] - 2026-04-04T03:00:22.081Z - Received raw message of length 207
[NX v22.6.2 Daemon Server] - 2026-04-04T03:00:22.081Z - Received json message of type RECORD_OUTPUTS_HASH
[NX v22.6.2 Daemon Server] - 2026-04-04T03:00:22.083Z - Serializing response for RECORD_OUTPUTS_HASH message in json mode
[NX v22.6.2 Daemon Server] - 2026-04-04T03:00:22.083Z - Responding to RECORD_OUTPUTS_HASH message
[NX v22.6.2 Daemon Server] - 2026-04-04T03:00:22.083Z - [REQUEST]: Responding to the client. recordOutputsHash
[NX v22.6.2 Daemon Server] - 2026-04-04T03:00:22.083Z - Done responding to the client recordOutputsHash
[NX v22.6.2 Daemon Server] - 2026-04-04T03:00:22.084Z - Handled json message RECORD_OUTPUTS_HASH. Handling time: 2. Response time: 1.
[NX v22.6.2 Daemon Client] - 2026-04-04T03:00:22.084Z - [Messenger] Received message, length: 2
[NX v22.6.2 Daemon Client] - 2026-04-04T03:00:22.084Z - [Messenger] Sending message type: OUTPUTS_HASHES_MATCH
[NX v22.6.2 Daemon Client] - 2026-04-04T03:00:22.084Z - [Messenger] Message sent
[NX v22.6.2 Daemon Server] - 2026-04-04T03:00:22.084Z - Received raw message of length 204
[NX v22.6.2 Daemon Server] - 2026-04-04T03:00:22.084Z - Received json message of type OUTPUTS_HASHES_MATCH
[NX v22.6.2 Daemon Server] - 2026-04-04T03:00:22.086Z - Serializing response for OUTPUTS_HASHES_MATCH message in json mode
[NX v22.6.2 Daemon Server] - 2026-04-04T03:00:22.086Z - Responding to OUTPUTS_HASHES_MATCH message
[NX v22.6.2 Daemon Server] - 2026-04-04T03:00:22.087Z - [REQUEST]: Responding to the client. outputsHashesMatch
[NX v22.6.2 Daemon Server] - 2026-04-04T03:00:22.087Z - Done responding to the client outputsHashesMatch
[NX v22.6.2 Daemon Server] - 2026-04-04T03:00:22.087Z - Handled json message OUTPUTS_HASHES_MATCH. Handling time: 2. Response time: 1.
[NX v22.6.2 Daemon Client] - 2026-04-04T03:00:22.087Z - [Messenger] Received message, length: 4
[NX v22.6.2 Daemon Client] - 2026-04-04T03:00:22.087Z - [Messenger] Sending message type: RECORD_OUTPUTS_HASH
[NX v22.6.2 Daemon Client] - 2026-04-04T03:00:22.087Z - [Messenger] Message sent
[NX v22.6.2 Daemon Server] - 2026-04-04T03:00:22.087Z - Received raw message of length 203
[NX v22.6.2 Daemon Server] - 2026-04-04T03:00:22.087Z - Received json message of type RECORD_OUTPUTS_HASH
[NX v22.6.2 Daemon Server] - 2026-04-04T03:00:22.090Z - Serializing response for RECORD_OUTPUTS_HASH message in json mode
[NX v22.6.2 Daemon Server] - 2026-04-04T03:00:22.090Z - Responding to RECORD_OUTPUTS_HASH message
[NX v22.6.2 Daemon Server] - 2026-04-04T03:00:22.090Z - [REQUEST]: Responding to the client. recordOutputsHash
[NX v22.6.2 Daemon Server] - 2026-04-04T03:00:22.090Z - Done responding to the client recordOutputsHash
[NX v22.6.2 Daemon Server] - 2026-04-04T03:00:22.090Z - Handled json message RECORD_OUTPUTS_HASH. Handling time: 3. Response time: 0.
[NX v22.6.2 Daemon Client] - 2026-04-04T03:00:22.090Z - [Messenger] Received message, length: 2
[NX v22.6.2 Daemon Client] - 2026-04-04T03:00:22.092Z - [Messenger] Sending message type: OUTPUTS_HASHES_MATCH
[NX v22.6.2 Daemon Client] - 2026-04-04T03:00:22.092Z - [Messenger] Message sent
[NX v22.6.2 Daemon Server] - 2026-04-04T03:00:22.092Z - Received raw message of length 237
[NX v22.6.2 Daemon Server] - 2026-04-04T03:00:22.092Z - Received json message of type OUTPUTS_HASHES_MATCH
[NX v22.6.2 Daemon Server] - 2026-04-04T03:00:22.093Z - Serializing response for OUTPUTS_HASHES_MATCH message in json mode
[NX v22.6.2 Daemon Server] - 2026-04-04T03:00:22.093Z - Responding to OUTPUTS_HASHES_MATCH message
[NX v22.6.2 Daemon Server] - 2026-04-04T03:00:22.093Z - [REQUEST]: Responding to the client. outputsHashesMatch
[NX v22.6.2 Daemon Server] - 2026-04-04T03:00:22.093Z - Done responding to the client outputsHashesMatch
[NX v22.6.2 Daemon Server] - 2026-04-04T03:00:22.094Z - Handled json message OUTPUTS_HASHES_MATCH. Handling time: 1. Response time: 1.
[NX v22.6.2 Daemon Client] - 2026-04-04T03:00:22.094Z - [Messenger] Received message, length: 4
[NX v22.6.2 Daemon Client] - 2026-04-04T03:00:22.094Z - [Messenger] Sending message type: OUTPUTS_HASHES_MATCH
[NX v22.6.2 Daemon Client] - 2026-04-04T03:00:22.094Z - [Messenger] Message sent
[NX v22.6.2 Daemon Server] - 2026-04-04T03:00:22.094Z - Received raw message of length 232
[NX v22.6.2 Daemon Server] - 2026-04-04T03:00:22.094Z - Received json message of type OUTPUTS_HASHES_MATCH
[NX v22.6.2 Daemon Server] - 2026-04-04T03:00:22.097Z - Serializing response for OUTPUTS_HASHES_MATCH message in json mode
[NX v22.6.2 Daemon Server] - 2026-04-04T03:00:22.097Z - Responding to OUTPUTS_HASHES_MATCH message
[NX v22.6.2 Daemon Server] - 2026-04-04T03:00:22.097Z - [REQUEST]: Responding to the client. outputsHashesMatch
[NX v22.6.2 Daemon Server] - 2026-04-04T03:00:22.097Z - Done responding to the client outputsHashesMatch
[NX v22.6.2 Daemon Server] - 2026-04-04T03:00:22.097Z - Handled json message OUTPUTS_HASHES_MATCH. Handling time: 3. Response time: 0.
[NX v22.6.2 Daemon Client] - 2026-04-04T03:00:22.097Z - [Messenger] Received message, length: 4
[NX v22.6.2 Daemon Client] - 2026-04-04T03:00:22.097Z - [Messenger] Sending message type: RECORD_OUTPUTS_HASH
[NX v22.6.2 Daemon Server] - 2026-04-04T03:00:22.097Z - Received raw message of length 236
[NX v22.6.2 Daemon Client] - 2026-04-04T03:00:22.097Z - [Messenger] Message sent
[NX v22.6.2 Daemon Server] - 2026-04-04T03:00:22.097Z - Received json message of type RECORD_OUTPUTS_HASH
[NX v22.6.2 Daemon Server] - 2026-04-04T03:00:22.099Z - Serializing response for RECORD_OUTPUTS_HASH message in json mode
[NX v22.6.2 Daemon Server] - 2026-04-04T03:00:22.099Z - Responding to RECORD_OUTPUTS_HASH message
[NX v22.6.2 Daemon Server] - 2026-04-04T03:00:22.099Z - [REQUEST]: Responding to the client. recordOutputsHash
[NX v22.6.2 Daemon Server] - 2026-04-04T03:00:22.099Z - Done responding to the client recordOutputsHash
[NX v22.6.2 Daemon Server] - 2026-04-04T03:00:22.099Z - Handled json message RECORD_OUTPUTS_HASH. Handling time: 2. Response time: 0.
[NX v22.6.2 Daemon Client] - 2026-04-04T03:00:22.099Z - [Messenger] Received message, length: 2
[NX v22.6.2 Daemon Client] - 2026-04-04T03:00:22.099Z - [Messenger] Sending message type: RECORD_OUTPUTS_HASH
[NX v22.6.2 Daemon Client] - 2026-04-04T03:00:22.099Z - [Messenger] Message sent
[NX v22.6.2 Daemon Server] - 2026-04-04T03:00:22.099Z - Received raw message of length 231
[NX v22.6.2 Daemon Server] - 2026-04-04T03:00:22.099Z - Received json message of type RECORD_OUTPUTS_HASH
[NX v22.6.2 Daemon Server] - 2026-04-04T03:00:22.102Z - Serializing response for RECORD_OUTPUTS_HASH message in json mode
[NX v22.6.2 Daemon Server] - 2026-04-04T03:00:22.102Z - Responding to RECORD_OUTPUTS_HASH message
[NX v22.6.2 Daemon Server] - 2026-04-04T03:00:22.102Z - [REQUEST]: Responding to the client. recordOutputsHash
[NX v22.6.2 Daemon Server] - 2026-04-04T03:00:22.102Z - Done responding to the client recordOutputsHash
[NX v22.6.2 Daemon Server] - 2026-04-04T03:00:22.102Z - Handled json message RECORD_OUTPUTS_HASH. Handling time: 3. Response time: 0.
[NX v22.6.2 Daemon Client] - 2026-04-04T03:00:22.102Z - [Messenger] Received message, length: 2
[NX v22.6.2 Daemon Client] - 2026-04-04T03:00:22.105Z - [Messenger] Sending message type: OUTPUTS_HASHES_MATCH
[NX v22.6.2 Daemon Client] - 2026-04-04T03:00:22.105Z - [Messenger] Message sent
[NX v22.6.2 Daemon Server] - 2026-04-04T03:00:22.105Z - Received raw message of length 196
[NX v22.6.2 Daemon Server] - 2026-04-04T03:00:22.105Z - Received json message of type OUTPUTS_HASHES_MATCH
[NX v22.6.2 Daemon Server] - 2026-04-04T03:00:22.110Z - Serializing response for OUTPUTS_HASHES_MATCH message in json mode
[NX v22.6.2 Daemon Server] - 2026-04-04T03:00:22.110Z - Responding to OUTPUTS_HASHES_MATCH message
[NX v22.6.2 Daemon Server] - 2026-04-04T03:00:22.110Z - [REQUEST]: Responding to the client. outputsHashesMatch
[NX v22.6.2 Daemon Server] - 2026-04-04T03:00:22.110Z - Done responding to the client outputsHashesMatch
[NX v22.6.2 Daemon Server] - 2026-04-04T03:00:22.110Z - Handled json message OUTPUTS_HASHES_MATCH. Handling time: 5. Response time: 0.
[NX v22.6.2 Daemon Client] - 2026-04-04T03:00:22.110Z - [Messenger] Received message, length: 4
[NX v22.6.2 Daemon Client] - 2026-04-04T03:00:22.110Z - [Messenger] Sending message type: OUTPUTS_HASHES_MATCH
[NX v22.6.2 Daemon Client] - 2026-04-04T03:00:22.110Z - [Messenger] Message sent
[NX v22.6.2 Daemon Server] - 2026-04-04T03:00:22.110Z - Received raw message of length 184
[NX v22.6.2 Daemon Server] - 2026-04-04T03:00:22.110Z - Received json message of type OUTPUTS_HASHES_MATCH
[NX v22.6.2 Daemon Server] - 2026-04-04T03:00:22.114Z - Serializing response for OUTPUTS_HASHES_MATCH message in json mode
[NX v22.6.2 Daemon Server] - 2026-04-04T03:00:22.114Z - Responding to OUTPUTS_HASHES_MATCH message
[NX v22.6.2 Daemon Server] - 2026-04-04T03:00:22.114Z - [REQUEST]: Responding to the client. outputsHashesMatch
[NX v22.6.2 Daemon Server] - 2026-04-04T03:00:22.114Z - Done responding to the client outputsHashesMatch
[NX v22.6.2 Daemon Server] - 2026-04-04T03:00:22.114Z - Handled json message OUTPUTS_HASHES_MATCH. Handling time: 4. Response time: 0.
[NX v22.6.2 Daemon Client] - 2026-04-04T03:00:22.114Z - [Messenger] Received message, length: 4
[NX v22.6.2 Daemon Client] - 2026-04-04T03:00:22.115Z - [Messenger] Sending message type: RECORD_OUTPUTS_HASH
[NX v22.6.2 Daemon Client] - 2026-04-04T03:00:22.115Z - [Messenger] Message sent
[NX v22.6.2 Daemon Server] - 2026-04-04T03:00:22.115Z - Received raw message of length 195
[NX v22.6.2 Daemon Server] - 2026-04-04T03:00:22.115Z - Received json message of type RECORD_OUTPUTS_HASH
[NX v22.6.2 Daemon Server] - 2026-04-04T03:00:22.120Z - Serializing response for RECORD_OUTPUTS_HASH message in json mode
[NX v22.6.2 Daemon Server] - 2026-04-04T03:00:22.120Z - Responding to RECORD_OUTPUTS_HASH message
[NX v22.6.2 Daemon Server] - 2026-04-04T03:00:22.120Z - [REQUEST]: Responding to the client. recordOutputsHash
[NX v22.6.2 Daemon Server] - 2026-04-04T03:00:22.120Z - Done responding to the client recordOutputsHash
[NX v22.6.2 Daemon Server] - 2026-04-04T03:00:22.120Z - Handled json message RECORD_OUTPUTS_HASH. Handling time: 4. Response time: 1.
[NX v22.6.2 Daemon Client] - 2026-04-04T03:00:22.120Z - [Messenger] Received message, length: 2
[NX v22.6.2 Daemon Client] - 2026-04-04T03:00:22.120Z - [Messenger] Sending message type: RECORD_OUTPUTS_HASH
[NX v22.6.2 Daemon Client] - 2026-04-04T03:00:22.120Z - [Messenger] Message sent
[NX v22.6.2 Daemon Server] - 2026-04-04T03:00:22.120Z - Received raw message of length 183
[NX v22.6.2 Daemon Server] - 2026-04-04T03:00:22.120Z - Received json message of type RECORD_OUTPUTS_HASH
[NX v22.6.2 Daemon Server] - 2026-04-04T03:00:22.123Z - Serializing response for RECORD_OUTPUTS_HASH message in json mode
[NX v22.6.2 Daemon Server] - 2026-04-04T03:00:22.123Z - Responding to RECORD_OUTPUTS_HASH message
[NX v22.6.2 Daemon Server] - 2026-04-04T03:00:22.123Z - [REQUEST]: Responding to the client. recordOutputsHash
[NX v22.6.2 Daemon Server] - 2026-04-04T03:00:22.123Z - Done responding to the client recordOutputsHash
[NX v22.6.2 Daemon Server] - 2026-04-04T03:00:22.123Z - Handled json message RECORD_OUTPUTS_HASH. Handling time: 3. Response time: 0.
[NX v22.6.2 Daemon Client] - 2026-04-04T03:00:22.123Z - [Messenger] Received message, length: 2
[NX v22.6.2 Daemon Client] - 2026-04-04T03:00:22.125Z - [Messenger] Sending message type: RECORD_TASK_RUNS
[NX v22.6.2 Daemon Client] - 2026-04-04T03:00:22.125Z - [Messenger] Message sent
[NX v22.6.2 Daemon Server] - 2026-04-04T03:00:22.125Z - Received raw message of length 2586
[NX v22.6.2 Daemon Server] - 2026-04-04T03:00:22.125Z - Received json message of type RECORD_TASK_RUNS
[NX v22.6.2 Daemon Server] - 2026-04-04T03:00:22.125Z - Serializing response for RECORD_TASK_RUNS message in json mode
[NX v22.6.2 Daemon Server] - 2026-04-04T03:00:22.125Z - Responding to RECORD_TASK_RUNS message
[NX v22.6.2 Daemon Server] - 2026-04-04T03:00:22.125Z - [REQUEST]: Responding to the client. handleRecordTaskRuns
[NX v22.6.2 Daemon Server] - 2026-04-04T03:00:22.125Z - Done responding to the client handleRecordTaskRuns
[NX v22.6.2 Daemon Server] - 2026-04-04T03:00:22.125Z - Handled json message RECORD_TASK_RUNS. Handling time: 0. Response time: 0.
[NX v22.6.2 Daemon Client] - 2026-04-04T03:00:22.125Z - [Messenger] Received message, length: 4
[NX v22.6.2 Daemon Client] - 2026-04-04T03:00:22.126Z - [Messenger] Sending message type: GET_FLAKY_TASKS
[NX v22.6.2 Daemon Client] - 2026-04-04T03:00:22.126Z - [Messenger] Message sent
[NX v22.6.2 Daemon Server] - 2026-04-04T03:00:22.126Z - Received raw message of length 328
[NX v22.6.2 Daemon Server] - 2026-04-04T03:00:22.126Z - Received json message of type GET_FLAKY_TASKS
[NX v22.6.2 Daemon Server] - 2026-04-04T03:00:22.126Z - Serializing response for GET_FLAKY_TASKS message in json mode
[NX v22.6.2 Daemon Server] - 2026-04-04T03:00:22.126Z - Responding to GET_FLAKY_TASKS message
[NX v22.6.2 Daemon Server] - 2026-04-04T03:00:22.126Z - [REQUEST]: Responding to the client. handleGetFlakyTasks
[NX v22.6.2 Daemon Server] - 2026-04-04T03:00:22.126Z - Done responding to the client handleGetFlakyTasks
[NX v22.6.2 Daemon Server] - 2026-04-04T03:00:22.126Z - Handled json message GET_FLAKY_TASKS. Handling time: 0. Response time: 0.
[NX v22.6.2 Daemon Client] - 2026-04-04T03:00:22.126Z - [Messenger] Received message, length: 2
[NX v22.6.2 Daemon Server] - 2026-04-04T03:00:22.922Z - [WATCHER]: Processing file changes in outputs
[NX v22.6.2 Daemon Server] - 2026-04-04T03:00:25.181Z - Established a connection. Number of open connections: 2
[NX v22.6.2 Daemon Client] - 2026-04-04T03:00:25.181Z - [Messenger] Sending message type: GET_CONFIGURE_AI_AGENTS_STATUS
[NX v22.6.2 Daemon Client] - 2026-04-04T03:00:25.181Z - [Messenger] Message sent
[NX v22.6.2 Daemon Server] - 2026-04-04T03:00:25.181Z - Received raw message of length 41
[NX v22.6.2 Daemon Server] - 2026-04-04T03:00:25.181Z - Received json message of type GET_CONFIGURE_AI_AGENTS_STATUS
[NX v22.6.2 Daemon Server] - 2026-04-04T03:00:25.181Z - [AI-AGENTS]: Returning cached agent configuration status
[NX v22.6.2 Daemon Server] - 2026-04-04T03:00:25.181Z - Serializing response for GET_CONFIGURE_AI_AGENTS_STATUS message in json mode
[NX v22.6.2 Daemon Server] - 2026-04-04T03:00:25.181Z - Responding to GET_CONFIGURE_AI_AGENTS_STATUS message
[NX v22.6.2 Daemon Server] - 2026-04-04T03:00:25.181Z - [REQUEST]: Responding to the client. handleGetConfigureAiAgentsStatus
[NX v22.6.2 Daemon Server] - 2026-04-04T03:00:25.181Z - Done responding to the client handleGetConfigureAiAgentsStatus
[NX v22.6.2 Daemon Server] - 2026-04-04T03:00:25.182Z - Handled json message GET_CONFIGURE_AI_AGENTS_STATUS. Handling time: 0. Response time: 1.
[NX v22.6.2 Daemon Server] - 2026-04-04T03:00:25.182Z - Closed a connection. Number of open connections: 1
[NX v22.6.2 Daemon Client] - 2026-04-04T03:00:25.182Z - [Messenger] Received message, length: 342
[NX v22.6.2 Daemon Client] - 2026-04-04T03:00:25.398Z - [Messenger] Sending message type: POST_TASKS_EXECUTION
[NX v22.6.2 Daemon Client] - 2026-04-04T03:00:25.400Z - [Messenger] Message sent
[NX v22.6.2 Daemon Server] - 2026-04-04T03:00:25.403Z - Received raw message of length 453430
[NX v22.6.2 Daemon Server] - 2026-04-04T03:00:25.404Z - Received json message of type POST_TASKS_EXECUTION
[NX v22.6.2 Daemon Server] - 2026-04-04T03:00:25.405Z - Serializing response for POST_TASKS_EXECUTION message in json mode
[NX v22.6.2 Daemon Server] - 2026-04-04T03:00:25.405Z - Responding to POST_TASKS_EXECUTION message
[NX v22.6.2 Daemon Server] - 2026-04-04T03:00:25.405Z - [REQUEST]: Responding to the client. handleRunPostTasksExecution
[NX v22.6.2 Daemon Server] - 2026-04-04T03:00:25.405Z - Done responding to the client handleRunPostTasksExecution
[NX v22.6.2 Daemon Server] - 2026-04-04T03:00:25.405Z - Handled json message POST_TASKS_EXECUTION. Handling time: 1. Response time: 0.
[NX v22.6.2 Daemon Server] - 2026-04-04T03:00:25.405Z - Time taken for 'postTasksExecution' 0.1794579999987036ms
[NX v22.6.2 Daemon Client] - 2026-04-04T03:00:25.405Z - [Messenger] Received message, length: 4
[NX v22.6.2 Daemon Server] - 2026-04-04T03:00:25.416Z - Closed a connection. Number of open connections: 0
[NX v22.6.2 Daemon Server] - 2026-04-04T03:00:26.376Z - [WATCHER]: Processing file changes in outputs
[NX v22.6.2 Daemon Server] - 2026-04-04T03:00:35.192Z - [WATCHER]: Processing file changes in outputs
[NX v22.6.2 Daemon Server] - 2026-04-04T03:01:37.879Z - [WATCHER]: Processing file changes in outputs
[NX v22.6.2 Daemon Server] - 2026-04-04T03:02:59.716Z - [WATCHER]: Processing file changes in outputs
[NX v22.6.2 Daemon Server] - 2026-04-04T03:02:59.849Z - [WATCHER]: Processing file changes in outputs
[NX v22.6.2 Daemon Server] - 2026-04-04T03:03:04.976Z - [WATCHER]: Processing file changes in outputs
[NX v22.6.2 Daemon Server] - 2026-04-04T03:03:27.950Z - Established a connection. Number of open connections: 1
[NX v22.6.2 Daemon Client] - 2026-04-04T03:03:27.951Z - [Messenger] Setting up socket listeners
[NX v22.6.2 Daemon Client] - 2026-04-04T03:03:27.952Z - [Messenger] listen() complete
[NX v22.6.2 Daemon Server] - 2026-04-04T03:03:27.953Z - Established a connection. Number of open connections: 2
[NX v22.6.2 Daemon Client] - 2026-04-04T03:03:27.953Z - [Messenger] Sending message type: GET_NX_CONSOLE_STATUS
[NX v22.6.2 Daemon Client] - 2026-04-04T03:03:27.953Z - [Messenger] Message sent
[NX v22.6.2 Daemon Server] - 2026-04-04T03:03:27.953Z - Closed a connection. Number of open connections: 1
[NX v22.6.2 Daemon Server] - 2026-04-04T03:03:27.953Z - Established a connection. Number of open connections: 2
[NX v22.6.2 Daemon Server] - 2026-04-04T03:03:27.954Z - Closed a connection. Number of open connections: 1
[NX v22.6.2 Daemon Server] - 2026-04-04T03:03:27.961Z - Received raw message of length 32
[NX v22.6.2 Daemon Server] - 2026-04-04T03:03:27.961Z - Received json message of type GET_NX_CONSOLE_STATUS
[NX v22.6.2 Daemon Server] - 2026-04-04T03:03:27.961Z - Serializing response for GET_NX_CONSOLE_STATUS message in json mode
[NX v22.6.2 Daemon Server] - 2026-04-04T03:03:27.961Z - Responding to GET_NX_CONSOLE_STATUS message
[NX v22.6.2 Daemon Server] - 2026-04-04T03:03:27.961Z - [REQUEST]: Responding to the client. handleGetNxConsoleStatus
[NX v22.6.2 Daemon Server] - 2026-04-04T03:03:27.961Z - Done responding to the client handleGetNxConsoleStatus
[NX v22.6.2 Daemon Server] - 2026-04-04T03:03:27.961Z - Handled json message GET_NX_CONSOLE_STATUS. Handling time: 0. Response time: 0.
[NX v22.6.2 Daemon Client] - 2026-04-04T03:03:27.962Z - [Messenger] Received message, length: 22
[NX v22.6.2 Daemon Client] - 2026-04-04T03:03:28.013Z - [Messenger] Sending message type: REQUEST_PROJECT_GRAPH
[NX v22.6.2 Daemon Client] - 2026-04-04T03:03:28.013Z - [Messenger] Message sent
[NX v22.6.2 Daemon Server] - 2026-04-04T03:03:28.015Z - Received raw message of length 32
[NX v22.6.2 Daemon Server] - 2026-04-04T03:03:28.015Z - Received json message of type REQUEST_PROJECT_GRAPH
[NX v22.6.2 Daemon Server] - 2026-04-04T03:03:28.015Z - [REQUEST]: Client Request for Project Graph Received
[NX v22.6.2 Daemon Server] - 2026-04-04T03:03:28.018Z - Reusing in-memory cached project graph because no files changed.
[NX v22.6.2 Daemon Server] - 2026-04-04T03:03:28.018Z - Serializing response for REQUEST_PROJECT_GRAPH message in json mode
[NX v22.6.2 Daemon Server] - 2026-04-04T03:03:28.018Z - Responding to REQUEST_PROJECT_GRAPH message
[NX v22.6.2 Daemon Server] - 2026-04-04T03:03:28.018Z - [REQUEST]: Responding to the client. project-graph
[NX v22.6.2 Daemon Server] - 2026-04-04T03:03:28.022Z - Time taken for 'total for creating and serializing project graph' 3.125292000011541ms
[NX v22.6.2 Daemon Server] - 2026-04-04T03:03:28.024Z - Done responding to the client project-graph
[NX v22.6.2 Daemon Server] - 2026-04-04T03:03:28.024Z - Handled json message REQUEST_PROJECT_GRAPH. Handling time: 3. Response time: 6.
[NX v22.6.2 Daemon Client] - 2026-04-04T03:03:28.025Z - [Messenger] Received message, length: 1243918
[NX v22.6.2 Daemon Client] - 2026-04-04T03:03:28.031Z - [Messenger] Sending message type: PRE_TASKS_EXECUTION
[NX v22.6.2 Daemon Client] - 2026-04-04T03:03:28.031Z - [Messenger] Message sent
[NX v22.6.2 Daemon Server] - 2026-04-04T03:03:28.031Z - Received raw message of length 741
[NX v22.6.2 Daemon Server] - 2026-04-04T03:03:28.031Z - Received json message of type PRE_TASKS_EXECUTION
[NX v22.6.2 Daemon Server] - 2026-04-04T03:03:28.032Z - Serializing response for PRE_TASKS_EXECUTION message in json mode
[NX v22.6.2 Daemon Server] - 2026-04-04T03:03:28.032Z - Responding to PRE_TASKS_EXECUTION message
[NX v22.6.2 Daemon Server] - 2026-04-04T03:03:28.032Z - [REQUEST]: Responding to the client. handleRunPreTasksExecution
[NX v22.6.2 Daemon Server] - 2026-04-04T03:03:28.032Z - Done responding to the client handleRunPreTasksExecution
[NX v22.6.2 Daemon Server] - 2026-04-04T03:03:28.032Z - Handled json message PRE_TASKS_EXECUTION. Handling time: 1. Response time: 0.
[NX v22.6.2 Daemon Server] - 2026-04-04T03:03:28.032Z - Time taken for 'preTasksExecution' 0.13454100000672042ms
[NX v22.6.2 Daemon Client] - 2026-04-04T03:03:28.032Z - [Messenger] Received message, length: 2
[NX v22.6.2 Daemon Client] - 2026-04-04T03:03:28.256Z - [Messenger] Sending message type: HASH_TASKS
[NX v22.6.2 Daemon Client] - 2026-04-04T03:03:28.256Z - [Messenger] Message sent
[NX v22.6.2 Daemon Server] - 2026-04-04T03:03:28.257Z - Received raw message of length 21710
[NX v22.6.2 Daemon Server] - 2026-04-04T03:03:28.259Z - Received json message of type HASH_TASKS
[NX v22.6.2 Daemon Server] - 2026-04-04T03:03:28.259Z - Reusing in-memory cached project graph because no files changed.
DEBUG nx::native::tasks::hash_planner: get_plans_internal COMPLETED in 8.626167ms - processed 13 tasks (setup: 5.18525ms, parallel_planning: 3.43425ms)
DEBUG nx::native::tasks::hashers::hash_workspace_files: Hashing workspace fileset with inputs: Adding "11270979969866030128" (".gitignore") to hash
DEBUG nx::native::tasks::hashers::hash_workspace_files: Hashing workspace fileset with inputs: Adding "11270979969866030128" (".gitignore") to hash
DEBUG nx::native::tasks::hashers::hash_workspace_files: Hashing workspace fileset with inputs: Adding "11270979969866030128" (".gitignore") to hash
DEBUG nx::native::tasks::hashers::hash_workspace_files: Hashing workspace fileset with inputs: Adding "11270979969866030128" (".gitignore") to hash
DEBUG nx::native::tasks::hashers::hash_workspace_files: Hashing workspace fileset with inputs: Adding "11270979969866030128" (".gitignore") to hash
DEBUG nx::native::tasks::hashers::hash_workspace_files: Hashing workspace fileset with inputs: Adding "11270979969866030128" (".gitignore") to hash
DEBUG nx::native::tasks::hashers::hash_workspace_files: Hashing workspace fileset with inputs: Adding "11270979969866030128" (".gitignore") to hash
DEBUG nx::native::tasks::hashers::hash_workspace_files: Hashing workspace fileset with inputs: Adding "11270979969866030128" (".gitignore") to hash
DEBUG nx::native::tasks::hashers::hash_workspace_files: Hashing workspace fileset with inputs: Adding "3553820021084211887" ("nx.json") to hash
DEBUG nx::native::tasks::hashers::hash_workspace_files: Hashing workspace fileset with inputs: Hash Value: "10665259820010788507"
DEBUG nx::native::tasks::hashers::hash_workspace_files: Hashing workspace fileset with inputs: Adding "3553820021084211887" ("nx.json") to hash
DEBUG nx::native::tasks::hashers::hash_workspace_files: Hashing workspace fileset with inputs: Hash Value: "10665259820010788507"
DEBUG nx::native::tasks::hashers::hash_workspace_files: Hashing workspace fileset with inputs: Adding "3553820021084211887" ("nx.json") to hash
DEBUG nx::native::tasks::hashers::hash_workspace_files: Hashing workspace fileset with inputs: Hash Value: "10665259820010788507"
DEBUG nx::native::tasks::hashers::hash_workspace_files: Hashing workspace fileset with inputs: Adding "3553820021084211887" ("nx.json") to hash
DEBUG nx::native::tasks::hashers::hash_workspace_files: Hashing workspace fileset with inputs: Hash Value: "10665259820010788507"
DEBUG nx::native::tasks::hashers::hash_workspace_files: Hashing workspace fileset with inputs: Adding "3553820021084211887" ("nx.json") to hash
DEBUG nx::native::tasks::hashers::hash_workspace_files: Hashing workspace fileset with inputs: Hash Value: "10665259820010788507"
DEBUG nx::native::tasks::hashers::hash_workspace_files: Hashing workspace fileset with inputs: Adding "3553820021084211887" ("nx.json") to hash
DEBUG nx::native::tasks::hashers::hash_workspace_files: Hashing workspace fileset with inputs: Hash Value: "10665259820010788507"
DEBUG nx::native::tasks::hashers::hash_workspace_files: Hashing workspace fileset with inputs: Adding "3553820021084211887" ("nx.json") to hash
DEBUG nx::native::tasks::hashers::hash_workspace_files: Hashing workspace fileset with inputs: Hash Value: "10665259820010788507"
DEBUG nx::native::tasks::hashers::hash_workspace_files: Hashing workspace fileset with inputs: Adding "3553820021084211887" ("nx.json") to hash
DEBUG nx::native::tasks::hashers::hash_workspace_files: Hashing workspace fileset with inputs: Hash Value: "10665259820010788507"
DEBUG nx::native::tasks::task_hasher: hash_plans COMPLETED in 56.966417ms - processed 13 plans (setup: 1.085083ms, hashing: 55.879875ms, assembly: 6.686708ms)
[NX v22.6.2 Daemon Server] - 2026-04-04T03:03:28.332Z - Serializing response for HASH_TASKS message in json mode
[NX v22.6.2 Daemon Server] - 2026-04-04T03:03:28.333Z - Responding to HASH_TASKS message
[NX v22.6.2 Daemon Server] - 2026-04-04T03:03:28.333Z - [REQUEST]: Responding to the client. handleHashTasks
[NX v22.6.2 Daemon Server] - 2026-04-04T03:03:28.336Z - Done responding to the client handleHashTasks
[NX v22.6.2 Daemon Server] - 2026-04-04T03:03:28.336Z - Handled json message HASH_TASKS. Handling time: 73. Response time: 4.
[NX v22.6.2 Daemon Client] - 2026-04-04T03:03:28.336Z - [Messenger] Received message, length: 447051
[NX v22.6.2 Daemon Client] - 2026-04-04T03:03:28.389Z - [Messenger] Sending message type: GET_ESTIMATED_TASK_TIMINGS
[NX v22.6.2 Daemon Client] - 2026-04-04T03:03:28.389Z - [Messenger] Message sent
[NX v22.6.2 Daemon Server] - 2026-04-04T03:03:28.389Z - Received raw message of length 705
[NX v22.6.2 Daemon Server] - 2026-04-04T03:03:28.390Z - Received json message of type GET_ESTIMATED_TASK_TIMINGS
[NX v22.6.2 Daemon Server] - 2026-04-04T03:03:28.390Z - Serializing response for GET_ESTIMATED_TASK_TIMINGS message in json mode
[NX v22.6.2 Daemon Server] - 2026-04-04T03:03:28.390Z - Responding to GET_ESTIMATED_TASK_TIMINGS message
[NX v22.6.2 Daemon Server] - 2026-04-04T03:03:28.390Z - [REQUEST]: Responding to the client. handleGetEstimatedTaskTimings
[NX v22.6.2 Daemon Server] - 2026-04-04T03:03:28.390Z - Done responding to the client handleGetEstimatedTaskTimings
[NX v22.6.2 Daemon Server] - 2026-04-04T03:03:28.390Z - Handled json message GET_ESTIMATED_TASK_TIMINGS. Handling time: 0. Response time: 0.
[NX v22.6.2 Daemon Client] - 2026-04-04T03:03:28.390Z - [Messenger] Received message, length: 497
[NX v22.6.2 Daemon Client] - 2026-04-04T03:03:28.394Z - [Messenger] Sending message type: OUTPUTS_HASHES_MATCH
[NX v22.6.2 Daemon Client] - 2026-04-04T03:03:28.394Z - [Messenger] Message sent
[NX v22.6.2 Daemon Server] - 2026-04-04T03:03:28.394Z - Received raw message of length 237
[NX v22.6.2 Daemon Server] - 2026-04-04T03:03:28.394Z - Received json message of type OUTPUTS_HASHES_MATCH
[NX v22.6.2 Daemon Server] - 2026-04-04T03:03:28.397Z - Serializing response for OUTPUTS_HASHES_MATCH message in json mode
[NX v22.6.2 Daemon Server] - 2026-04-04T03:03:28.397Z - Responding to OUTPUTS_HASHES_MATCH message
[NX v22.6.2 Daemon Server] - 2026-04-04T03:03:28.398Z - [REQUEST]: Responding to the client. outputsHashesMatch
[NX v22.6.2 Daemon Server] - 2026-04-04T03:03:28.398Z - Done responding to the client outputsHashesMatch
[NX v22.6.2 Daemon Server] - 2026-04-04T03:03:28.398Z - Handled json message OUTPUTS_HASHES_MATCH. Handling time: 3. Response time: 1.
[NX v22.6.2 Daemon Client] - 2026-04-04T03:03:28.398Z - [Messenger] Received message, length: 4
[NX v22.6.2 Daemon Client] - 2026-04-04T03:03:28.398Z - [Messenger] Sending message type: OUTPUTS_HASHES_MATCH
[NX v22.6.2 Daemon Client] - 2026-04-04T03:03:28.398Z - [Messenger] Message sent
[NX v22.6.2 Daemon Server] - 2026-04-04T03:03:28.398Z - Received raw message of length 245
[NX v22.6.2 Daemon Server] - 2026-04-04T03:03:28.398Z - Received json message of type OUTPUTS_HASHES_MATCH
[NX v22.6.2 Daemon Server] - 2026-04-04T03:03:28.401Z - Serializing response for OUTPUTS_HASHES_MATCH message in json mode
[NX v22.6.2 Daemon Server] - 2026-04-04T03:03:28.401Z - Responding to OUTPUTS_HASHES_MATCH message
[NX v22.6.2 Daemon Server] - 2026-04-04T03:03:28.401Z - [REQUEST]: Responding to the client. outputsHashesMatch
[NX v22.6.2 Daemon Server] - 2026-04-04T03:03:28.401Z - Done responding to the client outputsHashesMatch
[NX v22.6.2 Daemon Server] - 2026-04-04T03:03:28.401Z - Handled json message OUTPUTS_HASHES_MATCH. Handling time: 3. Response time: 0.
[NX v22.6.2 Daemon Client] - 2026-04-04T03:03:28.401Z - [Messenger] Received message, length: 4
[NX v22.6.2 Daemon Client] - 2026-04-04T03:03:28.402Z - [Messenger] Sending message type: RECORD_OUTPUTS_HASH
[NX v22.6.2 Daemon Client] - 2026-04-04T03:03:28.402Z - [Messenger] Message sent
[NX v22.6.2 Daemon Server] - 2026-04-04T03:03:28.402Z - Received raw message of length 236
[NX v22.6.2 Daemon Server] - 2026-04-04T03:03:28.402Z - Received json message of type RECORD_OUTPUTS_HASH
[NX v22.6.2 Daemon Server] - 2026-04-04T03:03:28.405Z - Serializing response for RECORD_OUTPUTS_HASH message in json mode
[NX v22.6.2 Daemon Server] - 2026-04-04T03:03:28.405Z - Responding to RECORD_OUTPUTS_HASH message
[NX v22.6.2 Daemon Server] - 2026-04-04T03:03:28.405Z - [REQUEST]: Responding to the client. recordOutputsHash
[NX v22.6.2 Daemon Server] - 2026-04-04T03:03:28.405Z - Done responding to the client recordOutputsHash
[NX v22.6.2 Daemon Server] - 2026-04-04T03:03:28.405Z - Handled json message RECORD_OUTPUTS_HASH. Handling time: 3. Response time: 0.
[NX v22.6.2 Daemon Client] - 2026-04-04T03:03:28.405Z - [Messenger] Received message, length: 2
[NX v22.6.2 Daemon Client] - 2026-04-04T03:03:28.405Z - [Messenger] Sending message type: RECORD_OUTPUTS_HASH
[NX v22.6.2 Daemon Client] - 2026-04-04T03:03:28.405Z - [Messenger] Message sent
[NX v22.6.2 Daemon Server] - 2026-04-04T03:03:28.405Z - Received raw message of length 244
[NX v22.6.2 Daemon Server] - 2026-04-04T03:03:28.405Z - Received json message of type RECORD_OUTPUTS_HASH
[NX v22.6.2 Daemon Server] - 2026-04-04T03:03:28.407Z - Serializing response for RECORD_OUTPUTS_HASH message in json mode
[NX v22.6.2 Daemon Server] - 2026-04-04T03:03:28.407Z - Responding to RECORD_OUTPUTS_HASH message
[NX v22.6.2 Daemon Server] - 2026-04-04T03:03:28.407Z - [REQUEST]: Responding to the client. recordOutputsHash
[NX v22.6.2 Daemon Server] - 2026-04-04T03:03:28.407Z - Done responding to the client recordOutputsHash
[NX v22.6.2 Daemon Server] - 2026-04-04T03:03:28.407Z - Handled json message RECORD_OUTPUTS_HASH. Handling time: 2. Response time: 0.
[NX v22.6.2 Daemon Client] - 2026-04-04T03:03:28.407Z - [Messenger] Received message, length: 2
[NX v22.6.2 Daemon Client] - 2026-04-04T03:03:28.409Z - [Messenger] Sending message type: OUTPUTS_HASHES_MATCH
[NX v22.6.2 Daemon Client] - 2026-04-04T03:03:28.409Z - [Messenger] Message sent
[NX v22.6.2 Daemon Server] - 2026-04-04T03:03:28.409Z - Received raw message of length 244
[NX v22.6.2 Daemon Server] - 2026-04-04T03:03:28.409Z - Received json message of type OUTPUTS_HASHES_MATCH
[NX v22.6.2 Daemon Server] - 2026-04-04T03:03:28.412Z - Serializing response for OUTPUTS_HASHES_MATCH message in json mode
[NX v22.6.2 Daemon Server] - 2026-04-04T03:03:28.412Z - Responding to OUTPUTS_HASHES_MATCH message
[NX v22.6.2 Daemon Server] - 2026-04-04T03:03:28.412Z - [REQUEST]: Responding to the client. outputsHashesMatch
[NX v22.6.2 Daemon Server] - 2026-04-04T03:03:28.412Z - Done responding to the client outputsHashesMatch
[NX v22.6.2 Daemon Server] - 2026-04-04T03:03:28.412Z - Handled json message OUTPUTS_HASHES_MATCH. Handling time: 3. Response time: 0.
[NX v22.6.2 Daemon Client] - 2026-04-04T03:03:28.412Z - [Messenger] Received message, length: 4
[NX v22.6.2 Daemon Client] - 2026-04-04T03:03:28.413Z - [Messenger] Sending message type: OUTPUTS_HASHES_MATCH
[NX v22.6.2 Daemon Client] - 2026-04-04T03:03:28.413Z - [Messenger] Message sent
[NX v22.6.2 Daemon Server] - 2026-04-04T03:03:28.413Z - Received raw message of length 208
[NX v22.6.2 Daemon Server] - 2026-04-04T03:03:28.413Z - Received json message of type OUTPUTS_HASHES_MATCH
[NX v22.6.2 Daemon Server] - 2026-04-04T03:03:28.417Z - Serializing response for OUTPUTS_HASHES_MATCH message in json mode
[NX v22.6.2 Daemon Server] - 2026-04-04T03:03:28.417Z - Responding to OUTPUTS_HASHES_MATCH message
[NX v22.6.2 Daemon Server] - 2026-04-04T03:03:28.417Z - [REQUEST]: Responding to the client. outputsHashesMatch
[NX v22.6.2 Daemon Server] - 2026-04-04T03:03:28.417Z - Done responding to the client outputsHashesMatch
[NX v22.6.2 Daemon Server] - 2026-04-04T03:03:28.417Z - Handled json message OUTPUTS_HASHES_MATCH. Handling time: 4. Response time: 0.
[NX v22.6.2 Daemon Client] - 2026-04-04T03:03:28.417Z - [Messenger] Received message, length: 4
[NX v22.6.2 Daemon Client] - 2026-04-04T03:03:28.417Z - [Messenger] Sending message type: RECORD_OUTPUTS_HASH
[NX v22.6.2 Daemon Client] - 2026-04-04T03:03:28.417Z - [Messenger] Message sent
[NX v22.6.2 Daemon Server] - 2026-04-04T03:03:28.417Z - Received raw message of length 243
[NX v22.6.2 Daemon Server] - 2026-04-04T03:03:28.417Z - Received json message of type RECORD_OUTPUTS_HASH
[NX v22.6.2 Daemon Server] - 2026-04-04T03:03:28.420Z - Serializing response for RECORD_OUTPUTS_HASH message in json mode
[NX v22.6.2 Daemon Server] - 2026-04-04T03:03:28.420Z - Responding to RECORD_OUTPUTS_HASH message
[NX v22.6.2 Daemon Server] - 2026-04-04T03:03:28.420Z - [REQUEST]: Responding to the client. recordOutputsHash
[NX v22.6.2 Daemon Server] - 2026-04-04T03:03:28.420Z - Done responding to the client recordOutputsHash
[NX v22.6.2 Daemon Server] - 2026-04-04T03:03:28.420Z - Handled json message RECORD_OUTPUTS_HASH. Handling time: 3. Response time: 0.
[NX v22.6.2 Daemon Client] - 2026-04-04T03:03:28.420Z - [Messenger] Received message, length: 2
[NX v22.6.2 Daemon Client] - 2026-04-04T03:03:28.420Z - [Messenger] Sending message type: RECORD_OUTPUTS_HASH
[NX v22.6.2 Daemon Client] - 2026-04-04T03:03:28.420Z - [Messenger] Message sent
[NX v22.6.2 Daemon Server] - 2026-04-04T03:03:28.421Z - Received raw message of length 207
[NX v22.6.2 Daemon Server] - 2026-04-04T03:03:28.421Z - Received json message of type RECORD_OUTPUTS_HASH
[NX v22.6.2 Daemon Server] - 2026-04-04T03:03:28.423Z - Serializing response for RECORD_OUTPUTS_HASH message in json mode
[NX v22.6.2 Daemon Server] - 2026-04-04T03:03:28.423Z - Responding to RECORD_OUTPUTS_HASH message
[NX v22.6.2 Daemon Server] - 2026-04-04T03:03:28.423Z - [REQUEST]: Responding to the client. recordOutputsHash
[NX v22.6.2 Daemon Server] - 2026-04-04T03:03:28.423Z - Done responding to the client recordOutputsHash
[NX v22.6.2 Daemon Server] - 2026-04-04T03:03:28.423Z - Handled json message RECORD_OUTPUTS_HASH. Handling time: 2. Response time: 0.
[NX v22.6.2 Daemon Client] - 2026-04-04T03:03:28.423Z - [Messenger] Received message, length: 2
[NX v22.6.2 Daemon Client] - 2026-04-04T03:03:28.423Z - [Messenger] Sending message type: OUTPUTS_HASHES_MATCH
[NX v22.6.2 Daemon Client] - 2026-04-04T03:03:28.423Z - [Messenger] Message sent
[NX v22.6.2 Daemon Server] - 2026-04-04T03:03:28.423Z - Received raw message of length 201
[NX v22.6.2 Daemon Server] - 2026-04-04T03:03:28.423Z - Received json message of type OUTPUTS_HASHES_MATCH
[NX v22.6.2 Daemon Server] - 2026-04-04T03:03:28.427Z - Serializing response for OUTPUTS_HASHES_MATCH message in json mode
[NX v22.6.2 Daemon Server] - 2026-04-04T03:03:28.427Z - Responding to OUTPUTS_HASHES_MATCH message
[NX v22.6.2 Daemon Server] - 2026-04-04T03:03:28.427Z - [REQUEST]: Responding to the client. outputsHashesMatch
[NX v22.6.2 Daemon Server] - 2026-04-04T03:03:28.427Z - Done responding to the client outputsHashesMatch
[NX v22.6.2 Daemon Server] - 2026-04-04T03:03:28.427Z - Handled json message OUTPUTS_HASHES_MATCH. Handling time: 4. Response time: 0.
[NX v22.6.2 Daemon Client] - 2026-04-04T03:03:28.427Z - [Messenger] Received message, length: 4
[NX v22.6.2 Daemon Client] - 2026-04-04T03:03:28.428Z - [Messenger] Sending message type: RECORD_OUTPUTS_HASH
[NX v22.6.2 Daemon Server] - 2026-04-04T03:03:28.428Z - Received raw message of length 200
[NX v22.6.2 Daemon Client] - 2026-04-04T03:03:28.428Z - [Messenger] Message sent
[NX v22.6.2 Daemon Server] - 2026-04-04T03:03:28.428Z - Received json message of type RECORD_OUTPUTS_HASH
[NX v22.6.2 Daemon Server] - 2026-04-04T03:03:28.430Z - Serializing response for RECORD_OUTPUTS_HASH message in json mode
[NX v22.6.2 Daemon Server] - 2026-04-04T03:03:28.430Z - Responding to RECORD_OUTPUTS_HASH message
[NX v22.6.2 Daemon Server] - 2026-04-04T03:03:28.430Z - [REQUEST]: Responding to the client. recordOutputsHash
[NX v22.6.2 Daemon Server] - 2026-04-04T03:03:28.430Z - Done responding to the client recordOutputsHash
[NX v22.6.2 Daemon Server] - 2026-04-04T03:03:28.430Z - Handled json message RECORD_OUTPUTS_HASH. Handling time: 2. Response time: 0.
[NX v22.6.2 Daemon Client] - 2026-04-04T03:03:28.430Z - [Messenger] Received message, length: 2
[NX v22.6.2 Daemon Client] - 2026-04-04T03:03:28.431Z - [Messenger] Sending message type: OUTPUTS_HASHES_MATCH
[NX v22.6.2 Daemon Client] - 2026-04-04T03:03:28.431Z - [Messenger] Message sent
[NX v22.6.2 Daemon Server] - 2026-04-04T03:03:28.431Z - Received raw message of length 224
[NX v22.6.2 Daemon Server] - 2026-04-04T03:03:28.431Z - Received json message of type OUTPUTS_HASHES_MATCH
[NX v22.6.2 Daemon Server] - 2026-04-04T03:03:28.434Z - Serializing response for OUTPUTS_HASHES_MATCH message in json mode
[NX v22.6.2 Daemon Server] - 2026-04-04T03:03:28.434Z - Responding to OUTPUTS_HASHES_MATCH message
[NX v22.6.2 Daemon Server] - 2026-04-04T03:03:28.434Z - [REQUEST]: Responding to the client. outputsHashesMatch
[NX v22.6.2 Daemon Server] - 2026-04-04T03:03:28.434Z - Done responding to the client outputsHashesMatch
[NX v22.6.2 Daemon Server] - 2026-04-04T03:03:28.434Z - Handled json message OUTPUTS_HASHES_MATCH. Handling time: 3. Response time: 0.
[NX v22.6.2 Daemon Client] - 2026-04-04T03:03:28.434Z - [Messenger] Received message, length: 4
[NX v22.6.2 Daemon Client] - 2026-04-04T03:03:28.434Z - [Messenger] Sending message type: RECORD_OUTPUTS_HASH
[NX v22.6.2 Daemon Server] - 2026-04-04T03:03:28.434Z - Received raw message of length 223
[NX v22.6.2 Daemon Client] - 2026-04-04T03:03:28.434Z - [Messenger] Message sent
[NX v22.6.2 Daemon Server] - 2026-04-04T03:03:28.434Z - Received json message of type RECORD_OUTPUTS_HASH
[NX v22.6.2 Daemon Server] - 2026-04-04T03:03:28.437Z - Serializing response for RECORD_OUTPUTS_HASH message in json mode
[NX v22.6.2 Daemon Server] - 2026-04-04T03:03:28.437Z - Responding to RECORD_OUTPUTS_HASH message
[NX v22.6.2 Daemon Server] - 2026-04-04T03:03:28.437Z - [REQUEST]: Responding to the client. recordOutputsHash
[NX v22.6.2 Daemon Server] - 2026-04-04T03:03:28.437Z - Done responding to the client recordOutputsHash
[NX v22.6.2 Daemon Server] - 2026-04-04T03:03:28.437Z - Handled json message RECORD_OUTPUTS_HASH. Handling time: 3. Response time: 0.
[NX v22.6.2 Daemon Client] - 2026-04-04T03:03:28.437Z - [Messenger] Received message, length: 2
[NX v22.6.2 Daemon Client] - 2026-04-04T03:03:28.439Z - [Messenger] Sending message type: OUTPUTS_HASHES_MATCH
[NX v22.6.2 Daemon Client] - 2026-04-04T03:03:28.439Z - [Messenger] Message sent
[NX v22.6.2 Daemon Server] - 2026-04-04T03:03:28.439Z - Received raw message of length 205
[NX v22.6.2 Daemon Server] - 2026-04-04T03:03:28.439Z - Received json message of type OUTPUTS_HASHES_MATCH
[NX v22.6.2 Daemon Server] - 2026-04-04T03:03:28.441Z - Serializing response for OUTPUTS_HASHES_MATCH message in json mode
[NX v22.6.2 Daemon Server] - 2026-04-04T03:03:28.441Z - Responding to OUTPUTS_HASHES_MATCH message
[NX v22.6.2 Daemon Server] - 2026-04-04T03:03:28.441Z - [REQUEST]: Responding to the client. outputsHashesMatch
[NX v22.6.2 Daemon Server] - 2026-04-04T03:03:28.441Z - Done responding to the client outputsHashesMatch
[NX v22.6.2 Daemon Server] - 2026-04-04T03:03:28.441Z - Handled json message OUTPUTS_HASHES_MATCH. Handling time: 2. Response time: 0.
[NX v22.6.2 Daemon Client] - 2026-04-04T03:03:28.441Z - [Messenger] Received message, length: 4
[NX v22.6.2 Daemon Client] - 2026-04-04T03:03:28.441Z - [Messenger] Sending message type: OUTPUTS_HASHES_MATCH
[NX v22.6.2 Daemon Client] - 2026-04-04T03:03:28.441Z - [Messenger] Message sent
[NX v22.6.2 Daemon Server] - 2026-04-04T03:03:28.441Z - Received raw message of length 208
[NX v22.6.2 Daemon Server] - 2026-04-04T03:03:28.441Z - Received json message of type OUTPUTS_HASHES_MATCH
[NX v22.6.2 Daemon Server] - 2026-04-04T03:03:28.445Z - Serializing response for OUTPUTS_HASHES_MATCH message in json mode
[NX v22.6.2 Daemon Server] - 2026-04-04T03:03:28.445Z - Responding to OUTPUTS_HASHES_MATCH message
[NX v22.6.2 Daemon Server] - 2026-04-04T03:03:28.445Z - [REQUEST]: Responding to the client. outputsHashesMatch
[NX v22.6.2 Daemon Server] - 2026-04-04T03:03:28.445Z - Done responding to the client outputsHashesMatch
[NX v22.6.2 Daemon Server] - 2026-04-04T03:03:28.445Z - Handled json message OUTPUTS_HASHES_MATCH. Handling time: 4. Response time: 0.
[NX v22.6.2 Daemon Client] - 2026-04-04T03:03:28.445Z - [Messenger] Received message, length: 4
[NX v22.6.2 Daemon Client] - 2026-04-04T03:03:28.445Z - [Messenger] Sending message type: RECORD_OUTPUTS_HASH
[NX v22.6.2 Daemon Server] - 2026-04-04T03:03:28.445Z - Received raw message of length 204
[NX v22.6.2 Daemon Client] - 2026-04-04T03:03:28.445Z - [Messenger] Message sent
[NX v22.6.2 Daemon Server] - 2026-04-04T03:03:28.445Z - Received json message of type RECORD_OUTPUTS_HASH
[NX v22.6.2 Daemon Server] - 2026-04-04T03:03:28.448Z - Serializing response for RECORD_OUTPUTS_HASH message in json mode
[NX v22.6.2 Daemon Server] - 2026-04-04T03:03:28.448Z - Responding to RECORD_OUTPUTS_HASH message
[NX v22.6.2 Daemon Server] - 2026-04-04T03:03:28.448Z - [REQUEST]: Responding to the client. recordOutputsHash
[NX v22.6.2 Daemon Server] - 2026-04-04T03:03:28.448Z - Done responding to the client recordOutputsHash
[NX v22.6.2 Daemon Server] - 2026-04-04T03:03:28.448Z - Handled json message RECORD_OUTPUTS_HASH. Handling time: 3. Response time: 0.
[NX v22.6.2 Daemon Client] - 2026-04-04T03:03:28.448Z - [Messenger] Received message, length: 2
[NX v22.6.2 Daemon Client] - 2026-04-04T03:03:28.448Z - [Messenger] Sending message type: RECORD_OUTPUTS_HASH
[NX v22.6.2 Daemon Server] - 2026-04-04T03:03:28.448Z - Received raw message of length 207
[NX v22.6.2 Daemon Client] - 2026-04-04T03:03:28.448Z - [Messenger] Message sent
[NX v22.6.2 Daemon Server] - 2026-04-04T03:03:28.448Z - Received json message of type RECORD_OUTPUTS_HASH
[NX v22.6.2 Daemon Server] - 2026-04-04T03:03:28.452Z - Serializing response for RECORD_OUTPUTS_HASH message in json mode
[NX v22.6.2 Daemon Server] - 2026-04-04T03:03:28.452Z - Responding to RECORD_OUTPUTS_HASH message
[NX v22.6.2 Daemon Server] - 2026-04-04T03:03:28.452Z - [REQUEST]: Responding to the client. recordOutputsHash
[NX v22.6.2 Daemon Server] - 2026-04-04T03:03:28.452Z - Done responding to the client recordOutputsHash
[NX v22.6.2 Daemon Server] - 2026-04-04T03:03:28.452Z - Handled json message RECORD_OUTPUTS_HASH. Handling time: 4. Response time: 0.
[NX v22.6.2 Daemon Client] - 2026-04-04T03:03:28.452Z - [Messenger] Received message, length: 2
[NX v22.6.2 Daemon Client] - 2026-04-04T03:03:28.452Z - [Messenger] Sending message type: OUTPUTS_HASHES_MATCH
[NX v22.6.2 Daemon Client] - 2026-04-04T03:03:28.452Z - [Messenger] Message sent
[NX v22.6.2 Daemon Server] - 2026-04-04T03:03:28.452Z - Received raw message of length 204
[NX v22.6.2 Daemon Server] - 2026-04-04T03:03:28.452Z - Received json message of type OUTPUTS_HASHES_MATCH
[NX v22.6.2 Daemon Server] - 2026-04-04T03:03:28.454Z - Serializing response for OUTPUTS_HASHES_MATCH message in json mode
[NX v22.6.2 Daemon Server] - 2026-04-04T03:03:28.454Z - Responding to OUTPUTS_HASHES_MATCH message
[NX v22.6.2 Daemon Server] - 2026-04-04T03:03:28.454Z - [REQUEST]: Responding to the client. outputsHashesMatch
[NX v22.6.2 Daemon Server] - 2026-04-04T03:03:28.454Z - Done responding to the client outputsHashesMatch
[NX v22.6.2 Daemon Server] - 2026-04-04T03:03:28.454Z - Handled json message OUTPUTS_HASHES_MATCH. Handling time: 2. Response time: 0.
[NX v22.6.2 Daemon Client] - 2026-04-04T03:03:28.454Z - [Messenger] Received message, length: 4
[NX v22.6.2 Daemon Client] - 2026-04-04T03:03:28.454Z - [Messenger] Sending message type: RECORD_OUTPUTS_HASH
[NX v22.6.2 Daemon Server] - 2026-04-04T03:03:28.454Z - Received raw message of length 203
[NX v22.6.2 Daemon Client] - 2026-04-04T03:03:28.454Z - [Messenger] Message sent
[NX v22.6.2 Daemon Server] - 2026-04-04T03:03:28.454Z - Received json message of type RECORD_OUTPUTS_HASH
[NX v22.6.2 Daemon Server] - 2026-04-04T03:03:28.457Z - Serializing response for RECORD_OUTPUTS_HASH message in json mode
[NX v22.6.2 Daemon Server] - 2026-04-04T03:03:28.457Z - Responding to RECORD_OUTPUTS_HASH message
[NX v22.6.2 Daemon Server] - 2026-04-04T03:03:28.457Z - [REQUEST]: Responding to the client. recordOutputsHash
[NX v22.6.2 Daemon Server] - 2026-04-04T03:03:28.457Z - Done responding to the client recordOutputsHash
[NX v22.6.2 Daemon Server] - 2026-04-04T03:03:28.457Z - Handled json message RECORD_OUTPUTS_HASH. Handling time: 3. Response time: 0.
[NX v22.6.2 Daemon Client] - 2026-04-04T03:03:28.457Z - [Messenger] Received message, length: 2
[NX v22.6.2 Daemon Client] - 2026-04-04T03:03:28.459Z - [Messenger] Sending message type: OUTPUTS_HASHES_MATCH
[NX v22.6.2 Daemon Client] - 2026-04-04T03:03:28.459Z - [Messenger] Message sent
[NX v22.6.2 Daemon Server] - 2026-04-04T03:03:28.459Z - Received raw message of length 237
[NX v22.6.2 Daemon Server] - 2026-04-04T03:03:28.459Z - Received json message of type OUTPUTS_HASHES_MATCH
[NX v22.6.2 Daemon Server] - 2026-04-04T03:03:28.462Z - Serializing response for OUTPUTS_HASHES_MATCH message in json mode
[NX v22.6.2 Daemon Server] - 2026-04-04T03:03:28.462Z - Responding to OUTPUTS_HASHES_MATCH message
[NX v22.6.2 Daemon Server] - 2026-04-04T03:03:28.462Z - [REQUEST]: Responding to the client. outputsHashesMatch
[NX v22.6.2 Daemon Server] - 2026-04-04T03:03:28.462Z - Done responding to the client outputsHashesMatch
[NX v22.6.2 Daemon Server] - 2026-04-04T03:03:28.462Z - Handled json message OUTPUTS_HASHES_MATCH. Handling time: 3. Response time: 0.
[NX v22.6.2 Daemon Client] - 2026-04-04T03:03:28.462Z - [Messenger] Received message, length: 4
[NX v22.6.2 Daemon Client] - 2026-04-04T03:03:28.462Z - [Messenger] Sending message type: OUTPUTS_HASHES_MATCH
[NX v22.6.2 Daemon Client] - 2026-04-04T03:03:28.462Z - [Messenger] Message sent
[NX v22.6.2 Daemon Server] - 2026-04-04T03:03:28.463Z - Received raw message of length 232
[NX v22.6.2 Daemon Server] - 2026-04-04T03:03:28.463Z - Received json message of type OUTPUTS_HASHES_MATCH
[NX v22.6.2 Daemon Server] - 2026-04-04T03:03:28.464Z - Serializing response for OUTPUTS_HASHES_MATCH message in json mode
[NX v22.6.2 Daemon Server] - 2026-04-04T03:03:28.464Z - Responding to OUTPUTS_HASHES_MATCH message
[NX v22.6.2 Daemon Server] - 2026-04-04T03:03:28.464Z - [REQUEST]: Responding to the client. outputsHashesMatch
[NX v22.6.2 Daemon Server] - 2026-04-04T03:03:28.464Z - Done responding to the client outputsHashesMatch
[NX v22.6.2 Daemon Server] - 2026-04-04T03:03:28.464Z - Handled json message OUTPUTS_HASHES_MATCH. Handling time: 1. Response time: 0.
[NX v22.6.2 Daemon Client] - 2026-04-04T03:03:28.464Z - [Messenger] Received message, length: 4
[NX v22.6.2 Daemon Client] - 2026-04-04T03:03:28.465Z - [Messenger] Sending message type: RECORD_OUTPUTS_HASH
[NX v22.6.2 Daemon Server] - 2026-04-04T03:03:28.465Z - Received raw message of length 236
[NX v22.6.2 Daemon Client] - 2026-04-04T03:03:28.465Z - [Messenger] Message sent
[NX v22.6.2 Daemon Server] - 2026-04-04T03:03:28.465Z - Received json message of type RECORD_OUTPUTS_HASH
[NX v22.6.2 Daemon Server] - 2026-04-04T03:03:28.467Z - Serializing response for RECORD_OUTPUTS_HASH message in json mode
[NX v22.6.2 Daemon Server] - 2026-04-04T03:03:28.467Z - Responding to RECORD_OUTPUTS_HASH message
[NX v22.6.2 Daemon Server] - 2026-04-04T03:03:28.467Z - [REQUEST]: Responding to the client. recordOutputsHash
[NX v22.6.2 Daemon Server] - 2026-04-04T03:03:28.467Z - Done responding to the client recordOutputsHash
[NX v22.6.2 Daemon Server] - 2026-04-04T03:03:28.467Z - Handled json message RECORD_OUTPUTS_HASH. Handling time: 2. Response time: 0.
[NX v22.6.2 Daemon Client] - 2026-04-04T03:03:28.467Z - [Messenger] Received message, length: 2
[NX v22.6.2 Daemon Client] - 2026-04-04T03:03:28.467Z - [Messenger] Sending message type: RECORD_OUTPUTS_HASH
[NX v22.6.2 Daemon Client] - 2026-04-04T03:03:28.467Z - [Messenger] Message sent
[NX v22.6.2 Daemon Server] - 2026-04-04T03:03:28.467Z - Received raw message of length 231
[NX v22.6.2 Daemon Server] - 2026-04-04T03:03:28.467Z - Received json message of type RECORD_OUTPUTS_HASH
[NX v22.6.2 Daemon Server] - 2026-04-04T03:03:28.469Z - Serializing response for RECORD_OUTPUTS_HASH message in json mode
[NX v22.6.2 Daemon Server] - 2026-04-04T03:03:28.469Z - Responding to RECORD_OUTPUTS_HASH message
[NX v22.6.2 Daemon Server] - 2026-04-04T03:03:28.469Z - [REQUEST]: Responding to the client. recordOutputsHash
[NX v22.6.2 Daemon Server] - 2026-04-04T03:03:28.469Z - Done responding to the client recordOutputsHash
[NX v22.6.2 Daemon Server] - 2026-04-04T03:03:28.469Z - Handled json message RECORD_OUTPUTS_HASH. Handling time: 2. Response time: 0.
[NX v22.6.2 Daemon Client] - 2026-04-04T03:03:28.469Z - [Messenger] Received message, length: 2
[NX v22.6.2 Daemon Client] - 2026-04-04T03:03:28.471Z - [Messenger] Sending message type: OUTPUTS_HASHES_MATCH
[NX v22.6.2 Daemon Client] - 2026-04-04T03:03:28.471Z - [Messenger] Message sent
[NX v22.6.2 Daemon Server] - 2026-04-04T03:03:28.471Z - Received raw message of length 196
[NX v22.6.2 Daemon Server] - 2026-04-04T03:03:28.471Z - Received json message of type OUTPUTS_HASHES_MATCH
[NX v22.6.2 Daemon Server] - 2026-04-04T03:03:28.476Z - Serializing response for OUTPUTS_HASHES_MATCH message in json mode
[NX v22.6.2 Daemon Server] - 2026-04-04T03:03:28.476Z - Responding to OUTPUTS_HASHES_MATCH message
[NX v22.6.2 Daemon Server] - 2026-04-04T03:03:28.476Z - [REQUEST]: Responding to the client. outputsHashesMatch
[NX v22.6.2 Daemon Server] - 2026-04-04T03:03:28.476Z - Done responding to the client outputsHashesMatch
[NX v22.6.2 Daemon Server] - 2026-04-04T03:03:28.476Z - Handled json message OUTPUTS_HASHES_MATCH. Handling time: 5. Response time: 0.
[NX v22.6.2 Daemon Client] - 2026-04-04T03:03:28.476Z - [Messenger] Received message, length: 5
[NX v22.6.2 Daemon Server] - 2026-04-04T03:03:28.541Z - [WATCHER]: Processing file changes in outputs
[NX v22.6.2 Daemon Client] - 2026-04-04T03:03:28.542Z - [Messenger] Sending message type: OUTPUTS_HASHES_MATCH
[NX v22.6.2 Daemon Client] - 2026-04-04T03:03:28.543Z - [Messenger] Message sent
[NX v22.6.2 Daemon Server] - 2026-04-04T03:03:28.545Z - Received raw message of length 184
[NX v22.6.2 Daemon Server] - 2026-04-04T03:03:28.545Z - Received json message of type OUTPUTS_HASHES_MATCH
[NX v22.6.2 Daemon Server] - 2026-04-04T03:03:28.550Z - Serializing response for OUTPUTS_HASHES_MATCH message in json mode
[NX v22.6.2 Daemon Server] - 2026-04-04T03:03:28.550Z - Responding to OUTPUTS_HASHES_MATCH message
[NX v22.6.2 Daemon Server] - 2026-04-04T03:03:28.550Z - [REQUEST]: Responding to the client. outputsHashesMatch
[NX v22.6.2 Daemon Server] - 2026-04-04T03:03:28.550Z - Done responding to the client outputsHashesMatch
[NX v22.6.2 Daemon Server] - 2026-04-04T03:03:28.550Z - Handled json message OUTPUTS_HASHES_MATCH. Handling time: 5. Response time: 0.
[NX v22.6.2 Daemon Client] - 2026-04-04T03:03:28.550Z - [Messenger] Received message, length: 4
[NX v22.6.2 Daemon Client] - 2026-04-04T03:03:28.551Z - [Messenger] Sending message type: RECORD_OUTPUTS_HASH
[NX v22.6.2 Daemon Client] - 2026-04-04T03:03:28.551Z - [Messenger] Message sent
[NX v22.6.2 Daemon Server] - 2026-04-04T03:03:28.551Z - Received raw message of length 195
[NX v22.6.2 Daemon Server] - 2026-04-04T03:03:28.551Z - Received json message of type RECORD_OUTPUTS_HASH
[NX v22.6.2 Daemon Server] - 2026-04-04T03:03:28.558Z - Serializing response for RECORD_OUTPUTS_HASH message in json mode
[NX v22.6.2 Daemon Server] - 2026-04-04T03:03:28.559Z - Responding to RECORD_OUTPUTS_HASH message
[NX v22.6.2 Daemon Server] - 2026-04-04T03:03:28.559Z - [REQUEST]: Responding to the client. recordOutputsHash
[NX v22.6.2 Daemon Server] - 2026-04-04T03:03:28.559Z - Done responding to the client recordOutputsHash
[NX v22.6.2 Daemon Server] - 2026-04-04T03:03:28.559Z - Handled json message RECORD_OUTPUTS_HASH. Handling time: 7. Response time: 1.
[NX v22.6.2 Daemon Client] - 2026-04-04T03:03:28.559Z - [Messenger] Received message, length: 2
[NX v22.6.2 Daemon Server] - 2026-04-04T03:03:28.560Z - [WATCHER]: 50 file(s) created or restored, 0 file(s) modified, 0 file(s) deleted
[NX v22.6.2 Daemon Client] - 2026-04-04T03:03:28.560Z - [Messenger] Sending message type: RECORD_OUTPUTS_HASH
[NX v22.6.2 Daemon Server] - 2026-04-04T03:03:28.561Z - [SYNC]: clearing sync generators cache due to file changes
[NX v22.6.2 Daemon Client] - 2026-04-04T03:03:28.561Z - [Messenger] Message sent
[NX v22.6.2 Daemon Server] - 2026-04-04T03:03:28.561Z - Received raw message of length 183
[NX v22.6.2 Daemon Server] - 2026-04-04T03:03:28.561Z - Received json message of type RECORD_OUTPUTS_HASH
[NX v22.6.2 Daemon Server] - 2026-04-04T03:03:28.566Z - Serializing response for RECORD_OUTPUTS_HASH message in json mode
[NX v22.6.2 Daemon Server] - 2026-04-04T03:03:28.566Z - Responding to RECORD_OUTPUTS_HASH message
[NX v22.6.2 Daemon Server] - 2026-04-04T03:03:28.566Z - [REQUEST]: Responding to the client. recordOutputsHash
[NX v22.6.2 Daemon Server] - 2026-04-04T03:03:28.566Z - Done responding to the client recordOutputsHash
[NX v22.6.2 Daemon Server] - 2026-04-04T03:03:28.566Z - Handled json message RECORD_OUTPUTS_HASH. Handling time: 5. Response time: 0.
[NX v22.6.2 Daemon Client] - 2026-04-04T03:03:28.566Z - [Messenger] Received message, length: 2
[NX v22.6.2 Daemon Client] - 2026-04-04T03:03:28.568Z - [Messenger] Sending message type: RECORD_TASK_RUNS
[NX v22.6.2 Daemon Server] - 2026-04-04T03:03:28.569Z - Received raw message of length 2572
[NX v22.6.2 Daemon Client] - 2026-04-04T03:03:28.569Z - [Messenger] Message sent
[NX v22.6.2 Daemon Server] - 2026-04-04T03:03:28.569Z - Received json message of type RECORD_TASK_RUNS
[NX v22.6.2 Daemon Server] - 2026-04-04T03:03:28.570Z - Serializing response for RECORD_TASK_RUNS message in json mode
[NX v22.6.2 Daemon Server] - 2026-04-04T03:03:28.570Z - Responding to RECORD_TASK_RUNS message
[NX v22.6.2 Daemon Server] - 2026-04-04T03:03:28.570Z - [REQUEST]: Responding to the client. handleRecordTaskRuns
[NX v22.6.2 Daemon Server] - 2026-04-04T03:03:28.570Z - Done responding to the client handleRecordTaskRuns
[NX v22.6.2 Daemon Server] - 2026-04-04T03:03:28.570Z - Handled json message RECORD_TASK_RUNS. Handling time: 1. Response time: 0.
[NX v22.6.2 Daemon Client] - 2026-04-04T03:03:28.570Z - [Messenger] Received message, length: 4
[NX v22.6.2 Daemon Client] - 2026-04-04T03:03:28.573Z - [Messenger] Sending message type: GET_FLAKY_TASKS
[NX v22.6.2 Daemon Client] - 2026-04-04T03:03:28.573Z - [Messenger] Message sent
[NX v22.6.2 Daemon Server] - 2026-04-04T03:03:28.573Z - Received raw message of length 328
[NX v22.6.2 Daemon Server] - 2026-04-04T03:03:28.573Z - Received json message of type GET_FLAKY_TASKS
[NX v22.6.2 Daemon Server] - 2026-04-04T03:03:28.573Z - Serializing response for GET_FLAKY_TASKS message in json mode
[NX v22.6.2 Daemon Server] - 2026-04-04T03:03:28.573Z - Responding to GET_FLAKY_TASKS message
[NX v22.6.2 Daemon Server] - 2026-04-04T03:03:28.573Z - [REQUEST]: Responding to the client. handleGetFlakyTasks
[NX v22.6.2 Daemon Server] - 2026-04-04T03:03:28.573Z - Done responding to the client handleGetFlakyTasks
[NX v22.6.2 Daemon Server] - 2026-04-04T03:03:28.573Z - Handled json message GET_FLAKY_TASKS. Handling time: 0. Response time: 0.
[NX v22.6.2 Daemon Client] - 2026-04-04T03:03:28.575Z - [Messenger] Received message, length: 2
[NX v22.6.2 Daemon Server] - 2026-04-04T03:03:28.594Z - [WATCHER]: Processing file changes in outputs
[NX v22.6.2 Daemon Server] - 2026-04-04T03:03:28.599Z - [WATCHER]: 11 file(s) created or restored, 0 file(s) modified, 0 file(s) deleted
[NX v22.6.2 Daemon Server] - 2026-04-04T03:03:28.599Z - [SYNC]: clearing sync generators cache due to file changes
[NX v22.6.2 Daemon Server] - 2026-04-04T03:03:28.737Z - [REQUEST]: Updated workspace context based on watched changes, recomputing project graph...
[NX v22.6.2 Daemon Server] - 2026-04-04T03:03:28.737Z - [REQUEST]: apps/thunder-console/public/assets/images/icons/mobile-message.svg,apps/thunder-console/public/assets/images/icons/message-text.svg,apps/thunder-console/public/assets/images/icons/divider.svg,apps/thunder-console/public/assets/images/icons/facebook-black.svg,apps/thunder-console/public/assets/images/icons/checkbox-check.svg,apps/thunder-console/public/assets/images/icons/boolean.svg,apps/thunder-console/public/assets/images/icons/microsoft-black.svg,apps/thunder-console/public/assets/images/icons/play.svg,apps/thunder-console/public/assets/images/logo-mini.svg,apps/thunder-console/public/assets/images/icons/fingerprint.svg,apps/thunder-console/public/assets/images/icons/stamp.svg,apps/thunder-console/public/assets/images/icons/user.svg,apps/thunder-console/public/assets/images/icons/date.svg,apps/thunder-console/public/assets/images/icons/check-mark-inside-a-black-box.svg,apps/thunder-console/public/assets/images/icons/google-generic.svg,apps/thunder-console/public/assets/images/icons/display-rich-text.svg,apps/thunder-console/public/assets/images/icons/textbox.svg,apps/thunder-console/public/assets/images/logo-inverted.svg,apps/thunder-console/public/assets/images/icons/recaptcha.png,apps/thunder-console/public/assets/images/icons/form.svg,apps/thunder-console/public/assets/images/icons/magnifying-glass.svg,apps/thunder-console/public/assets/images/icons/loop.svg,apps/thunder-console/public/assets/images/logo.svg,apps/thunder-console/public/assets/images/icons/number-input.svg,apps/thunder-console/public/assets/images/icons/decide.svg,apps/thunder-console/public/assets/images/icons/at.svg,apps/thunder-console/public/assets/images/icons/landscape-placeholder.svg,apps/thunder-console/public/assets/images/icons/refresh-ccw.svg,apps/thunder-console/public/assets/images/icons/button.svg,apps/thunder-console/public/assets/images/icons/scan.svg,apps/thunder-console/public/assets/images/logo-mini-inverted.svg,apps/thunder-console/public/assets/images/icons/apple.svg,apps/thunder-console/public/assets/images/icons/text-size.svg,apps/thunder-console/public/assets/images/icons/password.svg,apps/thunder-console/public/assets/images/icons/image-square.svg,apps/thunder-console/public/assets/images/icons/transaction-password-otp-verification-code-security.svg,apps/thunder-console/public/assets/images/icons/google.svg,apps/thunder-console/public/assets/images/icons/password-input.svg,apps/thunder-console/public/assets/images/icons/github.svg,apps/thunder-console/public/assets/images/icons/microsoft.svg,apps/thunder-console/public/assets/images/icons/robot.svg,apps/thunder-console/public/assets/images/icons/arrowhead-right-outline.svg,apps/thunder-console/public/assets/images/icons/email-down.svg,apps/thunder-console/public/assets/images/icons/phone.svg,apps/thunder-console/public/assets/images/favicon.ico,apps/thunder-console/public/config.js,apps/thunder-console/public/assets/images/icons/facebook.svg,apps/thunder-console/public/assets/images/icons/step.svg,apps/thunder-console/public/assets/images/icons/email.svg,apps/thunder-console/public/assets/images/icons/link.svg
[NX v22.6.2 Daemon Server] - 2026-04-04T03:03:28.737Z - [REQUEST]: 
[NX v22.6.2 Daemon Server] - 2026-04-04T03:03:28.803Z - Time taken for 'hash changed files from watcher' 75.21333300002152ms
Time taken for 'plugin worker 18493 code loading' 75.138958ms
Time taken for 'plugin worker 18492 code loading' 76.92645800000001ms
[NX v22.6.2 Daemon Server] - 2026-04-04T03:03:28.942Z - Time taken for 'start-plugin-worker:nx/js/dependencies-and-lockfile' 142.24995899997884ms
[NX v22.6.2 Daemon Server] - 2026-04-04T03:03:28.943Z - Time taken for 'start-plugin-worker:nx/core/package-json' 141.2909160000272ms
Time taken for 'plugin worker 18494 code loading' 79.309625ms
[NX v22.6.2 Daemon Server] - 2026-04-04T03:03:28.944Z - Time taken for 'start-plugin-worker:nx/core/project-json' 141.73708400002215ms
Time taken for 'nx/js/dependencies-and-lockfile:createNodes' 10.728624999999994ms
Time taken for 'nx/core/package-json:createNodes' 220.875583ms
[NX v22.6.2 Daemon Server] - 2026-04-04T03:03:29.700Z - Time taken for 'build-project-configs' 415.99783299997216ms
[NX v22.6.2 Daemon Server] - 2026-04-04T03:03:29.700Z - Time taken for 'createNodes:merge' 1.811959000013303ms
[NX v22.6.2 Daemon Server] - 2026-04-04T03:03:29.700Z - Time taken for 'get-all-workspace-files' 114.528833999997ms
Time taken for 'build typescript dependencies' 0.10454199999992397ms
[NX v22.6.2 Daemon Server] - 2026-04-04T03:03:29.869Z - [SYNC]: collect registered sync generators
[NX v22.6.2 Daemon Server] - 2026-04-04T03:03:29.870Z - [SYNC]: project graph hash is the same, not collecting task sync generators
[NX v22.6.2 Daemon Server] - 2026-04-04T03:03:29.870Z - [SYNC]: nx.json hash is the same, not collecting global sync generators
[NX v22.6.2 Daemon Server] - 2026-04-04T03:03:29.870Z - Time taken for 'total execution time for createProjectGraph()' 398.157125000027ms
[NX v22.6.2 Daemon Server] - 2026-04-04T03:03:29.870Z - Time taken for 'createDependencies' 266.3040000000037ms
[NX v22.6.2 Daemon Server] - 2026-04-04T03:03:29.870Z - Time taken for 'nx/js/dependencies-and-lockfile:createDependencies' 266.19208400003845ms
[NX v22.6.2 Daemon Server] - 2026-04-04T03:03:29.870Z - Time taken for 'createMetadata' 0.024208999995607883ms
[NX v22.6.2 Daemon Server] - 2026-04-04T03:03:29.870Z - Time taken for 'serialize graph' 4.031040999980178ms
[NX v22.6.2 Daemon Server] - 2026-04-04T03:03:31.604Z - Established a connection. Number of open connections: 2
[NX v22.6.2 Daemon Client] - 2026-04-04T03:03:31.604Z - [Messenger] Sending message type: GET_CONFIGURE_AI_AGENTS_STATUS
[NX v22.6.2 Daemon Client] - 2026-04-04T03:03:31.604Z - [Messenger] Message sent
[NX v22.6.2 Daemon Server] - 2026-04-04T03:03:31.605Z - Closed a connection. Number of open connections: 1
[NX v22.6.2 Daemon Server] - 2026-04-04T03:03:31.605Z - Received raw message of length 41
[NX v22.6.2 Daemon Server] - 2026-04-04T03:03:31.605Z - Received json message of type GET_CONFIGURE_AI_AGENTS_STATUS
[NX v22.6.2 Daemon Server] - 2026-04-04T03:03:31.605Z - [AI-AGENTS]: Returning cached agent configuration status
[NX v22.6.2 Daemon Server] - 2026-04-04T03:03:31.605Z - Serializing response for GET_CONFIGURE_AI_AGENTS_STATUS message in json mode
[NX v22.6.2 Daemon Server] - 2026-04-04T03:03:31.605Z - Responding to GET_CONFIGURE_AI_AGENTS_STATUS message
[NX v22.6.2 Daemon Server] - 2026-04-04T03:03:31.605Z - [REQUEST]: Responding to the client. handleGetConfigureAiAgentsStatus
[NX v22.6.2 Daemon Server] - 2026-04-04T03:03:31.605Z - Done responding to the client handleGetConfigureAiAgentsStatus
[NX v22.6.2 Daemon Server] - 2026-04-04T03:03:31.605Z - Handled json message GET_CONFIGURE_AI_AGENTS_STATUS. Handling time: 0. Response time: 0.
[NX v22.6.2 Daemon Client] - 2026-04-04T03:03:31.605Z - [Messenger] Received message, length: 342
[NX v22.6.2 Daemon Client] - 2026-04-04T03:03:31.829Z - [Messenger] Sending message type: POST_TASKS_EXECUTION
[NX v22.6.2 Daemon Client] - 2026-04-04T03:03:31.831Z - [Messenger] Message sent
[NX v22.6.2 Daemon Server] - 2026-04-04T03:03:31.832Z - Received raw message of length 453415
[NX v22.6.2 Daemon Server] - 2026-04-04T03:03:31.833Z - Received json message of type POST_TASKS_EXECUTION
[NX v22.6.2 Daemon Server] - 2026-04-04T03:03:31.833Z - Serializing response for POST_TASKS_EXECUTION message in json mode
[NX v22.6.2 Daemon Server] - 2026-04-04T03:03:31.833Z - Responding to POST_TASKS_EXECUTION message
[NX v22.6.2 Daemon Server] - 2026-04-04T03:03:31.833Z - [REQUEST]: Responding to the client. handleRunPostTasksExecution
[NX v22.6.2 Daemon Server] - 2026-04-04T03:03:31.833Z - Done responding to the client handleRunPostTasksExecution
[NX v22.6.2 Daemon Server] - 2026-04-04T03:03:31.833Z - Handled json message POST_TASKS_EXECUTION. Handling time: 0. Response time: 0.
[NX v22.6.2 Daemon Server] - 2026-04-04T03:03:31.834Z - Time taken for 'postTasksExecution' 0.10795800003688782ms
[NX v22.6.2 Daemon Client] - 2026-04-04T03:03:31.834Z - [Messenger] Received message, length: 4
[NX v22.6.2 Daemon Server] - 2026-04-04T03:03:31.844Z - Closed a connection. Number of open connections: 0
[NX v22.6.2 Daemon Server] - 2026-04-04T03:03:32.962Z - [WATCHER]: Processing file changes in outputs
[NX v22.6.2 Daemon Server] - 2026-04-04T03:04:22.678Z - [WATCHER]: Processing file changes in outputs
[NX v22.6.2 Daemon Server] - 2026-04-04T03:05:33.203Z - Established a connection. Number of open connections: 1
[NX v22.6.2 Daemon Server] - 2026-04-04T03:05:33.204Z - Established a connection. Number of open connections: 2
[NX v22.6.2 Daemon Server] - 2026-04-04T03:05:33.204Z - Closed a connection. Number of open connections: 1
[NX v22.6.2 Daemon Server] - 2026-04-04T03:05:33.204Z - Established a connection. Number of open connections: 2
[NX v22.6.2 Daemon Server] - 2026-04-04T03:05:33.204Z - Closed a connection. Number of open connections: 1
[NX v22.6.2 Daemon Client] - 2026-04-04T03:05:33.204Z - [Messenger] Setting up socket listeners
[NX v22.6.2 Daemon Client] - 2026-04-04T03:05:33.205Z - [Messenger] listen() complete
[NX v22.6.2 Daemon Client] - 2026-04-04T03:05:33.206Z - [Messenger] Sending message type: GET_NX_CONSOLE_STATUS
[NX v22.6.2 Daemon Client] - 2026-04-04T03:05:33.206Z - [Messenger] Message sent
[NX v22.6.2 Daemon Server] - 2026-04-04T03:05:33.215Z - Received raw message of length 32
[NX v22.6.2 Daemon Server] - 2026-04-04T03:05:33.215Z - Received json message of type GET_NX_CONSOLE_STATUS
[NX v22.6.2 Daemon Server] - 2026-04-04T03:05:33.215Z - Serializing response for GET_NX_CONSOLE_STATUS message in json mode
[NX v22.6.2 Daemon Server] - 2026-04-04T03:05:33.215Z - Responding to GET_NX_CONSOLE_STATUS message
[NX v22.6.2 Daemon Server] - 2026-04-04T03:05:33.215Z - [REQUEST]: Responding to the client. handleGetNxConsoleStatus
[NX v22.6.2 Daemon Server] - 2026-04-04T03:05:33.216Z - Done responding to the client handleGetNxConsoleStatus
[NX v22.6.2 Daemon Server] - 2026-04-04T03:05:33.216Z - Handled json message GET_NX_CONSOLE_STATUS. Handling time: 0. Response time: 1.
[NX v22.6.2 Daemon Client] - 2026-04-04T03:05:33.216Z - [Messenger] Received message, length: 22
[NX v22.6.2 Daemon Client] - 2026-04-04T03:05:33.265Z - [Messenger] Sending message type: REQUEST_PROJECT_GRAPH
[NX v22.6.2 Daemon Client] - 2026-04-04T03:05:33.265Z - [Messenger] Message sent
[NX v22.6.2 Daemon Server] - 2026-04-04T03:05:33.265Z - Received raw message of length 32
[NX v22.6.2 Daemon Server] - 2026-04-04T03:05:33.265Z - Received json message of type REQUEST_PROJECT_GRAPH
[NX v22.6.2 Daemon Server] - 2026-04-04T03:05:33.265Z - [REQUEST]: Client Request for Project Graph Received
[NX v22.6.2 Daemon Server] - 2026-04-04T03:05:33.266Z - Reusing in-memory cached project graph because no files changed.
[NX v22.6.2 Daemon Server] - 2026-04-04T03:05:33.266Z - Serializing response for REQUEST_PROJECT_GRAPH message in json mode
[NX v22.6.2 Daemon Server] - 2026-04-04T03:05:33.266Z - Responding to REQUEST_PROJECT_GRAPH message
[NX v22.6.2 Daemon Server] - 2026-04-04T03:05:33.266Z - [REQUEST]: Responding to the client. project-graph
[NX v22.6.2 Daemon Server] - 2026-04-04T03:05:33.268Z - Time taken for 'total for creating and serializing project graph' 0.5396250000339933ms
[NX v22.6.2 Daemon Server] - 2026-04-04T03:05:33.271Z - Done responding to the client project-graph
[NX v22.6.2 Daemon Server] - 2026-04-04T03:05:33.271Z - Handled json message REQUEST_PROJECT_GRAPH. Handling time: 1. Response time: 5.
[NX v22.6.2 Daemon Client] - 2026-04-04T03:05:33.271Z - [Messenger] Received message, length: 1243918
[NX v22.6.2 Daemon Client] - 2026-04-04T03:05:33.277Z - [Messenger] Sending message type: PRE_TASKS_EXECUTION
[NX v22.6.2 Daemon Client] - 2026-04-04T03:05:33.277Z - [Messenger] Message sent
[NX v22.6.2 Daemon Server] - 2026-04-04T03:05:33.277Z - Received raw message of length 742
[NX v22.6.2 Daemon Server] - 2026-04-04T03:05:33.277Z - Received json message of type PRE_TASKS_EXECUTION
[NX v22.6.2 Daemon Server] - 2026-04-04T03:05:33.278Z - Serializing response for PRE_TASKS_EXECUTION message in json mode
[NX v22.6.2 Daemon Server] - 2026-04-04T03:05:33.278Z - Responding to PRE_TASKS_EXECUTION message
[NX v22.6.2 Daemon Server] - 2026-04-04T03:05:33.278Z - [REQUEST]: Responding to the client. handleRunPreTasksExecution
[NX v22.6.2 Daemon Server] - 2026-04-04T03:05:33.278Z - Done responding to the client handleRunPreTasksExecution
[NX v22.6.2 Daemon Server] - 2026-04-04T03:05:33.278Z - Handled json message PRE_TASKS_EXECUTION. Handling time: 1. Response time: 0.
[NX v22.6.2 Daemon Server] - 2026-04-04T03:05:33.278Z - Time taken for 'preTasksExecution' 0.1960829999879934ms
[NX v22.6.2 Daemon Client] - 2026-04-04T03:05:33.278Z - [Messenger] Received message, length: 2
[NX v22.6.2 Daemon Client] - 2026-04-04T03:05:33.504Z - [Messenger] Sending message type: HASH_TASKS
[NX v22.6.2 Daemon Client] - 2026-04-04T03:05:33.504Z - [Messenger] Message sent
[NX v22.6.2 Daemon Server] - 2026-04-04T03:05:33.505Z - Received raw message of length 21710
[NX v22.6.2 Daemon Server] - 2026-04-04T03:05:33.506Z - Received json message of type HASH_TASKS
[NX v22.6.2 Daemon Server] - 2026-04-04T03:05:33.507Z - Reusing in-memory cached project graph because no files changed.
DEBUG nx::native::tasks::hash_planner: get_plans_internal COMPLETED in 15.030417ms - processed 13 tasks (setup: 5.391583ms, parallel_planning: 9.635792ms)
DEBUG nx::native::tasks::hashers::hash_workspace_files: Hashing workspace fileset with inputs: Adding "11270979969866030128" (".gitignore") to hash
DEBUG nx::native::tasks::hashers::hash_workspace_files: Hashing workspace fileset with inputs: Adding "11270979969866030128" (".gitignore") to hash
DEBUG nx::native::tasks::hashers::hash_workspace_files: Hashing workspace fileset with inputs: Adding "11270979969866030128" (".gitignore") to hash
DEBUG nx::native::tasks::hashers::hash_workspace_files: Hashing workspace fileset with inputs: Adding "11270979969866030128" (".gitignore") to hash
DEBUG nx::native::tasks::hashers::hash_workspace_files: Hashing workspace fileset with inputs: Adding "11270979969866030128" (".gitignore") to hash
DEBUG nx::native::tasks::hashers::hash_workspace_files: Hashing workspace fileset with inputs: Adding "11270979969866030128" (".gitignore") to hash
DEBUG nx::native::tasks::hashers::hash_workspace_files: Hashing workspace fileset with inputs: Adding "11270979969866030128" (".gitignore") to hash
DEBUG nx::native::tasks::hashers::hash_workspace_files: Hashing workspace fileset with inputs: Adding "11270979969866030128" (".gitignore") to hash
DEBUG nx::native::tasks::hashers::hash_workspace_files: Hashing workspace fileset with inputs: Adding "3553820021084211887" ("nx.json") to hash
DEBUG nx::native::tasks::hashers::hash_workspace_files: Hashing workspace fileset with inputs: Adding "3553820021084211887" ("nx.json") to hash
DEBUG nx::native::tasks::hashers::hash_workspace_files: Hashing workspace fileset with inputs: Hash Value: "10665259820010788507"
DEBUG nx::native::tasks::hashers::hash_workspace_files: Hashing workspace fileset with inputs: Hash Value: "10665259820010788507"
DEBUG nx::native::tasks::hashers::hash_workspace_files: Hashing workspace fileset with inputs: Adding "3553820021084211887" ("nx.json") to hash
DEBUG nx::native::tasks::hashers::hash_workspace_files: Hashing workspace fileset with inputs: Hash Value: "10665259820010788507"
DEBUG nx::native::tasks::hashers::hash_workspace_files: Hashing workspace fileset with inputs: Adding "3553820021084211887" ("nx.json") to hash
DEBUG nx::native::tasks::hashers::hash_workspace_files: Hashing workspace fileset with inputs: Hash Value: "10665259820010788507"
DEBUG nx::native::tasks::hashers::hash_workspace_files: Hashing workspace fileset with inputs: Adding "3553820021084211887" ("nx.json") to hash
DEBUG nx::native::tasks::hashers::hash_workspace_files: Hashing workspace fileset with inputs: Hash Value: "10665259820010788507"
DEBUG nx::native::tasks::hashers::hash_workspace_files: Hashing workspace fileset with inputs: Adding "3553820021084211887" ("nx.json") to hash
DEBUG nx::native::tasks::hashers::hash_workspace_files: Hashing workspace fileset with inputs: Hash Value: "10665259820010788507"
DEBUG nx::native::tasks::hashers::hash_workspace_files: Hashing workspace fileset with inputs: Adding "3553820021084211887" ("nx.json") to hash
DEBUG nx::native::tasks::hashers::hash_workspace_files: Hashing workspace fileset with inputs: Hash Value: "10665259820010788507"
DEBUG nx::native::tasks::hashers::hash_workspace_files: Hashing workspace fileset with inputs: Adding "3553820021084211887" ("nx.json") to hash
DEBUG nx::native::tasks::hashers::hash_workspace_files: Hashing workspace fileset with inputs: Hash Value: "10665259820010788507"
DEBUG nx::native::tasks::task_hasher: hash_plans COMPLETED in 52.013459ms - processed 13 plans (setup: 1.137542ms, hashing: 50.873417ms, assembly: 6.462125ms)
[NX v22.6.2 Daemon Server] - 2026-04-04T03:05:33.586Z - Serializing response for HASH_TASKS message in json mode
[NX v22.6.2 Daemon Server] - 2026-04-04T03:05:33.587Z - Responding to HASH_TASKS message
[NX v22.6.2 Daemon Server] - 2026-04-04T03:05:33.587Z - [REQUEST]: Responding to the client. handleHashTasks
[NX v22.6.2 Daemon Server] - 2026-04-04T03:05:33.589Z - Done responding to the client handleHashTasks
[NX v22.6.2 Daemon Server] - 2026-04-04T03:05:33.589Z - Handled json message HASH_TASKS. Handling time: 80. Response time: 3.
[NX v22.6.2 Daemon Client] - 2026-04-04T03:05:33.589Z - [Messenger] Received message, length: 447051
[NX v22.6.2 Daemon Client] - 2026-04-04T03:05:33.640Z - [Messenger] Sending message type: GET_ESTIMATED_TASK_TIMINGS
[NX v22.6.2 Daemon Client] - 2026-04-04T03:05:33.640Z - [Messenger] Message sent
[NX v22.6.2 Daemon Server] - 2026-04-04T03:05:33.640Z - Received raw message of length 705
[NX v22.6.2 Daemon Server] - 2026-04-04T03:05:33.640Z - Received json message of type GET_ESTIMATED_TASK_TIMINGS
[NX v22.6.2 Daemon Server] - 2026-04-04T03:05:33.641Z - Serializing response for GET_ESTIMATED_TASK_TIMINGS message in json mode
[NX v22.6.2 Daemon Server] - 2026-04-04T03:05:33.641Z - Responding to GET_ESTIMATED_TASK_TIMINGS message
[NX v22.6.2 Daemon Server] - 2026-04-04T03:05:33.641Z - [REQUEST]: Responding to the client. handleGetEstimatedTaskTimings
[NX v22.6.2 Daemon Server] - 2026-04-04T03:05:33.641Z - Done responding to the client handleGetEstimatedTaskTimings
[NX v22.6.2 Daemon Server] - 2026-04-04T03:05:33.641Z - Handled json message GET_ESTIMATED_TASK_TIMINGS. Handling time: 1. Response time: 0.
[NX v22.6.2 Daemon Client] - 2026-04-04T03:05:33.641Z - [Messenger] Received message, length: 497
[NX v22.6.2 Daemon Client] - 2026-04-04T03:05:33.644Z - [Messenger] Sending message type: OUTPUTS_HASHES_MATCH
[NX v22.6.2 Daemon Client] - 2026-04-04T03:05:33.644Z - [Messenger] Message sent
[NX v22.6.2 Daemon Server] - 2026-04-04T03:05:33.644Z - Received raw message of length 237
[NX v22.6.2 Daemon Server] - 2026-04-04T03:05:33.644Z - Received json message of type OUTPUTS_HASHES_MATCH
[NX v22.6.2 Daemon Server] - 2026-04-04T03:05:33.647Z - Serializing response for OUTPUTS_HASHES_MATCH message in json mode
[NX v22.6.2 Daemon Server] - 2026-04-04T03:05:33.648Z - Responding to OUTPUTS_HASHES_MATCH message
[NX v22.6.2 Daemon Server] - 2026-04-04T03:05:33.648Z - [REQUEST]: Responding to the client. outputsHashesMatch
[NX v22.6.2 Daemon Server] - 2026-04-04T03:05:33.648Z - Done responding to the client outputsHashesMatch
[NX v22.6.2 Daemon Server] - 2026-04-04T03:05:33.648Z - Handled json message OUTPUTS_HASHES_MATCH. Handling time: 3. Response time: 1.
[NX v22.6.2 Daemon Client] - 2026-04-04T03:05:33.648Z - [Messenger] Received message, length: 4
[NX v22.6.2 Daemon Client] - 2026-04-04T03:05:33.648Z - [Messenger] Sending message type: OUTPUTS_HASHES_MATCH
[NX v22.6.2 Daemon Client] - 2026-04-04T03:05:33.648Z - [Messenger] Message sent
[NX v22.6.2 Daemon Server] - 2026-04-04T03:05:33.648Z - Received raw message of length 245
[NX v22.6.2 Daemon Server] - 2026-04-04T03:05:33.648Z - Received json message of type OUTPUTS_HASHES_MATCH
[NX v22.6.2 Daemon Server] - 2026-04-04T03:05:33.650Z - Serializing response for OUTPUTS_HASHES_MATCH message in json mode
[NX v22.6.2 Daemon Server] - 2026-04-04T03:05:33.650Z - Responding to OUTPUTS_HASHES_MATCH message
[NX v22.6.2 Daemon Server] - 2026-04-04T03:05:33.650Z - [REQUEST]: Responding to the client. outputsHashesMatch
[NX v22.6.2 Daemon Server] - 2026-04-04T03:05:33.650Z - Done responding to the client outputsHashesMatch
[NX v22.6.2 Daemon Server] - 2026-04-04T03:05:33.650Z - Handled json message OUTPUTS_HASHES_MATCH. Handling time: 2. Response time: 0.
[NX v22.6.2 Daemon Client] - 2026-04-04T03:05:33.650Z - [Messenger] Received message, length: 4
[NX v22.6.2 Daemon Client] - 2026-04-04T03:05:33.650Z - [Messenger] Sending message type: RECORD_OUTPUTS_HASH
[NX v22.6.2 Daemon Client] - 2026-04-04T03:05:33.650Z - [Messenger] Message sent
[NX v22.6.2 Daemon Server] - 2026-04-04T03:05:33.650Z - Received raw message of length 236
[NX v22.6.2 Daemon Server] - 2026-04-04T03:05:33.650Z - Received json message of type RECORD_OUTPUTS_HASH
[NX v22.6.2 Daemon Server] - 2026-04-04T03:05:33.652Z - Serializing response for RECORD_OUTPUTS_HASH message in json mode
[NX v22.6.2 Daemon Server] - 2026-04-04T03:05:33.652Z - Responding to RECORD_OUTPUTS_HASH message
[NX v22.6.2 Daemon Server] - 2026-04-04T03:05:33.652Z - [REQUEST]: Responding to the client. recordOutputsHash
[NX v22.6.2 Daemon Server] - 2026-04-04T03:05:33.652Z - Done responding to the client recordOutputsHash
[NX v22.6.2 Daemon Server] - 2026-04-04T03:05:33.652Z - Handled json message RECORD_OUTPUTS_HASH. Handling time: 2. Response time: 0.
[NX v22.6.2 Daemon Client] - 2026-04-04T03:05:33.652Z - [Messenger] Received message, length: 2
[NX v22.6.2 Daemon Client] - 2026-04-04T03:05:33.652Z - [Messenger] Sending message type: RECORD_OUTPUTS_HASH
[NX v22.6.2 Daemon Client] - 2026-04-04T03:05:33.653Z - [Messenger] Message sent
[NX v22.6.2 Daemon Server] - 2026-04-04T03:05:33.653Z - Received raw message of length 244
[NX v22.6.2 Daemon Server] - 2026-04-04T03:05:33.653Z - Received json message of type RECORD_OUTPUTS_HASH
[NX v22.6.2 Daemon Server] - 2026-04-04T03:05:33.654Z - Serializing response for RECORD_OUTPUTS_HASH message in json mode
[NX v22.6.2 Daemon Server] - 2026-04-04T03:05:33.654Z - Responding to RECORD_OUTPUTS_HASH message
[NX v22.6.2 Daemon Server] - 2026-04-04T03:05:33.654Z - [REQUEST]: Responding to the client. recordOutputsHash
[NX v22.6.2 Daemon Server] - 2026-04-04T03:05:33.654Z - Done responding to the client recordOutputsHash
[NX v22.6.2 Daemon Server] - 2026-04-04T03:05:33.654Z - Handled json message RECORD_OUTPUTS_HASH. Handling time: 1. Response time: 0.
[NX v22.6.2 Daemon Client] - 2026-04-04T03:05:33.654Z - [Messenger] Received message, length: 2
[NX v22.6.2 Daemon Client] - 2026-04-04T03:05:33.656Z - [Messenger] Sending message type: OUTPUTS_HASHES_MATCH
[NX v22.6.2 Daemon Client] - 2026-04-04T03:05:33.656Z - [Messenger] Message sent
[NX v22.6.2 Daemon Server] - 2026-04-04T03:05:33.656Z - Received raw message of length 244
[NX v22.6.2 Daemon Server] - 2026-04-04T03:05:33.656Z - Received json message of type OUTPUTS_HASHES_MATCH
[NX v22.6.2 Daemon Server] - 2026-04-04T03:05:33.658Z - Serializing response for OUTPUTS_HASHES_MATCH message in json mode
[NX v22.6.2 Daemon Server] - 2026-04-04T03:05:33.659Z - Responding to OUTPUTS_HASHES_MATCH message
[NX v22.6.2 Daemon Server] - 2026-04-04T03:05:33.659Z - [REQUEST]: Responding to the client. outputsHashesMatch
[NX v22.6.2 Daemon Server] - 2026-04-04T03:05:33.659Z - Done responding to the client outputsHashesMatch
[NX v22.6.2 Daemon Server] - 2026-04-04T03:05:33.659Z - Handled json message OUTPUTS_HASHES_MATCH. Handling time: 1. Response time: 1.
[NX v22.6.2 Daemon Client] - 2026-04-04T03:05:33.659Z - [Messenger] Received message, length: 4
[NX v22.6.2 Daemon Client] - 2026-04-04T03:05:33.659Z - [Messenger] Sending message type: OUTPUTS_HASHES_MATCH
[NX v22.6.2 Daemon Client] - 2026-04-04T03:05:33.659Z - [Messenger] Message sent
[NX v22.6.2 Daemon Server] - 2026-04-04T03:05:33.659Z - Received raw message of length 208
[NX v22.6.2 Daemon Server] - 2026-04-04T03:05:33.659Z - Received json message of type OUTPUTS_HASHES_MATCH
[NX v22.6.2 Daemon Server] - 2026-04-04T03:05:33.661Z - Serializing response for OUTPUTS_HASHES_MATCH message in json mode
[NX v22.6.2 Daemon Server] - 2026-04-04T03:05:33.661Z - Responding to OUTPUTS_HASHES_MATCH message
[NX v22.6.2 Daemon Server] - 2026-04-04T03:05:33.661Z - [REQUEST]: Responding to the client. outputsHashesMatch
[NX v22.6.2 Daemon Server] - 2026-04-04T03:05:33.661Z - Done responding to the client outputsHashesMatch
[NX v22.6.2 Daemon Server] - 2026-04-04T03:05:33.661Z - Handled json message OUTPUTS_HASHES_MATCH. Handling time: 2. Response time: 0.
[NX v22.6.2 Daemon Client] - 2026-04-04T03:05:33.661Z - [Messenger] Received message, length: 4
[NX v22.6.2 Daemon Client] - 2026-04-04T03:05:33.661Z - [Messenger] Sending message type: RECORD_OUTPUTS_HASH
[NX v22.6.2 Daemon Client] - 2026-04-04T03:05:33.661Z - [Messenger] Message sent
[NX v22.6.2 Daemon Server] - 2026-04-04T03:05:33.661Z - Received raw message of length 243
[NX v22.6.2 Daemon Server] - 2026-04-04T03:05:33.661Z - Received json message of type RECORD_OUTPUTS_HASH
[NX v22.6.2 Daemon Server] - 2026-04-04T03:05:33.663Z - Serializing response for RECORD_OUTPUTS_HASH message in json mode
[NX v22.6.2 Daemon Server] - 2026-04-04T03:05:33.663Z - Responding to RECORD_OUTPUTS_HASH message
[NX v22.6.2 Daemon Server] - 2026-04-04T03:05:33.663Z - [REQUEST]: Responding to the client. recordOutputsHash
[NX v22.6.2 Daemon Server] - 2026-04-04T03:05:33.663Z - Done responding to the client recordOutputsHash
[NX v22.6.2 Daemon Server] - 2026-04-04T03:05:33.663Z - Handled json message RECORD_OUTPUTS_HASH. Handling time: 2. Response time: 0.
[NX v22.6.2 Daemon Client] - 2026-04-04T03:05:33.663Z - [Messenger] Received message, length: 2
[NX v22.6.2 Daemon Client] - 2026-04-04T03:05:33.663Z - [Messenger] Sending message type: RECORD_OUTPUTS_HASH
[NX v22.6.2 Daemon Server] - 2026-04-04T03:05:33.663Z - Received raw message of length 207
[NX v22.6.2 Daemon Client] - 2026-04-04T03:05:33.663Z - [Messenger] Message sent
[NX v22.6.2 Daemon Server] - 2026-04-04T03:05:33.664Z - Received json message of type RECORD_OUTPUTS_HASH
[NX v22.6.2 Daemon Server] - 2026-04-04T03:05:33.665Z - Serializing response for RECORD_OUTPUTS_HASH message in json mode
[NX v22.6.2 Daemon Server] - 2026-04-04T03:05:33.665Z - Responding to RECORD_OUTPUTS_HASH message
[NX v22.6.2 Daemon Server] - 2026-04-04T03:05:33.665Z - [REQUEST]: Responding to the client. recordOutputsHash
[NX v22.6.2 Daemon Server] - 2026-04-04T03:05:33.665Z - Done responding to the client recordOutputsHash
[NX v22.6.2 Daemon Server] - 2026-04-04T03:05:33.665Z - Handled json message RECORD_OUTPUTS_HASH. Handling time: 1. Response time: 0.
[NX v22.6.2 Daemon Client] - 2026-04-04T03:05:33.665Z - [Messenger] Received message, length: 2
[NX v22.6.2 Daemon Client] - 2026-04-04T03:05:33.666Z - [Messenger] Sending message type: OUTPUTS_HASHES_MATCH
[NX v22.6.2 Daemon Server] - 2026-04-04T03:05:33.666Z - Received raw message of length 201
[NX v22.6.2 Daemon Client] - 2026-04-04T03:05:33.666Z - [Messenger] Message sent
[NX v22.6.2 Daemon Server] - 2026-04-04T03:05:33.666Z - Received json message of type OUTPUTS_HASHES_MATCH
[NX v22.6.2 Daemon Server] - 2026-04-04T03:05:33.668Z - Serializing response for OUTPUTS_HASHES_MATCH message in json mode
[NX v22.6.2 Daemon Server] - 2026-04-04T03:05:33.668Z - Responding to OUTPUTS_HASHES_MATCH message
[NX v22.6.2 Daemon Server] - 2026-04-04T03:05:33.668Z - [REQUEST]: Responding to the client. outputsHashesMatch
[NX v22.6.2 Daemon Server] - 2026-04-04T03:05:33.668Z - Done responding to the client outputsHashesMatch
[NX v22.6.2 Daemon Server] - 2026-04-04T03:05:33.668Z - Handled json message OUTPUTS_HASHES_MATCH. Handling time: 2. Response time: 0.
[NX v22.6.2 Daemon Client] - 2026-04-04T03:05:33.668Z - [Messenger] Received message, length: 4
[NX v22.6.2 Daemon Client] - 2026-04-04T03:05:33.668Z - [Messenger] Sending message type: RECORD_OUTPUTS_HASH
[NX v22.6.2 Daemon Client] - 2026-04-04T03:05:33.668Z - [Messenger] Message sent
[NX v22.6.2 Daemon Server] - 2026-04-04T03:05:33.668Z - Received raw message of length 200
[NX v22.6.2 Daemon Server] - 2026-04-04T03:05:33.668Z - Received json message of type RECORD_OUTPUTS_HASH
[NX v22.6.2 Daemon Server] - 2026-04-04T03:05:33.672Z - Serializing response for RECORD_OUTPUTS_HASH message in json mode
[NX v22.6.2 Daemon Server] - 2026-04-04T03:05:33.672Z - Responding to RECORD_OUTPUTS_HASH message
[NX v22.6.2 Daemon Server] - 2026-04-04T03:05:33.672Z - [REQUEST]: Responding to the client. recordOutputsHash
[NX v22.6.2 Daemon Server] - 2026-04-04T03:05:33.672Z - Done responding to the client recordOutputsHash
[NX v22.6.2 Daemon Server] - 2026-04-04T03:05:33.672Z - Handled json message RECORD_OUTPUTS_HASH. Handling time: 4. Response time: 0.
[NX v22.6.2 Daemon Client] - 2026-04-04T03:05:33.672Z - [Messenger] Received message, length: 2
[NX v22.6.2 Daemon Client] - 2026-04-04T03:05:33.673Z - [Messenger] Sending message type: OUTPUTS_HASHES_MATCH
[NX v22.6.2 Daemon Client] - 2026-04-04T03:05:33.673Z - [Messenger] Message sent
[NX v22.6.2 Daemon Server] - 2026-04-04T03:05:33.673Z - Received raw message of length 224
[NX v22.6.2 Daemon Server] - 2026-04-04T03:05:33.673Z - Received json message of type OUTPUTS_HASHES_MATCH
[NX v22.6.2 Daemon Server] - 2026-04-04T03:05:33.676Z - Serializing response for OUTPUTS_HASHES_MATCH message in json mode
[NX v22.6.2 Daemon Server] - 2026-04-04T03:05:33.676Z - Responding to OUTPUTS_HASHES_MATCH message
[NX v22.6.2 Daemon Server] - 2026-04-04T03:05:33.676Z - [REQUEST]: Responding to the client. outputsHashesMatch
[NX v22.6.2 Daemon Server] - 2026-04-04T03:05:33.676Z - Done responding to the client outputsHashesMatch
[NX v22.6.2 Daemon Server] - 2026-04-04T03:05:33.676Z - Handled json message OUTPUTS_HASHES_MATCH. Handling time: 3. Response time: 0.
[NX v22.6.2 Daemon Client] - 2026-04-04T03:05:33.676Z - [Messenger] Received message, length: 4
[NX v22.6.2 Daemon Client] - 2026-04-04T03:05:33.676Z - [Messenger] Sending message type: RECORD_OUTPUTS_HASH
[NX v22.6.2 Daemon Server] - 2026-04-04T03:05:33.677Z - Received raw message of length 223
[NX v22.6.2 Daemon Client] - 2026-04-04T03:05:33.677Z - [Messenger] Message sent
[NX v22.6.2 Daemon Server] - 2026-04-04T03:05:33.677Z - Received json message of type RECORD_OUTPUTS_HASH
[NX v22.6.2 Daemon Server] - 2026-04-04T03:05:33.678Z - Serializing response for RECORD_OUTPUTS_HASH message in json mode
[NX v22.6.2 Daemon Server] - 2026-04-04T03:05:33.678Z - Responding to RECORD_OUTPUTS_HASH message
[NX v22.6.2 Daemon Server] - 2026-04-04T03:05:33.678Z - [REQUEST]: Responding to the client. recordOutputsHash
[NX v22.6.2 Daemon Server] - 2026-04-04T03:05:33.678Z - Done responding to the client recordOutputsHash
[NX v22.6.2 Daemon Server] - 2026-04-04T03:05:33.678Z - Handled json message RECORD_OUTPUTS_HASH. Handling time: 1. Response time: 0.
[NX v22.6.2 Daemon Client] - 2026-04-04T03:05:33.678Z - [Messenger] Received message, length: 2
[NX v22.6.2 Daemon Client] - 2026-04-04T03:05:33.680Z - [Messenger] Sending message type: OUTPUTS_HASHES_MATCH
[NX v22.6.2 Daemon Client] - 2026-04-04T03:05:33.680Z - [Messenger] Message sent
[NX v22.6.2 Daemon Server] - 2026-04-04T03:05:33.680Z - Received raw message of length 205
[NX v22.6.2 Daemon Server] - 2026-04-04T03:05:33.681Z - Received json message of type OUTPUTS_HASHES_MATCH
[NX v22.6.2 Daemon Server] - 2026-04-04T03:05:33.684Z - Serializing response for OUTPUTS_HASHES_MATCH message in json mode
[NX v22.6.2 Daemon Server] - 2026-04-04T03:05:33.684Z - Responding to OUTPUTS_HASHES_MATCH message
[NX v22.6.2 Daemon Server] - 2026-04-04T03:05:33.684Z - [REQUEST]: Responding to the client. outputsHashesMatch
[NX v22.6.2 Daemon Server] - 2026-04-04T03:05:33.684Z - Done responding to the client outputsHashesMatch
[NX v22.6.2 Daemon Server] - 2026-04-04T03:05:33.684Z - Handled json message OUTPUTS_HASHES_MATCH. Handling time: 3. Response time: 0.
[NX v22.6.2 Daemon Client] - 2026-04-04T03:05:33.684Z - [Messenger] Received message, length: 4
[NX v22.6.2 Daemon Client] - 2026-04-04T03:05:33.684Z - [Messenger] Sending message type: OUTPUTS_HASHES_MATCH
[NX v22.6.2 Daemon Client] - 2026-04-04T03:05:33.684Z - [Messenger] Message sent
[NX v22.6.2 Daemon Server] - 2026-04-04T03:05:33.684Z - Received raw message of length 208
[NX v22.6.2 Daemon Server] - 2026-04-04T03:05:33.684Z - Received json message of type OUTPUTS_HASHES_MATCH
[NX v22.6.2 Daemon Server] - 2026-04-04T03:05:33.687Z - Serializing response for OUTPUTS_HASHES_MATCH message in json mode
[NX v22.6.2 Daemon Server] - 2026-04-04T03:05:33.687Z - Responding to OUTPUTS_HASHES_MATCH message
[NX v22.6.2 Daemon Server] - 2026-04-04T03:05:33.687Z - [REQUEST]: Responding to the client. outputsHashesMatch
[NX v22.6.2 Daemon Server] - 2026-04-04T03:05:33.687Z - Done responding to the client outputsHashesMatch
[NX v22.6.2 Daemon Server] - 2026-04-04T03:05:33.687Z - Handled json message OUTPUTS_HASHES_MATCH. Handling time: 3. Response time: 0.
[NX v22.6.2 Daemon Client] - 2026-04-04T03:05:33.687Z - [Messenger] Received message, length: 4
[NX v22.6.2 Daemon Client] - 2026-04-04T03:05:33.687Z - [Messenger] Sending message type: RECORD_OUTPUTS_HASH
[NX v22.6.2 Daemon Server] - 2026-04-04T03:05:33.687Z - Received raw message of length 204
[NX v22.6.2 Daemon Server] - 2026-04-04T03:05:33.687Z - Received json message of type RECORD_OUTPUTS_HASH
[NX v22.6.2 Daemon Client] - 2026-04-04T03:05:33.687Z - [Messenger] Message sent
[NX v22.6.2 Daemon Server] - 2026-04-04T03:05:33.689Z - Serializing response for RECORD_OUTPUTS_HASH message in json mode
[NX v22.6.2 Daemon Server] - 2026-04-04T03:05:33.689Z - Responding to RECORD_OUTPUTS_HASH message
[NX v22.6.2 Daemon Server] - 2026-04-04T03:05:33.689Z - [REQUEST]: Responding to the client. recordOutputsHash
[NX v22.6.2 Daemon Server] - 2026-04-04T03:05:33.689Z - Done responding to the client recordOutputsHash
[NX v22.6.2 Daemon Server] - 2026-04-04T03:05:33.689Z - Handled json message RECORD_OUTPUTS_HASH. Handling time: 2. Response time: 0.
[NX v22.6.2 Daemon Client] - 2026-04-04T03:05:33.689Z - [Messenger] Received message, length: 2
[NX v22.6.2 Daemon Client] - 2026-04-04T03:05:33.689Z - [Messenger] Sending message type: RECORD_OUTPUTS_HASH
[NX v22.6.2 Daemon Client] - 2026-04-04T03:05:33.689Z - [Messenger] Message sent
[NX v22.6.2 Daemon Server] - 2026-04-04T03:05:33.689Z - Received raw message of length 207
[NX v22.6.2 Daemon Server] - 2026-04-04T03:05:33.689Z - Received json message of type RECORD_OUTPUTS_HASH
[NX v22.6.2 Daemon Server] - 2026-04-04T03:05:33.692Z - Serializing response for RECORD_OUTPUTS_HASH message in json mode
[NX v22.6.2 Daemon Server] - 2026-04-04T03:05:33.692Z - Responding to RECORD_OUTPUTS_HASH message
[NX v22.6.2 Daemon Server] - 2026-04-04T03:05:33.692Z - [REQUEST]: Responding to the client. recordOutputsHash
[NX v22.6.2 Daemon Server] - 2026-04-04T03:05:33.692Z - Done responding to the client recordOutputsHash
[NX v22.6.2 Daemon Server] - 2026-04-04T03:05:33.692Z - Handled json message RECORD_OUTPUTS_HASH. Handling time: 3. Response time: 0.
[NX v22.6.2 Daemon Client] - 2026-04-04T03:05:33.692Z - [Messenger] Received message, length: 2
[NX v22.6.2 Daemon Client] - 2026-04-04T03:05:33.692Z - [Messenger] Sending message type: OUTPUTS_HASHES_MATCH
[NX v22.6.2 Daemon Client] - 2026-04-04T03:05:33.692Z - [Messenger] Message sent
[NX v22.6.2 Daemon Server] - 2026-04-04T03:05:33.693Z - Received raw message of length 204
[NX v22.6.2 Daemon Server] - 2026-04-04T03:05:33.693Z - Received json message of type OUTPUTS_HASHES_MATCH
[NX v22.6.2 Daemon Server] - 2026-04-04T03:05:33.694Z - Serializing response for OUTPUTS_HASHES_MATCH message in json mode
[NX v22.6.2 Daemon Server] - 2026-04-04T03:05:33.694Z - Responding to OUTPUTS_HASHES_MATCH message
[NX v22.6.2 Daemon Server] - 2026-04-04T03:05:33.694Z - [REQUEST]: Responding to the client. outputsHashesMatch
[NX v22.6.2 Daemon Server] - 2026-04-04T03:05:33.695Z - Done responding to the client outputsHashesMatch
[NX v22.6.2 Daemon Server] - 2026-04-04T03:05:33.695Z - Handled json message OUTPUTS_HASHES_MATCH. Handling time: 1. Response time: 1.
[NX v22.6.2 Daemon Client] - 2026-04-04T03:05:33.695Z - [Messenger] Received message, length: 4
[NX v22.6.2 Daemon Client] - 2026-04-04T03:05:33.695Z - [Messenger] Sending message type: RECORD_OUTPUTS_HASH
[NX v22.6.2 Daemon Server] - 2026-04-04T03:05:33.695Z - Received raw message of length 203
[NX v22.6.2 Daemon Server] - 2026-04-04T03:05:33.695Z - Received json message of type RECORD_OUTPUTS_HASH
[NX v22.6.2 Daemon Client] - 2026-04-04T03:05:33.695Z - [Messenger] Message sent
[NX v22.6.2 Daemon Server] - 2026-04-04T03:05:33.698Z - Serializing response for RECORD_OUTPUTS_HASH message in json mode
[NX v22.6.2 Daemon Server] - 2026-04-04T03:05:33.698Z - Responding to RECORD_OUTPUTS_HASH message
[NX v22.6.2 Daemon Server] - 2026-04-04T03:05:33.698Z - [REQUEST]: Responding to the client. recordOutputsHash
[NX v22.6.2 Daemon Server] - 2026-04-04T03:05:33.698Z - Done responding to the client recordOutputsHash
[NX v22.6.2 Daemon Server] - 2026-04-04T03:05:33.698Z - Handled json message RECORD_OUTPUTS_HASH. Handling time: 3. Response time: 0.
[NX v22.6.2 Daemon Client] - 2026-04-04T03:05:33.698Z - [Messenger] Received message, length: 2
[NX v22.6.2 Daemon Client] - 2026-04-04T03:05:33.700Z - [Messenger] Sending message type: OUTPUTS_HASHES_MATCH
[NX v22.6.2 Daemon Client] - 2026-04-04T03:05:33.700Z - [Messenger] Message sent
[NX v22.6.2 Daemon Server] - 2026-04-04T03:05:33.700Z - Received raw message of length 237
[NX v22.6.2 Daemon Server] - 2026-04-04T03:05:33.700Z - Received json message of type OUTPUTS_HASHES_MATCH
[NX v22.6.2 Daemon Server] - 2026-04-04T03:05:33.703Z - Serializing response for OUTPUTS_HASHES_MATCH message in json mode
[NX v22.6.2 Daemon Server] - 2026-04-04T03:05:33.703Z - Responding to OUTPUTS_HASHES_MATCH message
[NX v22.6.2 Daemon Server] - 2026-04-04T03:05:33.704Z - [REQUEST]: Responding to the client. outputsHashesMatch
[NX v22.6.2 Daemon Server] - 2026-04-04T03:05:33.704Z - Done responding to the client outputsHashesMatch
[NX v22.6.2 Daemon Server] - 2026-04-04T03:05:33.704Z - Handled json message OUTPUTS_HASHES_MATCH. Handling time: 3. Response time: 1.
[NX v22.6.2 Daemon Client] - 2026-04-04T03:05:33.704Z - [Messenger] Received message, length: 4
[NX v22.6.2 Daemon Client] - 2026-04-04T03:05:33.704Z - [Messenger] Sending message type: OUTPUTS_HASHES_MATCH
[NX v22.6.2 Daemon Server] - 2026-04-04T03:05:33.704Z - Received raw message of length 232
[NX v22.6.2 Daemon Client] - 2026-04-04T03:05:33.704Z - [Messenger] Message sent
[NX v22.6.2 Daemon Server] - 2026-04-04T03:05:33.704Z - Received json message of type OUTPUTS_HASHES_MATCH
[NX v22.6.2 Daemon Server] - 2026-04-04T03:05:33.707Z - Serializing response for OUTPUTS_HASHES_MATCH message in json mode
[NX v22.6.2 Daemon Server] - 2026-04-04T03:05:33.707Z - Responding to OUTPUTS_HASHES_MATCH message
[NX v22.6.2 Daemon Server] - 2026-04-04T03:05:33.707Z - [REQUEST]: Responding to the client. outputsHashesMatch
[NX v22.6.2 Daemon Server] - 2026-04-04T03:05:33.707Z - Done responding to the client outputsHashesMatch
[NX v22.6.2 Daemon Server] - 2026-04-04T03:05:33.707Z - Handled json message OUTPUTS_HASHES_MATCH. Handling time: 3. Response time: 0.
[NX v22.6.2 Daemon Client] - 2026-04-04T03:05:33.707Z - [Messenger] Received message, length: 4
[NX v22.6.2 Daemon Client] - 2026-04-04T03:05:33.707Z - [Messenger] Sending message type: RECORD_OUTPUTS_HASH
[NX v22.6.2 Daemon Server] - 2026-04-04T03:05:33.707Z - Received raw message of length 236
[NX v22.6.2 Daemon Client] - 2026-04-04T03:05:33.707Z - [Messenger] Message sent
[NX v22.6.2 Daemon Server] - 2026-04-04T03:05:33.707Z - Received json message of type RECORD_OUTPUTS_HASH
[NX v22.6.2 Daemon Server] - 2026-04-04T03:05:33.709Z - Serializing response for RECORD_OUTPUTS_HASH message in json mode
[NX v22.6.2 Daemon Server] - 2026-04-04T03:05:33.709Z - Responding to RECORD_OUTPUTS_HASH message
[NX v22.6.2 Daemon Server] - 2026-04-04T03:05:33.709Z - [REQUEST]: Responding to the client. recordOutputsHash
[NX v22.6.2 Daemon Server] - 2026-04-04T03:05:33.709Z - Done responding to the client recordOutputsHash
[NX v22.6.2 Daemon Server] - 2026-04-04T03:05:33.709Z - Handled json message RECORD_OUTPUTS_HASH. Handling time: 2. Response time: 0.
[NX v22.6.2 Daemon Client] - 2026-04-04T03:05:33.709Z - [Messenger] Received message, length: 2
[NX v22.6.2 Daemon Client] - 2026-04-04T03:05:33.710Z - [Messenger] Sending message type: RECORD_OUTPUTS_HASH
[NX v22.6.2 Daemon Server] - 2026-04-04T03:05:33.710Z - Received raw message of length 231
[NX v22.6.2 Daemon Server] - 2026-04-04T03:05:33.710Z - Received json message of type RECORD_OUTPUTS_HASH
[NX v22.6.2 Daemon Client] - 2026-04-04T03:05:33.710Z - [Messenger] Message sent
[NX v22.6.2 Daemon Server] - 2026-04-04T03:05:33.713Z - Serializing response for RECORD_OUTPUTS_HASH message in json mode
[NX v22.6.2 Daemon Server] - 2026-04-04T03:05:33.713Z - Responding to RECORD_OUTPUTS_HASH message
[NX v22.6.2 Daemon Server] - 2026-04-04T03:05:33.713Z - [REQUEST]: Responding to the client. recordOutputsHash
[NX v22.6.2 Daemon Server] - 2026-04-04T03:05:33.713Z - Done responding to the client recordOutputsHash
[NX v22.6.2 Daemon Server] - 2026-04-04T03:05:33.713Z - Handled json message RECORD_OUTPUTS_HASH. Handling time: 3. Response time: 0.
[NX v22.6.2 Daemon Client] - 2026-04-04T03:05:33.713Z - [Messenger] Received message, length: 2
[NX v22.6.2 Daemon Client] - 2026-04-04T03:05:33.715Z - [Messenger] Sending message type: OUTPUTS_HASHES_MATCH
[NX v22.6.2 Daemon Client] - 2026-04-04T03:05:33.715Z - [Messenger] Message sent
[NX v22.6.2 Daemon Server] - 2026-04-04T03:05:33.715Z - Received raw message of length 196
[NX v22.6.2 Daemon Server] - 2026-04-04T03:05:33.715Z - Received json message of type OUTPUTS_HASHES_MATCH
[NX v22.6.2 Daemon Server] - 2026-04-04T03:05:33.719Z - Serializing response for OUTPUTS_HASHES_MATCH message in json mode
[NX v22.6.2 Daemon Server] - 2026-04-04T03:05:33.719Z - Responding to OUTPUTS_HASHES_MATCH message
[NX v22.6.2 Daemon Server] - 2026-04-04T03:05:33.719Z - [REQUEST]: Responding to the client. outputsHashesMatch
[NX v22.6.2 Daemon Server] - 2026-04-04T03:05:33.719Z - Done responding to the client outputsHashesMatch
[NX v22.6.2 Daemon Server] - 2026-04-04T03:05:33.719Z - Handled json message OUTPUTS_HASHES_MATCH. Handling time: 4. Response time: 0.
[NX v22.6.2 Daemon Client] - 2026-04-04T03:05:33.719Z - [Messenger] Received message, length: 5
[NX v22.6.2 Daemon Client] - 2026-04-04T03:05:33.750Z - [Messenger] Sending message type: OUTPUTS_HASHES_MATCH
[NX v22.6.2 Daemon Client] - 2026-04-04T03:05:33.750Z - [Messenger] Message sent
[NX v22.6.2 Daemon Server] - 2026-04-04T03:05:33.750Z - Received raw message of length 184
[NX v22.6.2 Daemon Server] - 2026-04-04T03:05:33.750Z - Received json message of type OUTPUTS_HASHES_MATCH
[NX v22.6.2 Daemon Server] - 2026-04-04T03:05:33.755Z - Serializing response for OUTPUTS_HASHES_MATCH message in json mode
[NX v22.6.2 Daemon Server] - 2026-04-04T03:05:33.755Z - Responding to OUTPUTS_HASHES_MATCH message
[NX v22.6.2 Daemon Server] - 2026-04-04T03:05:33.755Z - [REQUEST]: Responding to the client. outputsHashesMatch
[NX v22.6.2 Daemon Server] - 2026-04-04T03:05:33.755Z - Done responding to the client outputsHashesMatch
[NX v22.6.2 Daemon Server] - 2026-04-04T03:05:33.755Z - Handled json message OUTPUTS_HASHES_MATCH. Handling time: 5. Response time: 0.
[NX v22.6.2 Daemon Client] - 2026-04-04T03:05:33.755Z - [Messenger] Received message, length: 4
[NX v22.6.2 Daemon Client] - 2026-04-04T03:05:33.755Z - [Messenger] Sending message type: RECORD_OUTPUTS_HASH
[NX v22.6.2 Daemon Client] - 2026-04-04T03:05:33.755Z - [Messenger] Message sent
[NX v22.6.2 Daemon Server] - 2026-04-04T03:05:33.755Z - Received raw message of length 195
[NX v22.6.2 Daemon Server] - 2026-04-04T03:05:33.756Z - Received json message of type RECORD_OUTPUTS_HASH
[NX v22.6.2 Daemon Server] - 2026-04-04T03:05:33.759Z - Serializing response for RECORD_OUTPUTS_HASH message in json mode
[NX v22.6.2 Daemon Server] - 2026-04-04T03:05:33.759Z - Responding to RECORD_OUTPUTS_HASH message
[NX v22.6.2 Daemon Server] - 2026-04-04T03:05:33.759Z - [REQUEST]: Responding to the client. recordOutputsHash
[NX v22.6.2 Daemon Server] - 2026-04-04T03:05:33.760Z - Done responding to the client recordOutputsHash
[NX v22.6.2 Daemon Server] - 2026-04-04T03:05:33.760Z - Handled json message RECORD_OUTPUTS_HASH. Handling time: 3. Response time: 1.
[NX v22.6.2 Daemon Client] - 2026-04-04T03:05:33.760Z - [Messenger] Received message, length: 2
[NX v22.6.2 Daemon Client] - 2026-04-04T03:05:33.760Z - [Messenger] Sending message type: RECORD_OUTPUTS_HASH
[NX v22.6.2 Daemon Client] - 2026-04-04T03:05:33.760Z - [Messenger] Message sent
[NX v22.6.2 Daemon Server] - 2026-04-04T03:05:33.760Z - Received raw message of length 183
[NX v22.6.2 Daemon Server] - 2026-04-04T03:05:33.760Z - Received json message of type RECORD_OUTPUTS_HASH
[NX v22.6.2 Daemon Server] - 2026-04-04T03:05:33.763Z - Serializing response for RECORD_OUTPUTS_HASH message in json mode
[NX v22.6.2 Daemon Server] - 2026-04-04T03:05:33.763Z - Responding to RECORD_OUTPUTS_HASH message
[NX v22.6.2 Daemon Server] - 2026-04-04T03:05:33.763Z - [REQUEST]: Responding to the client. recordOutputsHash
[NX v22.6.2 Daemon Server] - 2026-04-04T03:05:33.763Z - Done responding to the client recordOutputsHash
[NX v22.6.2 Daemon Server] - 2026-04-04T03:05:33.763Z - Handled json message RECORD_OUTPUTS_HASH. Handling time: 3. Response time: 0.
[NX v22.6.2 Daemon Client] - 2026-04-04T03:05:33.763Z - [Messenger] Received message, length: 2
[NX v22.6.2 Daemon Client] - 2026-04-04T03:05:33.765Z - [Messenger] Sending message type: RECORD_TASK_RUNS
[NX v22.6.2 Daemon Client] - 2026-04-04T03:05:33.765Z - [Messenger] Message sent
[NX v22.6.2 Daemon Server] - 2026-04-04T03:05:33.765Z - Received raw message of length 2572
[NX v22.6.2 Daemon Server] - 2026-04-04T03:05:33.765Z - Received json message of type RECORD_TASK_RUNS
[NX v22.6.2 Daemon Server] - 2026-04-04T03:05:33.766Z - Serializing response for RECORD_TASK_RUNS message in json mode
[NX v22.6.2 Daemon Server] - 2026-04-04T03:05:33.766Z - Responding to RECORD_TASK_RUNS message
[NX v22.6.2 Daemon Server] - 2026-04-04T03:05:33.766Z - [REQUEST]: Responding to the client. handleRecordTaskRuns
[NX v22.6.2 Daemon Server] - 2026-04-04T03:05:33.766Z - Done responding to the client handleRecordTaskRuns
[NX v22.6.2 Daemon Server] - 2026-04-04T03:05:33.766Z - Handled json message RECORD_TASK_RUNS. Handling time: 1. Response time: 0.
[NX v22.6.2 Daemon Client] - 2026-04-04T03:05:33.766Z - [Messenger] Received message, length: 4
[NX v22.6.2 Daemon Client] - 2026-04-04T03:05:33.766Z - [Messenger] Sending message type: GET_FLAKY_TASKS
[NX v22.6.2 Daemon Client] - 2026-04-04T03:05:33.766Z - [Messenger] Message sent
[NX v22.6.2 Daemon Server] - 2026-04-04T03:05:33.766Z - Received raw message of length 328
[NX v22.6.2 Daemon Server] - 2026-04-04T03:05:33.766Z - Received json message of type GET_FLAKY_TASKS
[NX v22.6.2 Daemon Server] - 2026-04-04T03:05:33.766Z - Serializing response for GET_FLAKY_TASKS message in json mode
[NX v22.6.2 Daemon Server] - 2026-04-04T03:05:33.766Z - Responding to GET_FLAKY_TASKS message
[NX v22.6.2 Daemon Server] - 2026-04-04T03:05:33.766Z - [REQUEST]: Responding to the client. handleGetFlakyTasks
[NX v22.6.2 Daemon Server] - 2026-04-04T03:05:33.766Z - Done responding to the client handleGetFlakyTasks
[NX v22.6.2 Daemon Server] - 2026-04-04T03:05:33.766Z - Handled json message GET_FLAKY_TASKS. Handling time: 0. Response time: 0.
[NX v22.6.2 Daemon Client] - 2026-04-04T03:05:33.766Z - [Messenger] Received message, length: 2
[NX v22.6.2 Daemon Server] - 2026-04-04T03:05:33.775Z - [WATCHER]: Processing file changes in outputs
[NX v22.6.2 Daemon Server] - 2026-04-04T03:05:33.780Z - [WATCHER]: 50 file(s) created or restored, 0 file(s) modified, 0 file(s) deleted
[NX v22.6.2 Daemon Server] - 2026-04-04T03:05:33.781Z - [SYNC]: clearing sync generators cache due to file changes
[NX v22.6.2 Daemon Server] - 2026-04-04T03:05:33.838Z - [WATCHER]: Processing file changes in outputs
[NX v22.6.2 Daemon Server] - 2026-04-04T03:05:33.844Z - [WATCHER]: 50 file(s) created or restored, 0 file(s) modified, 0 file(s) deleted
[NX v22.6.2 Daemon Server] - 2026-04-04T03:05:33.844Z - [SYNC]: clearing sync generators cache due to file changes
[NX v22.6.2 Daemon Server] - 2026-04-04T03:05:33.955Z - [REQUEST]: Updated workspace context based on watched changes, recomputing project graph...
[NX v22.6.2 Daemon Server] - 2026-04-04T03:05:33.955Z - [REQUEST]: apps/thunder-console/public/assets/images/icons/phone.svg,apps/thunder-console/public/assets/images/icons/scan.svg,apps/thunder-console/public/assets/images/icons/stamp.svg,apps/thunder-console/public/assets/images/icons/user.svg,apps/thunder-console/public/assets/images/icons/robot.svg,apps/thunder-console/public/assets/images/icons/google-generic.svg,apps/thunder-console/public/assets/images/icons/date.svg,apps/thunder-console/public/assets/images/icons/google.svg,apps/thunder-console/public/assets/images/icons/refresh-ccw.svg,apps/thunder-console/public/assets/images/icons/button.svg,apps/thunder-console/public/assets/images/icons/link.svg,apps/thunder-console/public/assets/images/icons/textbox.svg,apps/thunder-console/public/assets/images/icons/landscape-placeholder.svg,apps/thunder-console/public/assets/images/icons/arrowhead-right-outline.svg,apps/thunder-console/public/assets/images/icons/step.svg,apps/thunder-console/public/assets/images/icons/password.svg,apps/thunder-console/public/assets/images/icons/recaptcha.png,apps/thunder-console/public/assets/images/icons/check-mark-inside-a-black-box.svg,apps/thunder-console/public/assets/images/icons/github.svg,apps/thunder-console/public/assets/images/icons/transaction-password-otp-verification-code-security.svg,apps/thunder-console/public/assets/images/icons/display-rich-text.svg,apps/thunder-console/public/assets/images/icons/loop.svg,apps/thunder-console/public/assets/images/icons/decide.svg,apps/thunder-console/public/assets/images/icons/facebook-black.svg,apps/thunder-console/public/assets/images/icons/divider.svg,apps/thunder-console/public/assets/images/logo-mini-inverted.svg,apps/thunder-console/public/assets/images/icons/microsoft.svg,apps/thunder-console/public/assets/images/icons/microsoft-black.svg,apps/thunder-console/public/assets/images/icons/at.svg,apps/thunder-console/public/assets/images/icons/checkbox-check.svg,apps/thunder-console/public/assets/images/icons/text-size.svg,apps/thunder-console/public/assets/images/icons/facebook.svg,apps/thunder-console/public/assets/images/icons/magnifying-glass.svg,apps/thunder-console/public/assets/images/icons/form.svg,apps/thunder-console/public/config.js,apps/thunder-console/public/assets/images/icons/email-down.svg,apps/thunder-console/public/assets/images/favicon.ico,apps/thunder-console/public/assets/images/icons/message-text.svg,apps/thunder-console/public/assets/images/icons/mobile-message.svg,apps/thunder-console/public/assets/images/logo-mini.svg,apps/thunder-console/public/assets/images/icons/apple.svg,apps/thunder-console/public/assets/images/icons/fingerprint.svg,apps/thunder-console/public/assets/images/icons/image-square.svg,apps/thunder-console/public/assets/images/icons/email.svg,apps/thunder-console/public/assets/images/icons/password-input.svg,apps/thunder-console/public/assets/images/icons/play.svg,apps/thunder-console/public/assets/images/logo.svg,apps/thunder-console/public/assets/images/icons/number-input.svg,apps/thunder-console/public/assets/images/logo-inverted.svg,apps/thunder-console/public/assets/images/icons/boolean.svg
[NX v22.6.2 Daemon Server] - 2026-04-04T03:05:33.955Z - [REQUEST]: 
[NX v22.6.2 Daemon Server] - 2026-04-04T03:05:34.073Z - Time taken for 'hash changed files from watcher' 72.49208300001919ms
Time taken for 'plugin worker 19443 code loading' 111.899334ms
Time taken for 'plugin worker 19442 code loading' 110.177167ms
Time taken for 'plugin worker 19444 code loading' 113.90654200000002ms
[NX v22.6.2 Daemon Server] - 2026-04-04T03:05:34.436Z - Time taken for 'start-plugin-worker:nx/js/dependencies-and-lockfile' 368.7478339999798ms
[NX v22.6.2 Daemon Server] - 2026-04-04T03:05:34.437Z - Time taken for 'start-plugin-worker:nx/core/package-json' 367.14112500002375ms
[NX v22.6.2 Daemon Server] - 2026-04-04T03:05:34.437Z - Time taken for 'start-plugin-worker:nx/core/project-json' 365.86670800001593ms
Time taken for 'nx/js/dependencies-and-lockfile:createNodes' 9.467833999999982ms
Time taken for 'nx/core/package-json:createNodes' 237.50037500000002ms
[NX v22.6.2 Daemon Server] - 2026-04-04T03:05:35.274Z - Time taken for 'build-project-configs' 657.2828330000048ms
[NX v22.6.2 Daemon Server] - 2026-04-04T03:05:35.274Z - Time taken for 'createNodes:merge' 2.080000000016298ms
[NX v22.6.2 Daemon Server] - 2026-04-04T03:05:35.274Z - Time taken for 'get-all-workspace-files' 138.43125000002328ms
Time taken for 'build typescript dependencies' 0.12504199999989396ms
[NX v22.6.2 Daemon Server] - 2026-04-04T03:05:35.430Z - [SYNC]: collect registered sync generators
[NX v22.6.2 Daemon Server] - 2026-04-04T03:05:35.430Z - [SYNC]: project graph hash is the same, not collecting task sync generators
[NX v22.6.2 Daemon Server] - 2026-04-04T03:05:35.430Z - [SYNC]: nx.json hash is the same, not collecting global sync generators
[NX v22.6.2 Daemon Server] - 2026-04-04T03:05:35.430Z - Time taken for 'total execution time for createProjectGraph()' 450.00895799999125ms
[NX v22.6.2 Daemon Server] - 2026-04-04T03:05:35.430Z - Time taken for 'createDependencies' 259.03129099996295ms
[NX v22.6.2 Daemon Server] - 2026-04-04T03:05:35.430Z - Time taken for 'nx/js/dependencies-and-lockfile:createDependencies' 258.9288340000203ms
[NX v22.6.2 Daemon Server] - 2026-04-04T03:05:35.430Z - Time taken for 'createMetadata' 0.048750000016298145ms
[NX v22.6.2 Daemon Server] - 2026-04-04T03:05:35.430Z - Time taken for 'serialize graph' 3.9737500000046566ms
[NX v22.6.2 Daemon Server] - 2026-04-04T03:05:36.807Z - Established a connection. Number of open connections: 2
[NX v22.6.2 Daemon Client] - 2026-04-04T03:05:36.807Z - [Messenger] Sending message type: GET_CONFIGURE_AI_AGENTS_STATUS
[NX v22.6.2 Daemon Server] - 2026-04-04T03:05:36.807Z - Closed a connection. Number of open connections: 1
[NX v22.6.2 Daemon Server] - 2026-04-04T03:05:36.807Z - Received raw message of length 41
[NX v22.6.2 Daemon Client] - 2026-04-04T03:05:36.807Z - [Messenger] Message sent
[NX v22.6.2 Daemon Server] - 2026-04-04T03:05:36.807Z - Received json message of type GET_CONFIGURE_AI_AGENTS_STATUS
[NX v22.6.2 Daemon Server] - 2026-04-04T03:05:36.807Z - [AI-AGENTS]: Returning cached agent configuration status
[NX v22.6.2 Daemon Server] - 2026-04-04T03:05:36.807Z - Serializing response for GET_CONFIGURE_AI_AGENTS_STATUS message in json mode
[NX v22.6.2 Daemon Server] - 2026-04-04T03:05:36.807Z - Responding to GET_CONFIGURE_AI_AGENTS_STATUS message
[NX v22.6.2 Daemon Server] - 2026-04-04T03:05:36.807Z - [REQUEST]: Responding to the client. handleGetConfigureAiAgentsStatus
[NX v22.6.2 Daemon Server] - 2026-04-04T03:05:36.808Z - Done responding to the client handleGetConfigureAiAgentsStatus
[NX v22.6.2 Daemon Server] - 2026-04-04T03:05:36.808Z - Handled json message GET_CONFIGURE_AI_AGENTS_STATUS. Handling time: 0. Response time: 1.
[NX v22.6.2 Daemon Client] - 2026-04-04T03:05:36.808Z - [Messenger] Received message, length: 342
[NX v22.6.2 Daemon Client] - 2026-04-04T03:05:37.029Z - [Messenger] Sending message type: POST_TASKS_EXECUTION
[NX v22.6.2 Daemon Client] - 2026-04-04T03:05:37.031Z - [Messenger] Message sent
[NX v22.6.2 Daemon Server] - 2026-04-04T03:05:37.032Z - Received raw message of length 453416
[NX v22.6.2 Daemon Server] - 2026-04-04T03:05:37.033Z - Received json message of type POST_TASKS_EXECUTION
[NX v22.6.2 Daemon Server] - 2026-04-04T03:05:37.034Z - Serializing response for POST_TASKS_EXECUTION message in json mode
[NX v22.6.2 Daemon Server] - 2026-04-04T03:05:37.034Z - Responding to POST_TASKS_EXECUTION message
[NX v22.6.2 Daemon Server] - 2026-04-04T03:05:37.034Z - [REQUEST]: Responding to the client. handleRunPostTasksExecution
[NX v22.6.2 Daemon Server] - 2026-04-04T03:05:37.034Z - Done responding to the client handleRunPostTasksExecution
[NX v22.6.2 Daemon Server] - 2026-04-04T03:05:37.034Z - Handled json message POST_TASKS_EXECUTION. Handling time: 1. Response time: 0.
[NX v22.6.2 Daemon Server] - 2026-04-04T03:05:37.034Z - Time taken for 'postTasksExecution' 0.11216600000625476ms
[NX v22.6.2 Daemon Client] - 2026-04-04T03:05:37.034Z - [Messenger] Received message, length: 4
[NX v22.6.2 Daemon Server] - 2026-04-04T03:05:37.044Z - Closed a connection. Number of open connections: 0
[NX v22.6.2 Daemon Server] - 2026-04-04T03:05:38.566Z - [WATCHER]: Processing file changes in outputs
[NX v22.6.2 Daemon Server] - 2026-04-04T03:06:24.249Z - Established a connection. Number of open connections: 1
[NX v22.6.2 Daemon Server] - 2026-04-04T03:06:24.250Z - Established a connection. Number of open connections: 2
[NX v22.6.2 Daemon Server] - 2026-04-04T03:06:24.250Z - Closed a connection. Number of open connections: 1
[NX v22.6.2 Daemon Server] - 2026-04-04T03:06:24.250Z - Established a connection. Number of open connections: 2
[NX v22.6.2 Daemon Server] - 2026-04-04T03:06:24.251Z - Closed a connection. Number of open connections: 1
[NX v22.6.2 Daemon Client] - 2026-04-04T03:06:24.250Z - [Messenger] Setting up socket listeners
[NX v22.6.2 Daemon Client] - 2026-04-04T03:06:24.251Z - [Messenger] listen() complete
[NX v22.6.2 Daemon Client] - 2026-04-04T03:06:24.252Z - [Messenger] Sending message type: GET_NX_CONSOLE_STATUS
[NX v22.6.2 Daemon Client] - 2026-04-04T03:06:24.252Z - [Messenger] Message sent
[NX v22.6.2 Daemon Server] - 2026-04-04T03:06:24.261Z - Received raw message of length 32
[NX v22.6.2 Daemon Server] - 2026-04-04T03:06:24.261Z - Received json message of type GET_NX_CONSOLE_STATUS
[NX v22.6.2 Daemon Server] - 2026-04-04T03:06:24.261Z - Serializing response for GET_NX_CONSOLE_STATUS message in json mode
[NX v22.6.2 Daemon Server] - 2026-04-04T03:06:24.261Z - Responding to GET_NX_CONSOLE_STATUS message
[NX v22.6.2 Daemon Server] - 2026-04-04T03:06:24.261Z - [REQUEST]: Responding to the client. handleGetNxConsoleStatus
[NX v22.6.2 Daemon Server] - 2026-04-04T03:06:24.261Z - Done responding to the client handleGetNxConsoleStatus
[NX v22.6.2 Daemon Server] - 2026-04-04T03:06:24.262Z - Handled json message GET_NX_CONSOLE_STATUS. Handling time: 0. Response time: 1.
[NX v22.6.2 Daemon Client] - 2026-04-04T03:06:24.262Z - [Messenger] Received message, length: 22
[NX v22.6.2 Daemon Client] - 2026-04-04T03:06:24.314Z - [Messenger] Sending message type: REQUEST_PROJECT_GRAPH
[NX v22.6.2 Daemon Client] - 2026-04-04T03:06:24.314Z - [Messenger] Message sent
[NX v22.6.2 Daemon Server] - 2026-04-04T03:06:24.314Z - Received raw message of length 32
[NX v22.6.2 Daemon Server] - 2026-04-04T03:06:24.314Z - Received json message of type REQUEST_PROJECT_GRAPH
[NX v22.6.2 Daemon Server] - 2026-04-04T03:06:24.314Z - [REQUEST]: Client Request for Project Graph Received
[NX v22.6.2 Daemon Server] - 2026-04-04T03:06:24.314Z - Reusing in-memory cached project graph because no files changed.
[NX v22.6.2 Daemon Server] - 2026-04-04T03:06:24.315Z - Serializing response for REQUEST_PROJECT_GRAPH message in json mode
[NX v22.6.2 Daemon Server] - 2026-04-04T03:06:24.315Z - Responding to REQUEST_PROJECT_GRAPH message
[NX v22.6.2 Daemon Server] - 2026-04-04T03:06:24.315Z - [REQUEST]: Responding to the client. project-graph
[NX v22.6.2 Daemon Server] - 2026-04-04T03:06:24.317Z - Time taken for 'total for creating and serializing project graph' 0.423125000030268ms
[NX v22.6.2 Daemon Server] - 2026-04-04T03:06:24.320Z - Done responding to the client project-graph
[NX v22.6.2 Daemon Server] - 2026-04-04T03:06:24.320Z - Handled json message REQUEST_PROJECT_GRAPH. Handling time: 1. Response time: 5.
[NX v22.6.2 Daemon Client] - 2026-04-04T03:06:24.320Z - [Messenger] Received message, length: 1243918
[NX v22.6.2 Daemon Client] - 2026-04-04T03:06:24.327Z - [Messenger] Sending message type: PRE_TASKS_EXECUTION
[NX v22.6.2 Daemon Client] - 2026-04-04T03:06:24.327Z - [Messenger] Message sent
[NX v22.6.2 Daemon Server] - 2026-04-04T03:06:24.327Z - Received raw message of length 742
[NX v22.6.2 Daemon Server] - 2026-04-04T03:06:24.327Z - Received json message of type PRE_TASKS_EXECUTION
[NX v22.6.2 Daemon Server] - 2026-04-04T03:06:24.327Z - Serializing response for PRE_TASKS_EXECUTION message in json mode
[NX v22.6.2 Daemon Server] - 2026-04-04T03:06:24.327Z - Responding to PRE_TASKS_EXECUTION message
[NX v22.6.2 Daemon Server] - 2026-04-04T03:06:24.327Z - [REQUEST]: Responding to the client. handleRunPreTasksExecution
[NX v22.6.2 Daemon Server] - 2026-04-04T03:06:24.328Z - Done responding to the client handleRunPreTasksExecution
[NX v22.6.2 Daemon Server] - 2026-04-04T03:06:24.328Z - Handled json message PRE_TASKS_EXECUTION. Handling time: 0. Response time: 1.
[NX v22.6.2 Daemon Server] - 2026-04-04T03:06:24.328Z - Time taken for 'preTasksExecution' 0.17854200000874698ms
[NX v22.6.2 Daemon Client] - 2026-04-04T03:06:24.328Z - [Messenger] Received message, length: 2
[NX v22.6.2 Daemon Client] - 2026-04-04T03:06:24.550Z - [Messenger] Sending message type: HASH_TASKS
[NX v22.6.2 Daemon Client] - 2026-04-04T03:06:24.550Z - [Messenger] Message sent
[NX v22.6.2 Daemon Server] - 2026-04-04T03:06:24.552Z - Received raw message of length 21710
[NX v22.6.2 Daemon Server] - 2026-04-04T03:06:24.553Z - Received json message of type HASH_TASKS
[NX v22.6.2 Daemon Server] - 2026-04-04T03:06:24.553Z - Reusing in-memory cached project graph because no files changed.
DEBUG nx::native::tasks::hash_planner: get_plans_internal COMPLETED in 10.390333ms - processed 13 tasks (setup: 6.715041ms, parallel_planning: 3.667125ms)
DEBUG nx::native::tasks::hashers::hash_workspace_files: Hashing workspace fileset with inputs: Adding "11270979969866030128" (".gitignore") to hash
DEBUG nx::native::tasks::hashers::hash_workspace_files: Hashing workspace fileset with inputs: Adding "11270979969866030128" (".gitignore") to hash
DEBUG nx::native::tasks::hashers::hash_workspace_files: Hashing workspace fileset with inputs: Adding "11270979969866030128" (".gitignore") to hash
DEBUG nx::native::tasks::hashers::hash_workspace_files: Hashing workspace fileset with inputs: Adding "11270979969866030128" (".gitignore") to hash
DEBUG nx::native::tasks::hashers::hash_workspace_files: Hashing workspace fileset with inputs: Adding "11270979969866030128" (".gitignore") to hash
DEBUG nx::native::tasks::hashers::hash_workspace_files: Hashing workspace fileset with inputs: Adding "11270979969866030128" (".gitignore") to hash
DEBUG nx::native::tasks::hashers::hash_workspace_files: Hashing workspace fileset with inputs: Adding "11270979969866030128" (".gitignore") to hash
DEBUG nx::native::tasks::hashers::hash_workspace_files: Hashing workspace fileset with inputs: Adding "11270979969866030128" (".gitignore") to hash
DEBUG nx::native::tasks::hashers::hash_workspace_files: Hashing workspace fileset with inputs: Adding "3553820021084211887" ("nx.json") to hash
DEBUG nx::native::tasks::hashers::hash_workspace_files: Hashing workspace fileset with inputs: Hash Value: "10665259820010788507"
DEBUG nx::native::tasks::hashers::hash_workspace_files: Hashing workspace fileset with inputs: Adding "3553820021084211887" ("nx.json") to hash
DEBUG nx::native::tasks::hashers::hash_workspace_files: Hashing workspace fileset with inputs: Hash Value: "10665259820010788507"
DEBUG nx::native::tasks::hashers::hash_workspace_files: Hashing workspace fileset with inputs: Adding "3553820021084211887" ("nx.json") to hash
DEBUG nx::native::tasks::hashers::hash_workspace_files: Hashing workspace fileset with inputs: Hash Value: "10665259820010788507"
DEBUG nx::native::tasks::hashers::hash_workspace_files: Hashing workspace fileset with inputs: Adding "3553820021084211887" ("nx.json") to hash
DEBUG nx::native::tasks::hashers::hash_workspace_files: Hashing workspace fileset with inputs: Hash Value: "10665259820010788507"
DEBUG nx::native::tasks::hashers::hash_workspace_files: Hashing workspace fileset with inputs: Adding "3553820021084211887" ("nx.json") to hash
DEBUG nx::native::tasks::hashers::hash_workspace_files: Hashing workspace fileset with inputs: Hash Value: "10665259820010788507"
DEBUG nx::native::tasks::hashers::hash_workspace_files: Hashing workspace fileset with inputs: Adding "3553820021084211887" ("nx.json") to hash
DEBUG nx::native::tasks::hashers::hash_workspace_files: Hashing workspace fileset with inputs: Hash Value: "10665259820010788507"
DEBUG nx::native::tasks::hashers::hash_workspace_files: Hashing workspace fileset with inputs: Adding "3553820021084211887" ("nx.json") to hash
DEBUG nx::native::tasks::hashers::hash_workspace_files: Hashing workspace fileset with inputs: Hash Value: "10665259820010788507"
DEBUG nx::native::tasks::hashers::hash_workspace_files: Hashing workspace fileset with inputs: Adding "3553820021084211887" ("nx.json") to hash
DEBUG nx::native::tasks::hashers::hash_workspace_files: Hashing workspace fileset with inputs: Hash Value: "10665259820010788507"
DEBUG nx::native::tasks::task_hasher: hash_plans COMPLETED in 42.538667ms - processed 13 plans (setup: 1.199292ms, hashing: 41.336208ms, assembly: 6.503666ms)
[NX v22.6.2 Daemon Server] - 2026-04-04T03:06:24.621Z - Serializing response for HASH_TASKS message in json mode
[NX v22.6.2 Daemon Server] - 2026-04-04T03:06:24.623Z - Responding to HASH_TASKS message
[NX v22.6.2 Daemon Server] - 2026-04-04T03:06:24.623Z - [REQUEST]: Responding to the client. handleHashTasks
[NX v22.6.2 Daemon Server] - 2026-04-04T03:06:24.625Z - Done responding to the client handleHashTasks
[NX v22.6.2 Daemon Server] - 2026-04-04T03:06:24.625Z - Handled json message HASH_TASKS. Handling time: 68. Response time: 4.
[NX v22.6.2 Daemon Client] - 2026-04-04T03:06:24.625Z - [Messenger] Received message, length: 447051
[NX v22.6.2 Daemon Client] - 2026-04-04T03:06:24.676Z - [Messenger] Sending message type: GET_ESTIMATED_TASK_TIMINGS
[NX v22.6.2 Daemon Client] - 2026-04-04T03:06:24.677Z - [Messenger] Message sent
[NX v22.6.2 Daemon Server] - 2026-04-04T03:06:24.677Z - Received raw message of length 705
[NX v22.6.2 Daemon Server] - 2026-04-04T03:06:24.677Z - Received json message of type GET_ESTIMATED_TASK_TIMINGS
[NX v22.6.2 Daemon Server] - 2026-04-04T03:06:24.677Z - Serializing response for GET_ESTIMATED_TASK_TIMINGS message in json mode
[NX v22.6.2 Daemon Server] - 2026-04-04T03:06:24.677Z - Responding to GET_ESTIMATED_TASK_TIMINGS message
[NX v22.6.2 Daemon Server] - 2026-04-04T03:06:24.677Z - [REQUEST]: Responding to the client. handleGetEstimatedTaskTimings
[NX v22.6.2 Daemon Server] - 2026-04-04T03:06:24.677Z - Done responding to the client handleGetEstimatedTaskTimings
[NX v22.6.2 Daemon Server] - 2026-04-04T03:06:24.677Z - Handled json message GET_ESTIMATED_TASK_TIMINGS. Handling time: 0. Response time: 0.
[NX v22.6.2 Daemon Client] - 2026-04-04T03:06:24.677Z - [Messenger] Received message, length: 497
[NX v22.6.2 Daemon Client] - 2026-04-04T03:06:24.681Z - [Messenger] Sending message type: OUTPUTS_HASHES_MATCH
[NX v22.6.2 Daemon Client] - 2026-04-04T03:06:24.682Z - [Messenger] Message sent
[NX v22.6.2 Daemon Server] - 2026-04-04T03:06:24.682Z - Received raw message of length 237
[NX v22.6.2 Daemon Server] - 2026-04-04T03:06:24.682Z - Received json message of type OUTPUTS_HASHES_MATCH
[NX v22.6.2 Daemon Server] - 2026-04-04T03:06:24.684Z - Serializing response for OUTPUTS_HASHES_MATCH message in json mode
[NX v22.6.2 Daemon Server] - 2026-04-04T03:06:24.684Z - Responding to OUTPUTS_HASHES_MATCH message
[NX v22.6.2 Daemon Server] - 2026-04-04T03:06:24.684Z - [REQUEST]: Responding to the client. outputsHashesMatch
[NX v22.6.2 Daemon Server] - 2026-04-04T03:06:24.684Z - Done responding to the client outputsHashesMatch
[NX v22.6.2 Daemon Server] - 2026-04-04T03:06:24.684Z - Handled json message OUTPUTS_HASHES_MATCH. Handling time: 2. Response time: 0.
[NX v22.6.2 Daemon Client] - 2026-04-04T03:06:24.684Z - [Messenger] Received message, length: 4
[NX v22.6.2 Daemon Client] - 2026-04-04T03:06:24.685Z - [Messenger] Sending message type: OUTPUTS_HASHES_MATCH
[NX v22.6.2 Daemon Client] - 2026-04-04T03:06:24.685Z - [Messenger] Message sent
[NX v22.6.2 Daemon Server] - 2026-04-04T03:06:24.685Z - Received raw message of length 245
[NX v22.6.2 Daemon Server] - 2026-04-04T03:06:24.685Z - Received json message of type OUTPUTS_HASHES_MATCH
[NX v22.6.2 Daemon Server] - 2026-04-04T03:06:24.687Z - Serializing response for OUTPUTS_HASHES_MATCH message in json mode
[NX v22.6.2 Daemon Server] - 2026-04-04T03:06:24.687Z - Responding to OUTPUTS_HASHES_MATCH message
[NX v22.6.2 Daemon Server] - 2026-04-04T03:06:24.687Z - [REQUEST]: Responding to the client. outputsHashesMatch
[NX v22.6.2 Daemon Server] - 2026-04-04T03:06:24.687Z - Done responding to the client outputsHashesMatch
[NX v22.6.2 Daemon Server] - 2026-04-04T03:06:24.687Z - Handled json message OUTPUTS_HASHES_MATCH. Handling time: 2. Response time: 0.
[NX v22.6.2 Daemon Client] - 2026-04-04T03:06:24.687Z - [Messenger] Received message, length: 4
[NX v22.6.2 Daemon Client] - 2026-04-04T03:06:24.687Z - [Messenger] Sending message type: RECORD_OUTPUTS_HASH
[NX v22.6.2 Daemon Client] - 2026-04-04T03:06:24.687Z - [Messenger] Message sent
[NX v22.6.2 Daemon Server] - 2026-04-04T03:06:24.687Z - Received raw message of length 236
[NX v22.6.2 Daemon Server] - 2026-04-04T03:06:24.687Z - Received json message of type RECORD_OUTPUTS_HASH
[NX v22.6.2 Daemon Server] - 2026-04-04T03:06:24.690Z - Serializing response for RECORD_OUTPUTS_HASH message in json mode
[NX v22.6.2 Daemon Server] - 2026-04-04T03:06:24.690Z - Responding to RECORD_OUTPUTS_HASH message
[NX v22.6.2 Daemon Server] - 2026-04-04T03:06:24.690Z - [REQUEST]: Responding to the client. recordOutputsHash
[NX v22.6.2 Daemon Server] - 2026-04-04T03:06:24.690Z - Done responding to the client recordOutputsHash
[NX v22.6.2 Daemon Server] - 2026-04-04T03:06:24.690Z - Handled json message RECORD_OUTPUTS_HASH. Handling time: 3. Response time: 0.
[NX v22.6.2 Daemon Client] - 2026-04-04T03:06:24.690Z - [Messenger] Received message, length: 2
[NX v22.6.2 Daemon Client] - 2026-04-04T03:06:24.691Z - [Messenger] Sending message type: RECORD_OUTPUTS_HASH
[NX v22.6.2 Daemon Client] - 2026-04-04T03:06:24.691Z - [Messenger] Message sent
[NX v22.6.2 Daemon Server] - 2026-04-04T03:06:24.691Z - Received raw message of length 244
[NX v22.6.2 Daemon Server] - 2026-04-04T03:06:24.691Z - Received json message of type RECORD_OUTPUTS_HASH
[NX v22.6.2 Daemon Server] - 2026-04-04T03:06:24.694Z - Serializing response for RECORD_OUTPUTS_HASH message in json mode
[NX v22.6.2 Daemon Server] - 2026-04-04T03:06:24.694Z - Responding to RECORD_OUTPUTS_HASH message
[NX v22.6.2 Daemon Server] - 2026-04-04T03:06:24.694Z - [REQUEST]: Responding to the client. recordOutputsHash
[NX v22.6.2 Daemon Server] - 2026-04-04T03:06:24.694Z - Done responding to the client recordOutputsHash
[NX v22.6.2 Daemon Server] - 2026-04-04T03:06:24.694Z - Handled json message RECORD_OUTPUTS_HASH. Handling time: 3. Response time: 0.
[NX v22.6.2 Daemon Client] - 2026-04-04T03:06:24.694Z - [Messenger] Received message, length: 2
[NX v22.6.2 Daemon Client] - 2026-04-04T03:06:24.696Z - [Messenger] Sending message type: OUTPUTS_HASHES_MATCH
[NX v22.6.2 Daemon Client] - 2026-04-04T03:06:24.696Z - [Messenger] Message sent
[NX v22.6.2 Daemon Server] - 2026-04-04T03:06:24.697Z - Received raw message of length 244
[NX v22.6.2 Daemon Server] - 2026-04-04T03:06:24.697Z - Received json message of type OUTPUTS_HASHES_MATCH
[NX v22.6.2 Daemon Server] - 2026-04-04T03:06:24.699Z - Serializing response for OUTPUTS_HASHES_MATCH message in json mode
[NX v22.6.2 Daemon Server] - 2026-04-04T03:06:24.699Z - Responding to OUTPUTS_HASHES_MATCH message
[NX v22.6.2 Daemon Server] - 2026-04-04T03:06:24.699Z - [REQUEST]: Responding to the client. outputsHashesMatch
[NX v22.6.2 Daemon Server] - 2026-04-04T03:06:24.699Z - Done responding to the client outputsHashesMatch
[NX v22.6.2 Daemon Server] - 2026-04-04T03:06:24.699Z - Handled json message OUTPUTS_HASHES_MATCH. Handling time: 2. Response time: 0.
[NX v22.6.2 Daemon Client] - 2026-04-04T03:06:24.699Z - [Messenger] Received message, length: 4
[NX v22.6.2 Daemon Client] - 2026-04-04T03:06:24.699Z - [Messenger] Sending message type: OUTPUTS_HASHES_MATCH
[NX v22.6.2 Daemon Client] - 2026-04-04T03:06:24.699Z - [Messenger] Message sent
[NX v22.6.2 Daemon Server] - 2026-04-04T03:06:24.699Z - Received raw message of length 208
[NX v22.6.2 Daemon Server] - 2026-04-04T03:06:24.699Z - Received json message of type OUTPUTS_HASHES_MATCH
[NX v22.6.2 Daemon Server] - 2026-04-04T03:06:24.702Z - Serializing response for OUTPUTS_HASHES_MATCH message in json mode
[NX v22.6.2 Daemon Server] - 2026-04-04T03:06:24.702Z - Responding to OUTPUTS_HASHES_MATCH message
[NX v22.6.2 Daemon Server] - 2026-04-04T03:06:24.702Z - [REQUEST]: Responding to the client. outputsHashesMatch
[NX v22.6.2 Daemon Server] - 2026-04-04T03:06:24.702Z - Done responding to the client outputsHashesMatch
[NX v22.6.2 Daemon Server] - 2026-04-04T03:06:24.702Z - Handled json message OUTPUTS_HASHES_MATCH. Handling time: 3. Response time: 0.
[NX v22.6.2 Daemon Client] - 2026-04-04T03:06:24.702Z - [Messenger] Received message, length: 4
[NX v22.6.2 Daemon Client] - 2026-04-04T03:06:24.702Z - [Messenger] Sending message type: RECORD_OUTPUTS_HASH
[NX v22.6.2 Daemon Client] - 2026-04-04T03:06:24.702Z - [Messenger] Message sent
[NX v22.6.2 Daemon Server] - 2026-04-04T03:06:24.703Z - Received raw message of length 243
[NX v22.6.2 Daemon Server] - 2026-04-04T03:06:24.703Z - Received json message of type RECORD_OUTPUTS_HASH
[NX v22.6.2 Daemon Server] - 2026-04-04T03:06:24.706Z - Serializing response for RECORD_OUTPUTS_HASH message in json mode
[NX v22.6.2 Daemon Server] - 2026-04-04T03:06:24.706Z - Responding to RECORD_OUTPUTS_HASH message
[NX v22.6.2 Daemon Server] - 2026-04-04T03:06:24.706Z - [REQUEST]: Responding to the client. recordOutputsHash
[NX v22.6.2 Daemon Server] - 2026-04-04T03:06:24.706Z - Done responding to the client recordOutputsHash
[NX v22.6.2 Daemon Server] - 2026-04-04T03:06:24.706Z - Handled json message RECORD_OUTPUTS_HASH. Handling time: 3. Response time: 0.
[NX v22.6.2 Daemon Client] - 2026-04-04T03:06:24.706Z - [Messenger] Received message, length: 2
[NX v22.6.2 Daemon Client] - 2026-04-04T03:06:24.706Z - [Messenger] Sending message type: RECORD_OUTPUTS_HASH
[NX v22.6.2 Daemon Client] - 2026-04-04T03:06:24.706Z - [Messenger] Message sent
[NX v22.6.2 Daemon Server] - 2026-04-04T03:06:24.706Z - Received raw message of length 207
[NX v22.6.2 Daemon Server] - 2026-04-04T03:06:24.706Z - Received json message of type RECORD_OUTPUTS_HASH
[NX v22.6.2 Daemon Server] - 2026-04-04T03:06:24.709Z - Serializing response for RECORD_OUTPUTS_HASH message in json mode
[NX v22.6.2 Daemon Server] - 2026-04-04T03:06:24.709Z - Responding to RECORD_OUTPUTS_HASH message
[NX v22.6.2 Daemon Server] - 2026-04-04T03:06:24.709Z - [REQUEST]: Responding to the client. recordOutputsHash
[NX v22.6.2 Daemon Server] - 2026-04-04T03:06:24.709Z - Done responding to the client recordOutputsHash
[NX v22.6.2 Daemon Server] - 2026-04-04T03:06:24.709Z - Handled json message RECORD_OUTPUTS_HASH. Handling time: 3. Response time: 0.
[NX v22.6.2 Daemon Client] - 2026-04-04T03:06:24.709Z - [Messenger] Received message, length: 2
[NX v22.6.2 Daemon Client] - 2026-04-04T03:06:24.710Z - [Messenger] Sending message type: OUTPUTS_HASHES_MATCH
[NX v22.6.2 Daemon Client] - 2026-04-04T03:06:24.710Z - [Messenger] Message sent
[NX v22.6.2 Daemon Server] - 2026-04-04T03:06:24.710Z - Received raw message of length 201
[NX v22.6.2 Daemon Server] - 2026-04-04T03:06:24.710Z - Received json message of type OUTPUTS_HASHES_MATCH
[NX v22.6.2 Daemon Server] - 2026-04-04T03:06:24.713Z - Serializing response for OUTPUTS_HASHES_MATCH message in json mode
[NX v22.6.2 Daemon Server] - 2026-04-04T03:06:24.713Z - Responding to OUTPUTS_HASHES_MATCH message
[NX v22.6.2 Daemon Server] - 2026-04-04T03:06:24.713Z - [REQUEST]: Responding to the client. outputsHashesMatch
[NX v22.6.2 Daemon Server] - 2026-04-04T03:06:24.713Z - Done responding to the client outputsHashesMatch
[NX v22.6.2 Daemon Server] - 2026-04-04T03:06:24.713Z - Handled json message OUTPUTS_HASHES_MATCH. Handling time: 3. Response time: 0.
[NX v22.6.2 Daemon Client] - 2026-04-04T03:06:24.713Z - [Messenger] Received message, length: 4
[NX v22.6.2 Daemon Client] - 2026-04-04T03:06:24.714Z - [Messenger] Sending message type: RECORD_OUTPUTS_HASH
[NX v22.6.2 Daemon Client] - 2026-04-04T03:06:24.714Z - [Messenger] Message sent
[NX v22.6.2 Daemon Server] - 2026-04-04T03:06:24.714Z - Received raw message of length 200
[NX v22.6.2 Daemon Server] - 2026-04-04T03:06:24.714Z - Received json message of type RECORD_OUTPUTS_HASH
[NX v22.6.2 Daemon Server] - 2026-04-04T03:06:24.716Z - Serializing response for RECORD_OUTPUTS_HASH message in json mode
[NX v22.6.2 Daemon Server] - 2026-04-04T03:06:24.716Z - Responding to RECORD_OUTPUTS_HASH message
[NX v22.6.2 Daemon Server] - 2026-04-04T03:06:24.716Z - [REQUEST]: Responding to the client. recordOutputsHash
[NX v22.6.2 Daemon Server] - 2026-04-04T03:06:24.716Z - Done responding to the client recordOutputsHash
[NX v22.6.2 Daemon Server] - 2026-04-04T03:06:24.716Z - Handled json message RECORD_OUTPUTS_HASH. Handling time: 2. Response time: 0.
[NX v22.6.2 Daemon Client] - 2026-04-04T03:06:24.716Z - [Messenger] Received message, length: 2
[NX v22.6.2 Daemon Client] - 2026-04-04T03:06:24.717Z - [Messenger] Sending message type: OUTPUTS_HASHES_MATCH
[NX v22.6.2 Daemon Client] - 2026-04-04T03:06:24.717Z - [Messenger] Message sent
[NX v22.6.2 Daemon Server] - 2026-04-04T03:06:24.717Z - Received raw message of length 224
[NX v22.6.2 Daemon Server] - 2026-04-04T03:06:24.718Z - Received json message of type OUTPUTS_HASHES_MATCH
[NX v22.6.2 Daemon Server] - 2026-04-04T03:06:24.720Z - Serializing response for OUTPUTS_HASHES_MATCH message in json mode
[NX v22.6.2 Daemon Server] - 2026-04-04T03:06:24.721Z - Responding to OUTPUTS_HASHES_MATCH message
[NX v22.6.2 Daemon Server] - 2026-04-04T03:06:24.721Z - [REQUEST]: Responding to the client. outputsHashesMatch
[NX v22.6.2 Daemon Server] - 2026-04-04T03:06:24.721Z - Done responding to the client outputsHashesMatch
[NX v22.6.2 Daemon Server] - 2026-04-04T03:06:24.721Z - Handled json message OUTPUTS_HASHES_MATCH. Handling time: 2. Response time: 1.
[NX v22.6.2 Daemon Client] - 2026-04-04T03:06:24.721Z - [Messenger] Received message, length: 4
[NX v22.6.2 Daemon Client] - 2026-04-04T03:06:24.721Z - [Messenger] Sending message type: RECORD_OUTPUTS_HASH
[NX v22.6.2 Daemon Client] - 2026-04-04T03:06:24.721Z - [Messenger] Message sent
[NX v22.6.2 Daemon Server] - 2026-04-04T03:06:24.721Z - Received raw message of length 223
[NX v22.6.2 Daemon Server] - 2026-04-04T03:06:24.721Z - Received json message of type RECORD_OUTPUTS_HASH
[NX v22.6.2 Daemon Server] - 2026-04-04T03:06:24.723Z - Serializing response for RECORD_OUTPUTS_HASH message in json mode
[NX v22.6.2 Daemon Server] - 2026-04-04T03:06:24.723Z - Responding to RECORD_OUTPUTS_HASH message
[NX v22.6.2 Daemon Server] - 2026-04-04T03:06:24.723Z - [REQUEST]: Responding to the client. recordOutputsHash
[NX v22.6.2 Daemon Server] - 2026-04-04T03:06:24.723Z - Done responding to the client recordOutputsHash
[NX v22.6.2 Daemon Server] - 2026-04-04T03:06:24.723Z - Handled json message RECORD_OUTPUTS_HASH. Handling time: 2. Response time: 0.
[NX v22.6.2 Daemon Client] - 2026-04-04T03:06:24.723Z - [Messenger] Received message, length: 2
[NX v22.6.2 Daemon Client] - 2026-04-04T03:06:24.725Z - [Messenger] Sending message type: OUTPUTS_HASHES_MATCH
[NX v22.6.2 Daemon Client] - 2026-04-04T03:06:24.725Z - [Messenger] Message sent
[NX v22.6.2 Daemon Server] - 2026-04-04T03:06:24.725Z - Received raw message of length 205
[NX v22.6.2 Daemon Server] - 2026-04-04T03:06:24.725Z - Received json message of type OUTPUTS_HASHES_MATCH
[NX v22.6.2 Daemon Server] - 2026-04-04T03:06:24.727Z - Serializing response for OUTPUTS_HASHES_MATCH message in json mode
[NX v22.6.2 Daemon Server] - 2026-04-04T03:06:24.727Z - Responding to OUTPUTS_HASHES_MATCH message
[NX v22.6.2 Daemon Server] - 2026-04-04T03:06:24.727Z - [REQUEST]: Responding to the client. outputsHashesMatch
[NX v22.6.2 Daemon Server] - 2026-04-04T03:06:24.727Z - Done responding to the client outputsHashesMatch
[NX v22.6.2 Daemon Server] - 2026-04-04T03:06:24.727Z - Handled json message OUTPUTS_HASHES_MATCH. Handling time: 2. Response time: 0.
[NX v22.6.2 Daemon Client] - 2026-04-04T03:06:24.727Z - [Messenger] Received message, length: 4
[NX v22.6.2 Daemon Client] - 2026-04-04T03:06:24.727Z - [Messenger] Sending message type: OUTPUTS_HASHES_MATCH
[NX v22.6.2 Daemon Client] - 2026-04-04T03:06:24.727Z - [Messenger] Message sent
[NX v22.6.2 Daemon Server] - 2026-04-04T03:06:24.727Z - Received raw message of length 208
[NX v22.6.2 Daemon Server] - 2026-04-04T03:06:24.727Z - Received json message of type OUTPUTS_HASHES_MATCH
[NX v22.6.2 Daemon Server] - 2026-04-04T03:06:24.731Z - Serializing response for OUTPUTS_HASHES_MATCH message in json mode
[NX v22.6.2 Daemon Server] - 2026-04-04T03:06:24.731Z - Responding to OUTPUTS_HASHES_MATCH message
[NX v22.6.2 Daemon Server] - 2026-04-04T03:06:24.731Z - [REQUEST]: Responding to the client. outputsHashesMatch
[NX v22.6.2 Daemon Server] - 2026-04-04T03:06:24.731Z - Done responding to the client outputsHashesMatch
[NX v22.6.2 Daemon Server] - 2026-04-04T03:06:24.731Z - Handled json message OUTPUTS_HASHES_MATCH. Handling time: 4. Response time: 0.
[NX v22.6.2 Daemon Client] - 2026-04-04T03:06:24.731Z - [Messenger] Received message, length: 4
[NX v22.6.2 Daemon Client] - 2026-04-04T03:06:24.731Z - [Messenger] Sending message type: RECORD_OUTPUTS_HASH
[NX v22.6.2 Daemon Client] - 2026-04-04T03:06:24.731Z - [Messenger] Message sent
[NX v22.6.2 Daemon Server] - 2026-04-04T03:06:24.731Z - Received raw message of length 204
[NX v22.6.2 Daemon Server] - 2026-04-04T03:06:24.732Z - Received json message of type RECORD_OUTPUTS_HASH
[NX v22.6.2 Daemon Server] - 2026-04-04T03:06:24.735Z - Serializing response for RECORD_OUTPUTS_HASH message in json mode
[NX v22.6.2 Daemon Server] - 2026-04-04T03:06:24.735Z - Responding to RECORD_OUTPUTS_HASH message
[NX v22.6.2 Daemon Server] - 2026-04-04T03:06:24.735Z - [REQUEST]: Responding to the client. recordOutputsHash
[NX v22.6.2 Daemon Server] - 2026-04-04T03:06:24.735Z - Done responding to the client recordOutputsHash
[NX v22.6.2 Daemon Server] - 2026-04-04T03:06:24.735Z - Handled json message RECORD_OUTPUTS_HASH. Handling time: 3. Response time: 0.
[NX v22.6.2 Daemon Client] - 2026-04-04T03:06:24.735Z - [Messenger] Received message, length: 2
[NX v22.6.2 Daemon Client] - 2026-04-04T03:06:24.735Z - [Messenger] Sending message type: RECORD_OUTPUTS_HASH
[NX v22.6.2 Daemon Client] - 2026-04-04T03:06:24.735Z - [Messenger] Message sent
[NX v22.6.2 Daemon Server] - 2026-04-04T03:06:24.735Z - Received raw message of length 207
[NX v22.6.2 Daemon Server] - 2026-04-04T03:06:24.735Z - Received json message of type RECORD_OUTPUTS_HASH
[NX v22.6.2 Daemon Server] - 2026-04-04T03:06:24.738Z - Serializing response for RECORD_OUTPUTS_HASH message in json mode
[NX v22.6.2 Daemon Server] - 2026-04-04T03:06:24.739Z - Responding to RECORD_OUTPUTS_HASH message
[NX v22.6.2 Daemon Server] - 2026-04-04T03:06:24.739Z - [REQUEST]: Responding to the client. recordOutputsHash
[NX v22.6.2 Daemon Server] - 2026-04-04T03:06:24.739Z - Done responding to the client recordOutputsHash
[NX v22.6.2 Daemon Server] - 2026-04-04T03:06:24.739Z - Handled json message RECORD_OUTPUTS_HASH. Handling time: 3. Response time: 1.
[NX v22.6.2 Daemon Client] - 2026-04-04T03:06:24.739Z - [Messenger] Received message, length: 2
[NX v22.6.2 Daemon Client] - 2026-04-04T03:06:24.739Z - [Messenger] Sending message type: OUTPUTS_HASHES_MATCH
[NX v22.6.2 Daemon Client] - 2026-04-04T03:06:24.739Z - [Messenger] Message sent
[NX v22.6.2 Daemon Server] - 2026-04-04T03:06:24.739Z - Received raw message of length 204
[NX v22.6.2 Daemon Server] - 2026-04-04T03:06:24.739Z - Received json message of type OUTPUTS_HASHES_MATCH
[NX v22.6.2 Daemon Server] - 2026-04-04T03:06:24.742Z - Serializing response for OUTPUTS_HASHES_MATCH message in json mode
[NX v22.6.2 Daemon Server] - 2026-04-04T03:06:24.742Z - Responding to OUTPUTS_HASHES_MATCH message
[NX v22.6.2 Daemon Server] - 2026-04-04T03:06:24.742Z - [REQUEST]: Responding to the client. outputsHashesMatch
[NX v22.6.2 Daemon Server] - 2026-04-04T03:06:24.742Z - Done responding to the client outputsHashesMatch
[NX v22.6.2 Daemon Server] - 2026-04-04T03:06:24.742Z - Handled json message OUTPUTS_HASHES_MATCH. Handling time: 3. Response time: 0.
[NX v22.6.2 Daemon Client] - 2026-04-04T03:06:24.742Z - [Messenger] Received message, length: 4
[NX v22.6.2 Daemon Client] - 2026-04-04T03:06:24.742Z - [Messenger] Sending message type: RECORD_OUTPUTS_HASH
[NX v22.6.2 Daemon Client] - 2026-04-04T03:06:24.742Z - [Messenger] Message sent
[NX v22.6.2 Daemon Server] - 2026-04-04T03:06:24.742Z - Received raw message of length 203
[NX v22.6.2 Daemon Server] - 2026-04-04T03:06:24.742Z - Received json message of type RECORD_OUTPUTS_HASH
[NX v22.6.2 Daemon Server] - 2026-04-04T03:06:24.745Z - Serializing response for RECORD_OUTPUTS_HASH message in json mode
[NX v22.6.2 Daemon Server] - 2026-04-04T03:06:24.745Z - Responding to RECORD_OUTPUTS_HASH message
[NX v22.6.2 Daemon Server] - 2026-04-04T03:06:24.745Z - [REQUEST]: Responding to the client. recordOutputsHash
[NX v22.6.2 Daemon Server] - 2026-04-04T03:06:24.745Z - Done responding to the client recordOutputsHash
[NX v22.6.2 Daemon Server] - 2026-04-04T03:06:24.745Z - Handled json message RECORD_OUTPUTS_HASH. Handling time: 3. Response time: 0.
[NX v22.6.2 Daemon Client] - 2026-04-04T03:06:24.745Z - [Messenger] Received message, length: 2
[NX v22.6.2 Daemon Client] - 2026-04-04T03:06:24.747Z - [Messenger] Sending message type: OUTPUTS_HASHES_MATCH
[NX v22.6.2 Daemon Client] - 2026-04-04T03:06:24.747Z - [Messenger] Message sent
[NX v22.6.2 Daemon Server] - 2026-04-04T03:06:24.747Z - Received raw message of length 237
[NX v22.6.2 Daemon Server] - 2026-04-04T03:06:24.747Z - Received json message of type OUTPUTS_HASHES_MATCH
[NX v22.6.2 Daemon Server] - 2026-04-04T03:06:24.752Z - Serializing response for OUTPUTS_HASHES_MATCH message in json mode
[NX v22.6.2 Daemon Server] - 2026-04-04T03:06:24.752Z - Responding to OUTPUTS_HASHES_MATCH message
[NX v22.6.2 Daemon Server] - 2026-04-04T03:06:24.752Z - [REQUEST]: Responding to the client. outputsHashesMatch
[NX v22.6.2 Daemon Server] - 2026-04-04T03:06:24.752Z - Done responding to the client outputsHashesMatch
[NX v22.6.2 Daemon Server] - 2026-04-04T03:06:24.752Z - Handled json message OUTPUTS_HASHES_MATCH. Handling time: 5. Response time: 0.
[NX v22.6.2 Daemon Client] - 2026-04-04T03:06:24.752Z - [Messenger] Received message, length: 4
[NX v22.6.2 Daemon Client] - 2026-04-04T03:06:24.752Z - [Messenger] Sending message type: OUTPUTS_HASHES_MATCH
[NX v22.6.2 Daemon Client] - 2026-04-04T03:06:24.752Z - [Messenger] Message sent
[NX v22.6.2 Daemon Server] - 2026-04-04T03:06:24.752Z - Received raw message of length 232
[NX v22.6.2 Daemon Server] - 2026-04-04T03:06:24.752Z - Received json message of type OUTPUTS_HASHES_MATCH
[NX v22.6.2 Daemon Server] - 2026-04-04T03:06:24.754Z - Serializing response for OUTPUTS_HASHES_MATCH message in json mode
[NX v22.6.2 Daemon Server] - 2026-04-04T03:06:24.754Z - Responding to OUTPUTS_HASHES_MATCH message
[NX v22.6.2 Daemon Server] - 2026-04-04T03:06:24.754Z - [REQUEST]: Responding to the client. outputsHashesMatch
[NX v22.6.2 Daemon Server] - 2026-04-04T03:06:24.754Z - Done responding to the client outputsHashesMatch
[NX v22.6.2 Daemon Server] - 2026-04-04T03:06:24.754Z - Handled json message OUTPUTS_HASHES_MATCH. Handling time: 2. Response time: 0.
[NX v22.6.2 Daemon Client] - 2026-04-04T03:06:24.754Z - [Messenger] Received message, length: 4
[NX v22.6.2 Daemon Client] - 2026-04-04T03:06:24.754Z - [Messenger] Sending message type: RECORD_OUTPUTS_HASH
[NX v22.6.2 Daemon Client] - 2026-04-04T03:06:24.754Z - [Messenger] Message sent
[NX v22.6.2 Daemon Server] - 2026-04-04T03:06:24.754Z - Received raw message of length 236
[NX v22.6.2 Daemon Server] - 2026-04-04T03:06:24.754Z - Received json message of type RECORD_OUTPUTS_HASH
[NX v22.6.2 Daemon Server] - 2026-04-04T03:06:24.758Z - Serializing response for RECORD_OUTPUTS_HASH message in json mode
[NX v22.6.2 Daemon Server] - 2026-04-04T03:06:24.758Z - Responding to RECORD_OUTPUTS_HASH message
[NX v22.6.2 Daemon Server] - 2026-04-04T03:06:24.758Z - [REQUEST]: Responding to the client. recordOutputsHash
[NX v22.6.2 Daemon Server] - 2026-04-04T03:06:24.758Z - Done responding to the client recordOutputsHash
[NX v22.6.2 Daemon Server] - 2026-04-04T03:06:24.758Z - Handled json message RECORD_OUTPUTS_HASH. Handling time: 4. Response time: 0.
[NX v22.6.2 Daemon Client] - 2026-04-04T03:06:24.758Z - [Messenger] Received message, length: 2
[NX v22.6.2 Daemon Client] - 2026-04-04T03:06:24.758Z - [Messenger] Sending message type: RECORD_OUTPUTS_HASH
[NX v22.6.2 Daemon Client] - 2026-04-04T03:06:24.758Z - [Messenger] Message sent
[NX v22.6.2 Daemon Server] - 2026-04-04T03:06:24.758Z - Received raw message of length 231
[NX v22.6.2 Daemon Server] - 2026-04-04T03:06:24.758Z - Received json message of type RECORD_OUTPUTS_HASH
[NX v22.6.2 Daemon Server] - 2026-04-04T03:06:24.761Z - Serializing response for RECORD_OUTPUTS_HASH message in json mode
[NX v22.6.2 Daemon Server] - 2026-04-04T03:06:24.761Z - Responding to RECORD_OUTPUTS_HASH message
[NX v22.6.2 Daemon Server] - 2026-04-04T03:06:24.761Z - [REQUEST]: Responding to the client. recordOutputsHash
[NX v22.6.2 Daemon Server] - 2026-04-04T03:06:24.761Z - Done responding to the client recordOutputsHash
[NX v22.6.2 Daemon Server] - 2026-04-04T03:06:24.761Z - Handled json message RECORD_OUTPUTS_HASH. Handling time: 3. Response time: 0.
[NX v22.6.2 Daemon Client] - 2026-04-04T03:06:24.761Z - [Messenger] Received message, length: 2
[NX v22.6.2 Daemon Client] - 2026-04-04T03:06:24.763Z - [Messenger] Sending message type: OUTPUTS_HASHES_MATCH
[NX v22.6.2 Daemon Client] - 2026-04-04T03:06:24.763Z - [Messenger] Message sent
[NX v22.6.2 Daemon Server] - 2026-04-04T03:06:24.763Z - Received raw message of length 196
[NX v22.6.2 Daemon Server] - 2026-04-04T03:06:24.763Z - Received json message of type OUTPUTS_HASHES_MATCH
[NX v22.6.2 Daemon Server] - 2026-04-04T03:06:24.770Z - Serializing response for OUTPUTS_HASHES_MATCH message in json mode
[NX v22.6.2 Daemon Server] - 2026-04-04T03:06:24.770Z - Responding to OUTPUTS_HASHES_MATCH message
[NX v22.6.2 Daemon Server] - 2026-04-04T03:06:24.770Z - [REQUEST]: Responding to the client. outputsHashesMatch
[NX v22.6.2 Daemon Server] - 2026-04-04T03:06:24.770Z - Done responding to the client outputsHashesMatch
[NX v22.6.2 Daemon Server] - 2026-04-04T03:06:24.770Z - Handled json message OUTPUTS_HASHES_MATCH. Handling time: 7. Response time: 0.
[NX v22.6.2 Daemon Client] - 2026-04-04T03:06:24.770Z - [Messenger] Received message, length: 5
[NX v22.6.2 Daemon Client] - 2026-04-04T03:06:24.814Z - [Messenger] Sending message type: OUTPUTS_HASHES_MATCH
[NX v22.6.2 Daemon Client] - 2026-04-04T03:06:24.814Z - [Messenger] Message sent
[NX v22.6.2 Daemon Server] - 2026-04-04T03:06:24.815Z - Received raw message of length 184
[NX v22.6.2 Daemon Server] - 2026-04-04T03:06:24.815Z - Received json message of type OUTPUTS_HASHES_MATCH
[NX v22.6.2 Daemon Server] - 2026-04-04T03:06:24.822Z - Serializing response for OUTPUTS_HASHES_MATCH message in json mode
[NX v22.6.2 Daemon Server] - 2026-04-04T03:06:24.822Z - Responding to OUTPUTS_HASHES_MATCH message
[NX v22.6.2 Daemon Server] - 2026-04-04T03:06:24.822Z - [REQUEST]: Responding to the client. outputsHashesMatch
[NX v22.6.2 Daemon Server] - 2026-04-04T03:06:24.822Z - Done responding to the client outputsHashesMatch
[NX v22.6.2 Daemon Server] - 2026-04-04T03:06:24.822Z - Handled json message OUTPUTS_HASHES_MATCH. Handling time: 7. Response time: 0.
[NX v22.6.2 Daemon Client] - 2026-04-04T03:06:24.822Z - [Messenger] Received message, length: 4
[NX v22.6.2 Daemon Client] - 2026-04-04T03:06:24.822Z - [Messenger] Sending message type: RECORD_OUTPUTS_HASH
[NX v22.6.2 Daemon Client] - 2026-04-04T03:06:24.822Z - [Messenger] Message sent
[NX v22.6.2 Daemon Server] - 2026-04-04T03:06:24.822Z - Received raw message of length 195
[NX v22.6.2 Daemon Server] - 2026-04-04T03:06:24.822Z - Received json message of type RECORD_OUTPUTS_HASH
[NX v22.6.2 Daemon Server] - 2026-04-04T03:06:24.827Z - Serializing response for RECORD_OUTPUTS_HASH message in json mode
[NX v22.6.2 Daemon Server] - 2026-04-04T03:06:24.827Z - Responding to RECORD_OUTPUTS_HASH message
[NX v22.6.2 Daemon Server] - 2026-04-04T03:06:24.827Z - [REQUEST]: Responding to the client. recordOutputsHash
[NX v22.6.2 Daemon Server] - 2026-04-04T03:06:24.827Z - Done responding to the client recordOutputsHash
[NX v22.6.2 Daemon Server] - 2026-04-04T03:06:24.827Z - Handled json message RECORD_OUTPUTS_HASH. Handling time: 5. Response time: 0.
[NX v22.6.2 Daemon Client] - 2026-04-04T03:06:24.827Z - [Messenger] Received message, length: 2
[NX v22.6.2 Daemon Client] - 2026-04-04T03:06:24.828Z - [Messenger] Sending message type: RECORD_OUTPUTS_HASH
[NX v22.6.2 Daemon Client] - 2026-04-04T03:06:24.828Z - [Messenger] Message sent
[NX v22.6.2 Daemon Server] - 2026-04-04T03:06:24.828Z - Received raw message of length 183
[NX v22.6.2 Daemon Server] - 2026-04-04T03:06:24.828Z - Received json message of type RECORD_OUTPUTS_HASH
[NX v22.6.2 Daemon Server] - 2026-04-04T03:06:24.832Z - Serializing response for RECORD_OUTPUTS_HASH message in json mode
[NX v22.6.2 Daemon Server] - 2026-04-04T03:06:24.832Z - Responding to RECORD_OUTPUTS_HASH message
[NX v22.6.2 Daemon Server] - 2026-04-04T03:06:24.832Z - [REQUEST]: Responding to the client. recordOutputsHash
[NX v22.6.2 Daemon Server] - 2026-04-04T03:06:24.832Z - Done responding to the client recordOutputsHash
[NX v22.6.2 Daemon Server] - 2026-04-04T03:06:24.832Z - Handled json message RECORD_OUTPUTS_HASH. Handling time: 4. Response time: 0.
[NX v22.6.2 Daemon Server] - 2026-04-04T03:06:24.832Z - [WATCHER]: Processing file changes in outputs
[NX v22.6.2 Daemon Client] - 2026-04-04T03:06:24.832Z - [Messenger] Received message, length: 2
[NX v22.6.2 Daemon Client] - 2026-04-04T03:06:24.834Z - [Messenger] Sending message type: RECORD_TASK_RUNS
[NX v22.6.2 Daemon Client] - 2026-04-04T03:06:24.834Z - [Messenger] Message sent
[NX v22.6.2 Daemon Server] - 2026-04-04T03:06:24.834Z - Received raw message of length 2572
[NX v22.6.2 Daemon Server] - 2026-04-04T03:06:24.834Z - Received json message of type RECORD_TASK_RUNS
[NX v22.6.2 Daemon Server] - 2026-04-04T03:06:24.835Z - Serializing response for RECORD_TASK_RUNS message in json mode
[NX v22.6.2 Daemon Server] - 2026-04-04T03:06:24.835Z - Responding to RECORD_TASK_RUNS message
[NX v22.6.2 Daemon Server] - 2026-04-04T03:06:24.835Z - [REQUEST]: Responding to the client. handleRecordTaskRuns
[NX v22.6.2 Daemon Server] - 2026-04-04T03:06:24.835Z - Done responding to the client handleRecordTaskRuns
[NX v22.6.2 Daemon Server] - 2026-04-04T03:06:24.835Z - Handled json message RECORD_TASK_RUNS. Handling time: 0. Response time: 0.
[NX v22.6.2 Daemon Client] - 2026-04-04T03:06:24.835Z - [Messenger] Received message, length: 4
[NX v22.6.2 Daemon Client] - 2026-04-04T03:06:24.835Z - [Messenger] Sending message type: GET_FLAKY_TASKS
[NX v22.6.2 Daemon Server] - 2026-04-04T03:06:24.835Z - Received raw message of length 328
[NX v22.6.2 Daemon Client] - 2026-04-04T03:06:24.835Z - [Messenger] Message sent
[NX v22.6.2 Daemon Server] - 2026-04-04T03:06:24.835Z - Received json message of type GET_FLAKY_TASKS
[NX v22.6.2 Daemon Server] - 2026-04-04T03:06:24.836Z - Serializing response for GET_FLAKY_TASKS message in json mode
[NX v22.6.2 Daemon Server] - 2026-04-04T03:06:24.836Z - Responding to GET_FLAKY_TASKS message
[NX v22.6.2 Daemon Server] - 2026-04-04T03:06:24.836Z - [REQUEST]: Responding to the client. handleGetFlakyTasks
[NX v22.6.2 Daemon Server] - 2026-04-04T03:06:24.836Z - Done responding to the client handleGetFlakyTasks
[NX v22.6.2 Daemon Server] - 2026-04-04T03:06:24.836Z - Handled json message GET_FLAKY_TASKS. Handling time: 1. Response time: 0.
[NX v22.6.2 Daemon Client] - 2026-04-04T03:06:24.836Z - [Messenger] Received message, length: 2
[NX v22.6.2 Daemon Server] - 2026-04-04T03:06:24.848Z - [WATCHER]: 50 file(s) created or restored, 0 file(s) modified, 0 file(s) deleted
[NX v22.6.2 Daemon Server] - 2026-04-04T03:06:24.848Z - [SYNC]: clearing sync generators cache due to file changes
[NX v22.6.2 Daemon Server] - 2026-04-04T03:06:25.020Z - [REQUEST]: Updated workspace context based on watched changes, recomputing project graph...
[NX v22.6.2 Daemon Server] - 2026-04-04T03:06:25.020Z - [REQUEST]: apps/thunder-console/public/assets/images/icons/microsoft.svg,apps/thunder-console/public/assets/images/icons/at.svg,apps/thunder-console/public/assets/images/icons/date.svg,apps/thunder-console/public/assets/images/icons/fingerprint.svg,apps/thunder-console/public/assets/images/icons/check-mark-inside-a-black-box.svg,apps/thunder-console/public/assets/images/logo-mini-inverted.svg,apps/thunder-console/public/assets/images/logo.svg,apps/thunder-console/public/assets/images/icons/link.svg,apps/thunder-console/public/assets/images/icons/google.svg,apps/thunder-console/public/assets/images/icons/recaptcha.png,apps/thunder-console/public/assets/images/icons/scan.svg,apps/thunder-console/public/assets/images/icons/email-down.svg,apps/thunder-console/public/assets/images/icons/robot.svg,apps/thunder-console/public/assets/images/icons/checkbox-check.svg,apps/thunder-console/public/assets/images/icons/landscape-placeholder.svg,apps/thunder-console/public/assets/images/icons/stamp.svg,apps/thunder-console/public/assets/images/icons/number-input.svg,apps/thunder-console/public/assets/images/icons/facebook-black.svg,apps/thunder-console/public/assets/images/icons/user.svg,apps/thunder-console/public/assets/images/icons/email.svg,apps/thunder-console/public/assets/images/logo-inverted.svg,apps/thunder-console/public/assets/images/icons/text-size.svg,apps/thunder-console/public/assets/images/icons/magnifying-glass.svg,apps/thunder-console/public/assets/images/icons/microsoft-black.svg,apps/thunder-console/public/assets/images/icons/divider.svg,apps/thunder-console/public/assets/images/icons/textbox.svg,apps/thunder-console/public/assets/images/icons/image-square.svg,apps/thunder-console/public/assets/images/favicon.ico,apps/thunder-console/public/assets/images/icons/refresh-ccw.svg,apps/thunder-console/public/assets/images/icons/github.svg,apps/thunder-console/public/assets/images/icons/decide.svg,apps/thunder-console/public/assets/images/icons/boolean.svg,apps/thunder-console/public/assets/images/icons/transaction-password-otp-verification-code-security.svg,apps/thunder-console/public/assets/images/icons/mobile-message.svg,apps/thunder-console/public/assets/images/icons/button.svg,apps/thunder-console/public/config.js,apps/thunder-console/public/assets/images/icons/step.svg,apps/thunder-console/public/assets/images/icons/form.svg,apps/thunder-console/public/assets/images/icons/arrowhead-right-outline.svg,apps/thunder-console/public/assets/images/icons/message-text.svg,apps/thunder-console/public/assets/images/icons/loop.svg,apps/thunder-console/public/assets/images/icons/phone.svg,apps/thunder-console/public/assets/images/icons/password-input.svg,apps/thunder-console/public/assets/images/icons/apple.svg,apps/thunder-console/public/assets/images/icons/password.svg,apps/thunder-console/public/assets/images/icons/play.svg,apps/thunder-console/public/assets/images/icons/google-generic.svg,apps/thunder-console/public/assets/images/icons/display-rich-text.svg,apps/thunder-console/public/assets/images/icons/facebook.svg,apps/thunder-console/public/assets/images/logo-mini.svg
[NX v22.6.2 Daemon Server] - 2026-04-04T03:06:25.020Z - [REQUEST]: 
[NX v22.6.2 Daemon Server] - 2026-04-04T03:06:25.080Z - Time taken for 'hash changed files from watcher' 72.1950829999987ms
Time taken for 'plugin worker 21176 code loading' 78.998667ms
Time taken for 'plugin worker 21174 code loading' 81.777625ms
Time taken for 'plugin worker 21177 code loading' 79.089875ms
[NX v22.6.2 Daemon Server] - 2026-04-04T03:06:25.231Z - Time taken for 'start-plugin-worker:nx/js/dependencies-and-lockfile' 154.72762499999953ms
[NX v22.6.2 Daemon Server] - 2026-04-04T03:06:25.231Z - Time taken for 'start-plugin-worker:nx/core/package-json' 153.15466699999524ms
[NX v22.6.2 Daemon Server] - 2026-04-04T03:06:25.231Z - Time taken for 'start-plugin-worker:nx/core/project-json' 152.39229099999648ms
Time taken for 'nx/js/dependencies-and-lockfile:createNodes' 9.051792000000006ms
Time taken for 'nx/core/package-json:createNodes' 222.21087500000002ms
[NX v22.6.2 Daemon Server] - 2026-04-04T03:06:26.000Z - Time taken for 'build-project-configs' 419.3886250000214ms
[NX v22.6.2 Daemon Server] - 2026-04-04T03:06:26.000Z - Time taken for 'createNodes:merge' 1.953665999986697ms
[NX v22.6.2 Daemon Server] - 2026-04-04T03:06:26.000Z - Time taken for 'get-all-workspace-files' 118.08425000001444ms
Time taken for 'build typescript dependencies' 0.11091600000008839ms
[NX v22.6.2 Daemon Server] - 2026-04-04T03:06:26.155Z - [SYNC]: collect registered sync generators
[NX v22.6.2 Daemon Server] - 2026-04-04T03:06:26.156Z - [SYNC]: project graph hash is the same, not collecting task sync generators
[NX v22.6.2 Daemon Server] - 2026-04-04T03:06:26.156Z - [SYNC]: nx.json hash is the same, not collecting global sync generators
[NX v22.6.2 Daemon Server] - 2026-04-04T03:06:26.156Z - Time taken for 'total execution time for createProjectGraph()' 435.8717080000206ms
[NX v22.6.2 Daemon Server] - 2026-04-04T03:06:26.156Z - Time taken for 'createDependencies' 253.32954200002132ms
[NX v22.6.2 Daemon Server] - 2026-04-04T03:06:26.156Z - Time taken for 'nx/js/dependencies-and-lockfile:createDependencies' 253.2337080000434ms
[NX v22.6.2 Daemon Server] - 2026-04-04T03:06:26.156Z - Time taken for 'createMetadata' 0.03529199998592958ms
[NX v22.6.2 Daemon Server] - 2026-04-04T03:06:26.156Z - Time taken for 'serialize graph' 3.7155410000123084ms
[NX v22.6.2 Daemon Server] - 2026-04-04T03:06:27.910Z - Established a connection. Number of open connections: 2
[NX v22.6.2 Daemon Client] - 2026-04-04T03:06:27.910Z - [Messenger] Sending message type: GET_CONFIGURE_AI_AGENTS_STATUS
[NX v22.6.2 Daemon Client] - 2026-04-04T03:06:27.910Z - [Messenger] Message sent
[NX v22.6.2 Daemon Server] - 2026-04-04T03:06:27.910Z - Closed a connection. Number of open connections: 1
[NX v22.6.2 Daemon Server] - 2026-04-04T03:06:27.910Z - Received raw message of length 41
[NX v22.6.2 Daemon Server] - 2026-04-04T03:06:27.910Z - Received json message of type GET_CONFIGURE_AI_AGENTS_STATUS
[NX v22.6.2 Daemon Server] - 2026-04-04T03:06:27.910Z - [AI-AGENTS]: Returning cached agent configuration status
[NX v22.6.2 Daemon Server] - 2026-04-04T03:06:27.910Z - Serializing response for GET_CONFIGURE_AI_AGENTS_STATUS message in json mode
[NX v22.6.2 Daemon Server] - 2026-04-04T03:06:27.910Z - Responding to GET_CONFIGURE_AI_AGENTS_STATUS message
[NX v22.6.2 Daemon Server] - 2026-04-04T03:06:27.911Z - [REQUEST]: Responding to the client. handleGetConfigureAiAgentsStatus
[NX v22.6.2 Daemon Server] - 2026-04-04T03:06:27.911Z - Done responding to the client handleGetConfigureAiAgentsStatus
[NX v22.6.2 Daemon Server] - 2026-04-04T03:06:27.911Z - Handled json message GET_CONFIGURE_AI_AGENTS_STATUS. Handling time: 0. Response time: 1.
[NX v22.6.2 Daemon Client] - 2026-04-04T03:06:27.911Z - [Messenger] Received message, length: 342
[NX v22.6.2 Daemon Client] - 2026-04-04T03:06:28.155Z - [Messenger] Sending message type: POST_TASKS_EXECUTION
[NX v22.6.2 Daemon Client] - 2026-04-04T03:06:28.156Z - [Messenger] Message sent
[NX v22.6.2 Daemon Server] - 2026-04-04T03:06:28.157Z - Received raw message of length 453416
[NX v22.6.2 Daemon Server] - 2026-04-04T03:06:28.159Z - Received json message of type POST_TASKS_EXECUTION
[NX v22.6.2 Daemon Server] - 2026-04-04T03:06:28.159Z - Serializing response for POST_TASKS_EXECUTION message in json mode
[NX v22.6.2 Daemon Server] - 2026-04-04T03:06:28.159Z - Responding to POST_TASKS_EXECUTION message
[NX v22.6.2 Daemon Server] - 2026-04-04T03:06:28.159Z - [REQUEST]: Responding to the client. handleRunPostTasksExecution
[NX v22.6.2 Daemon Server] - 2026-04-04T03:06:28.159Z - Done responding to the client handleRunPostTasksExecution
[NX v22.6.2 Daemon Server] - 2026-04-04T03:06:28.159Z - Handled json message POST_TASKS_EXECUTION. Handling time: 0. Response time: 0.
[NX v22.6.2 Daemon Server] - 2026-04-04T03:06:28.159Z - Time taken for 'postTasksExecution' 0.10595900000771508ms
[NX v22.6.2 Daemon Client] - 2026-04-04T03:06:28.159Z - [Messenger] Received message, length: 4
[NX v22.6.2 Daemon Server] - 2026-04-04T03:06:28.169Z - Closed a connection. Number of open connections: 0
[NX v22.6.2 Daemon Server] - 2026-04-04T03:06:42.516Z - [WATCHER]: Processing file changes in outputs
[NX v22.6.2 Daemon Server] - 2026-04-04T03:07:27.127Z - Established a connection. Number of open connections: 1
[NX v22.6.2 Daemon Server] - 2026-04-04T03:07:27.128Z - Closed a connection. Number of open connections: 0
[NX v22.6.2 Daemon Server] - 2026-04-04T03:07:27.128Z - Established a connection. Number of open connections: 1
[NX v22.6.2 Daemon Server] - 2026-04-04T03:07:27.128Z - Established a connection. Number of open connections: 2
[NX v22.6.2 Daemon Server] - 2026-04-04T03:07:27.128Z - Closed a connection. Number of open connections: 1
[NX v22.6.2 Daemon Client] - 2026-04-04T03:07:27.128Z - [Messenger] Setting up socket listeners
[NX v22.6.2 Daemon Client] - 2026-04-04T03:07:27.129Z - [Messenger] listen() complete
[NX v22.6.2 Daemon Client] - 2026-04-04T03:07:27.130Z - [Messenger] Sending message type: GET_NX_CONSOLE_STATUS
[NX v22.6.2 Daemon Client] - 2026-04-04T03:07:27.130Z - [Messenger] Message sent
[NX v22.6.2 Daemon Server] - 2026-04-04T03:07:27.139Z - Received raw message of length 32
[NX v22.6.2 Daemon Server] - 2026-04-04T03:07:27.139Z - Received json message of type GET_NX_CONSOLE_STATUS
[NX v22.6.2 Daemon Server] - 2026-04-04T03:07:27.139Z - Serializing response for GET_NX_CONSOLE_STATUS message in json mode
[NX v22.6.2 Daemon Server] - 2026-04-04T03:07:27.139Z - Responding to GET_NX_CONSOLE_STATUS message
[NX v22.6.2 Daemon Server] - 2026-04-04T03:07:27.139Z - [REQUEST]: Responding to the client. handleGetNxConsoleStatus
[NX v22.6.2 Daemon Server] - 2026-04-04T03:07:27.139Z - Done responding to the client handleGetNxConsoleStatus
[NX v22.6.2 Daemon Server] - 2026-04-04T03:07:27.139Z - Handled json message GET_NX_CONSOLE_STATUS. Handling time: 0. Response time: 0.
[NX v22.6.2 Daemon Client] - 2026-04-04T03:07:27.139Z - [Messenger] Received message, length: 22
[NX v22.6.2 Daemon Client] - 2026-04-04T03:07:27.189Z - [Messenger] Sending message type: REQUEST_PROJECT_GRAPH
[NX v22.6.2 Daemon Client] - 2026-04-04T03:07:27.189Z - [Messenger] Message sent
[NX v22.6.2 Daemon Server] - 2026-04-04T03:07:27.189Z - Received raw message of length 32
[NX v22.6.2 Daemon Server] - 2026-04-04T03:07:27.190Z - Received json message of type REQUEST_PROJECT_GRAPH
[NX v22.6.2 Daemon Server] - 2026-04-04T03:07:27.190Z - [REQUEST]: Client Request for Project Graph Received
[NX v22.6.2 Daemon Server] - 2026-04-04T03:07:27.190Z - Reusing in-memory cached project graph because no files changed.
[NX v22.6.2 Daemon Server] - 2026-04-04T03:07:27.190Z - Serializing response for REQUEST_PROJECT_GRAPH message in json mode
[NX v22.6.2 Daemon Server] - 2026-04-04T03:07:27.190Z - Responding to REQUEST_PROJECT_GRAPH message
[NX v22.6.2 Daemon Server] - 2026-04-04T03:07:27.190Z - [REQUEST]: Responding to the client. project-graph
[NX v22.6.2 Daemon Server] - 2026-04-04T03:07:27.192Z - Time taken for 'total for creating and serializing project graph' 0.41212500003166497ms
[NX v22.6.2 Daemon Server] - 2026-04-04T03:07:27.195Z - Done responding to the client project-graph
[NX v22.6.2 Daemon Server] - 2026-04-04T03:07:27.195Z - Handled json message REQUEST_PROJECT_GRAPH. Handling time: 0. Response time: 5.
[NX v22.6.2 Daemon Client] - 2026-04-04T03:07:27.195Z - [Messenger] Received message, length: 1243918
[NX v22.6.2 Daemon Client] - 2026-04-04T03:07:27.201Z - [Messenger] Sending message type: PRE_TASKS_EXECUTION
[NX v22.6.2 Daemon Client] - 2026-04-04T03:07:27.202Z - [Messenger] Message sent
[NX v22.6.2 Daemon Server] - 2026-04-04T03:07:27.202Z - Received raw message of length 742
[NX v22.6.2 Daemon Server] - 2026-04-04T03:07:27.202Z - Received json message of type PRE_TASKS_EXECUTION
[NX v22.6.2 Daemon Server] - 2026-04-04T03:07:27.202Z - Serializing response for PRE_TASKS_EXECUTION message in json mode
[NX v22.6.2 Daemon Server] - 2026-04-04T03:07:27.202Z - Responding to PRE_TASKS_EXECUTION message
[NX v22.6.2 Daemon Server] - 2026-04-04T03:07:27.202Z - [REQUEST]: Responding to the client. handleRunPreTasksExecution
[NX v22.6.2 Daemon Server] - 2026-04-04T03:07:27.202Z - Done responding to the client handleRunPreTasksExecution
[NX v22.6.2 Daemon Server] - 2026-04-04T03:07:27.202Z - Handled json message PRE_TASKS_EXECUTION. Handling time: 0. Response time: 0.
[NX v22.6.2 Daemon Server] - 2026-04-04T03:07:27.202Z - Time taken for 'preTasksExecution' 0.14491599996108562ms
[NX v22.6.2 Daemon Client] - 2026-04-04T03:07:27.202Z - [Messenger] Received message, length: 2
[NX v22.6.2 Daemon Client] - 2026-04-04T03:07:27.430Z - [Messenger] Sending message type: HASH_TASKS
[NX v22.6.2 Daemon Client] - 2026-04-04T03:07:27.430Z - [Messenger] Message sent
[NX v22.6.2 Daemon Server] - 2026-04-04T03:07:27.432Z - Received raw message of length 21710
[NX v22.6.2 Daemon Server] - 2026-04-04T03:07:27.432Z - Received json message of type HASH_TASKS
[NX v22.6.2 Daemon Server] - 2026-04-04T03:07:27.432Z - Reusing in-memory cached project graph because no files changed.
DEBUG nx::native::tasks::hash_planner: get_plans_internal COMPLETED in 7.271209ms - processed 13 tasks (setup: 4.941917ms, parallel_planning: 2.326875ms)
DEBUG nx::native::tasks::hashers::hash_workspace_files: Hashing workspace fileset with inputs: Adding "11270979969866030128" (".gitignore") to hash
DEBUG nx::native::tasks::hashers::hash_workspace_files: Hashing workspace fileset with inputs: Adding "11270979969866030128" (".gitignore") to hash
DEBUG nx::native::tasks::hashers::hash_workspace_files: Hashing workspace fileset with inputs: Adding "11270979969866030128" (".gitignore") to hash
DEBUG nx::native::tasks::hashers::hash_workspace_files: Hashing workspace fileset with inputs: Adding "11270979969866030128" (".gitignore") to hash
DEBUG nx::native::tasks::hashers::hash_workspace_files: Hashing workspace fileset with inputs: Adding "11270979969866030128" (".gitignore") to hash
DEBUG nx::native::tasks::hashers::hash_workspace_files: Hashing workspace fileset with inputs: Adding "11270979969866030128" (".gitignore") to hash
DEBUG nx::native::tasks::hashers::hash_workspace_files: Hashing workspace fileset with inputs: Adding "11270979969866030128" (".gitignore") to hash
DEBUG nx::native::tasks::hashers::hash_workspace_files: Hashing workspace fileset with inputs: Adding "11270979969866030128" (".gitignore") to hash
DEBUG nx::native::tasks::hashers::hash_workspace_files: Hashing workspace fileset with inputs: Adding "3553820021084211887" ("nx.json") to hash
DEBUG nx::native::tasks::hashers::hash_workspace_files: Hashing workspace fileset with inputs: Hash Value: "10665259820010788507"
DEBUG nx::native::tasks::hashers::hash_workspace_files: Hashing workspace fileset with inputs: Adding "3553820021084211887" ("nx.json") to hash
DEBUG nx::native::tasks::hashers::hash_workspace_files: Hashing workspace fileset with inputs: Hash Value: "10665259820010788507"
DEBUG nx::native::tasks::hashers::hash_workspace_files: Hashing workspace fileset with inputs: Adding "3553820021084211887" ("nx.json") to hash
DEBUG nx::native::tasks::hashers::hash_workspace_files: Hashing workspace fileset with inputs: Hash Value: "10665259820010788507"
DEBUG nx::native::tasks::hashers::hash_workspace_files: Hashing workspace fileset with inputs: Adding "3553820021084211887" ("nx.json") to hash
DEBUG nx::native::tasks::hashers::hash_workspace_files: Hashing workspace fileset with inputs: Hash Value: "10665259820010788507"
DEBUG nx::native::tasks::hashers::hash_workspace_files: Hashing workspace fileset with inputs: Adding "3553820021084211887" ("nx.json") to hash
DEBUG nx::native::tasks::hashers::hash_workspace_files: Hashing workspace fileset with inputs: Hash Value: "10665259820010788507"
DEBUG nx::native::tasks::hashers::hash_workspace_files: Hashing workspace fileset with inputs: Adding "3553820021084211887" ("nx.json") to hash
DEBUG nx::native::tasks::hashers::hash_workspace_files: Hashing workspace fileset with inputs: Hash Value: "10665259820010788507"
DEBUG nx::native::tasks::hashers::hash_workspace_files: Hashing workspace fileset with inputs: Adding "3553820021084211887" ("nx.json") to hash
DEBUG nx::native::tasks::hashers::hash_workspace_files: Hashing workspace fileset with inputs: Hash Value: "10665259820010788507"
DEBUG nx::native::tasks::hashers::hash_workspace_files: Hashing workspace fileset with inputs: Adding "3553820021084211887" ("nx.json") to hash
DEBUG nx::native::tasks::hashers::hash_workspace_files: Hashing workspace fileset with inputs: Hash Value: "10665259820010788507"
DEBUG nx::native::tasks::task_hasher: hash_plans COMPLETED in 39.762708ms - processed 13 plans (setup: 1.007458ms, hashing: 38.754291ms, assembly: 6.6635ms)
[NX v22.6.2 Daemon Server] - 2026-04-04T03:07:27.489Z - Serializing response for HASH_TASKS message in json mode
[NX v22.6.2 Daemon Server] - 2026-04-04T03:07:27.490Z - Responding to HASH_TASKS message
[NX v22.6.2 Daemon Server] - 2026-04-04T03:07:27.490Z - [REQUEST]: Responding to the client. handleHashTasks
[NX v22.6.2 Daemon Server] - 2026-04-04T03:07:27.492Z - Done responding to the client handleHashTasks
[NX v22.6.2 Daemon Server] - 2026-04-04T03:07:27.492Z - Handled json message HASH_TASKS. Handling time: 57. Response time: 3.
[NX v22.6.2 Daemon Client] - 2026-04-04T03:07:27.492Z - [Messenger] Received message, length: 447051
[NX v22.6.2 Daemon Client] - 2026-04-04T03:07:27.541Z - [Messenger] Sending message type: GET_ESTIMATED_TASK_TIMINGS
[NX v22.6.2 Daemon Client] - 2026-04-04T03:07:27.541Z - [Messenger] Message sent
[NX v22.6.2 Daemon Server] - 2026-04-04T03:07:27.541Z - Received raw message of length 705
[NX v22.6.2 Daemon Server] - 2026-04-04T03:07:27.541Z - Received json message of type GET_ESTIMATED_TASK_TIMINGS
[NX v22.6.2 Daemon Server] - 2026-04-04T03:07:27.541Z - Serializing response for GET_ESTIMATED_TASK_TIMINGS message in json mode
[NX v22.6.2 Daemon Server] - 2026-04-04T03:07:27.541Z - Responding to GET_ESTIMATED_TASK_TIMINGS message
[NX v22.6.2 Daemon Server] - 2026-04-04T03:07:27.541Z - [REQUEST]: Responding to the client. handleGetEstimatedTaskTimings
[NX v22.6.2 Daemon Server] - 2026-04-04T03:07:27.541Z - Done responding to the client handleGetEstimatedTaskTimings
[NX v22.6.2 Daemon Server] - 2026-04-04T03:07:27.541Z - Handled json message GET_ESTIMATED_TASK_TIMINGS. Handling time: 0. Response time: 0.
[NX v22.6.2 Daemon Client] - 2026-04-04T03:07:27.542Z - [Messenger] Received message, length: 497
[NX v22.6.2 Daemon Client] - 2026-04-04T03:07:27.545Z - [Messenger] Sending message type: OUTPUTS_HASHES_MATCH
[NX v22.6.2 Daemon Client] - 2026-04-04T03:07:27.545Z - [Messenger] Message sent
[NX v22.6.2 Daemon Server] - 2026-04-04T03:07:27.545Z - Received raw message of length 237
[NX v22.6.2 Daemon Server] - 2026-04-04T03:07:27.545Z - Received json message of type OUTPUTS_HASHES_MATCH
[NX v22.6.2 Daemon Server] - 2026-04-04T03:07:27.548Z - Serializing response for OUTPUTS_HASHES_MATCH message in json mode
[NX v22.6.2 Daemon Server] - 2026-04-04T03:07:27.548Z - Responding to OUTPUTS_HASHES_MATCH message
[NX v22.6.2 Daemon Server] - 2026-04-04T03:07:27.548Z - [REQUEST]: Responding to the client. outputsHashesMatch
[NX v22.6.2 Daemon Server] - 2026-04-04T03:07:27.548Z - Done responding to the client outputsHashesMatch
[NX v22.6.2 Daemon Server] - 2026-04-04T03:07:27.548Z - Handled json message OUTPUTS_HASHES_MATCH. Handling time: 3. Response time: 0.
[NX v22.6.2 Daemon Client] - 2026-04-04T03:07:27.548Z - [Messenger] Received message, length: 4
[NX v22.6.2 Daemon Client] - 2026-04-04T03:07:27.549Z - [Messenger] Sending message type: OUTPUTS_HASHES_MATCH
[NX v22.6.2 Daemon Client] - 2026-04-04T03:07:27.549Z - [Messenger] Message sent
[NX v22.6.2 Daemon Server] - 2026-04-04T03:07:27.549Z - Received raw message of length 245
[NX v22.6.2 Daemon Server] - 2026-04-04T03:07:27.549Z - Received json message of type OUTPUTS_HASHES_MATCH
[NX v22.6.2 Daemon Server] - 2026-04-04T03:07:27.552Z - Serializing response for OUTPUTS_HASHES_MATCH message in json mode
[NX v22.6.2 Daemon Server] - 2026-04-04T03:07:27.552Z - Responding to OUTPUTS_HASHES_MATCH message
[NX v22.6.2 Daemon Server] - 2026-04-04T03:07:27.552Z - [REQUEST]: Responding to the client. outputsHashesMatch
[NX v22.6.2 Daemon Server] - 2026-04-04T03:07:27.552Z - Done responding to the client outputsHashesMatch
[NX v22.6.2 Daemon Server] - 2026-04-04T03:07:27.552Z - Handled json message OUTPUTS_HASHES_MATCH. Handling time: 3. Response time: 0.
[NX v22.6.2 Daemon Client] - 2026-04-04T03:07:27.552Z - [Messenger] Received message, length: 4
[NX v22.6.2 Daemon Client] - 2026-04-04T03:07:27.552Z - [Messenger] Sending message type: RECORD_OUTPUTS_HASH
[NX v22.6.2 Daemon Server] - 2026-04-04T03:07:27.552Z - Received raw message of length 236
[NX v22.6.2 Daemon Client] - 2026-04-04T03:07:27.552Z - [Messenger] Message sent
[NX v22.6.2 Daemon Server] - 2026-04-04T03:07:27.552Z - Received json message of type RECORD_OUTPUTS_HASH
[NX v22.6.2 Daemon Server] - 2026-04-04T03:07:27.554Z - Serializing response for RECORD_OUTPUTS_HASH message in json mode
[NX v22.6.2 Daemon Server] - 2026-04-04T03:07:27.554Z - Responding to RECORD_OUTPUTS_HASH message
[NX v22.6.2 Daemon Server] - 2026-04-04T03:07:27.554Z - [REQUEST]: Responding to the client. recordOutputsHash
[NX v22.6.2 Daemon Server] - 2026-04-04T03:07:27.554Z - Done responding to the client recordOutputsHash
[NX v22.6.2 Daemon Server] - 2026-04-04T03:07:27.554Z - Handled json message RECORD_OUTPUTS_HASH. Handling time: 2. Response time: 0.
[NX v22.6.2 Daemon Client] - 2026-04-04T03:07:27.554Z - [Messenger] Received message, length: 2
[NX v22.6.2 Daemon Client] - 2026-04-04T03:07:27.555Z - [Messenger] Sending message type: RECORD_OUTPUTS_HASH
[NX v22.6.2 Daemon Client] - 2026-04-04T03:07:27.555Z - [Messenger] Message sent
[NX v22.6.2 Daemon Server] - 2026-04-04T03:07:27.555Z - Received raw message of length 244
[NX v22.6.2 Daemon Server] - 2026-04-04T03:07:27.555Z - Received json message of type RECORD_OUTPUTS_HASH
[NX v22.6.2 Daemon Server] - 2026-04-04T03:07:27.558Z - Serializing response for RECORD_OUTPUTS_HASH message in json mode
[NX v22.6.2 Daemon Server] - 2026-04-04T03:07:27.558Z - Responding to RECORD_OUTPUTS_HASH message
[NX v22.6.2 Daemon Server] - 2026-04-04T03:07:27.558Z - [REQUEST]: Responding to the client. recordOutputsHash
[NX v22.6.2 Daemon Server] - 2026-04-04T03:07:27.558Z - Done responding to the client recordOutputsHash
[NX v22.6.2 Daemon Server] - 2026-04-04T03:07:27.558Z - Handled json message RECORD_OUTPUTS_HASH. Handling time: 3. Response time: 0.
[NX v22.6.2 Daemon Client] - 2026-04-04T03:07:27.558Z - [Messenger] Received message, length: 2
[NX v22.6.2 Daemon Client] - 2026-04-04T03:07:27.560Z - [Messenger] Sending message type: OUTPUTS_HASHES_MATCH
[NX v22.6.2 Daemon Client] - 2026-04-04T03:07:27.560Z - [Messenger] Message sent
[NX v22.6.2 Daemon Server] - 2026-04-04T03:07:27.560Z - Received raw message of length 244
[NX v22.6.2 Daemon Server] - 2026-04-04T03:07:27.560Z - Received json message of type OUTPUTS_HASHES_MATCH
[NX v22.6.2 Daemon Server] - 2026-04-04T03:07:27.563Z - Serializing response for OUTPUTS_HASHES_MATCH message in json mode
[NX v22.6.2 Daemon Server] - 2026-04-04T03:07:27.563Z - Responding to OUTPUTS_HASHES_MATCH message
[NX v22.6.2 Daemon Server] - 2026-04-04T03:07:27.563Z - [REQUEST]: Responding to the client. outputsHashesMatch
[NX v22.6.2 Daemon Server] - 2026-04-04T03:07:27.563Z - Done responding to the client outputsHashesMatch
[NX v22.6.2 Daemon Server] - 2026-04-04T03:07:27.563Z - Handled json message OUTPUTS_HASHES_MATCH. Handling time: 3. Response time: 0.
[NX v22.6.2 Daemon Client] - 2026-04-04T03:07:27.563Z - [Messenger] Received message, length: 4
[NX v22.6.2 Daemon Client] - 2026-04-04T03:07:27.563Z - [Messenger] Sending message type: OUTPUTS_HASHES_MATCH
[NX v22.6.2 Daemon Client] - 2026-04-04T03:07:27.563Z - [Messenger] Message sent
[NX v22.6.2 Daemon Server] - 2026-04-04T03:07:27.563Z - Received raw message of length 208
[NX v22.6.2 Daemon Server] - 2026-04-04T03:07:27.563Z - Received json message of type OUTPUTS_HASHES_MATCH
[NX v22.6.2 Daemon Server] - 2026-04-04T03:07:27.566Z - Serializing response for OUTPUTS_HASHES_MATCH message in json mode
[NX v22.6.2 Daemon Server] - 2026-04-04T03:07:27.566Z - Responding to OUTPUTS_HASHES_MATCH message
[NX v22.6.2 Daemon Server] - 2026-04-04T03:07:27.566Z - [REQUEST]: Responding to the client. outputsHashesMatch
[NX v22.6.2 Daemon Server] - 2026-04-04T03:07:27.566Z - Done responding to the client outputsHashesMatch
[NX v22.6.2 Daemon Server] - 2026-04-04T03:07:27.566Z - Handled json message OUTPUTS_HASHES_MATCH. Handling time: 3. Response time: 0.
[NX v22.6.2 Daemon Client] - 2026-04-04T03:07:27.566Z - [Messenger] Received message, length: 4
[NX v22.6.2 Daemon Client] - 2026-04-04T03:07:27.567Z - [Messenger] Sending message type: RECORD_OUTPUTS_HASH
[NX v22.6.2 Daemon Client] - 2026-04-04T03:07:27.567Z - [Messenger] Message sent
[NX v22.6.2 Daemon Server] - 2026-04-04T03:07:27.567Z - Received raw message of length 243
[NX v22.6.2 Daemon Server] - 2026-04-04T03:07:27.567Z - Received json message of type RECORD_OUTPUTS_HASH
[NX v22.6.2 Daemon Server] - 2026-04-04T03:07:27.569Z - Serializing response for RECORD_OUTPUTS_HASH message in json mode
[NX v22.6.2 Daemon Server] - 2026-04-04T03:07:27.569Z - Responding to RECORD_OUTPUTS_HASH message
[NX v22.6.2 Daemon Server] - 2026-04-04T03:07:27.569Z - [REQUEST]: Responding to the client. recordOutputsHash
[NX v22.6.2 Daemon Server] - 2026-04-04T03:07:27.569Z - Done responding to the client recordOutputsHash
[NX v22.6.2 Daemon Server] - 2026-04-04T03:07:27.569Z - Handled json message RECORD_OUTPUTS_HASH. Handling time: 2. Response time: 0.
[NX v22.6.2 Daemon Client] - 2026-04-04T03:07:27.569Z - [Messenger] Received message, length: 2
[NX v22.6.2 Daemon Client] - 2026-04-04T03:07:27.569Z - [Messenger] Sending message type: RECORD_OUTPUTS_HASH
[NX v22.6.2 Daemon Client] - 2026-04-04T03:07:27.569Z - [Messenger] Message sent
[NX v22.6.2 Daemon Server] - 2026-04-04T03:07:27.569Z - Received raw message of length 207
[NX v22.6.2 Daemon Server] - 2026-04-04T03:07:27.569Z - Received json message of type RECORD_OUTPUTS_HASH
[NX v22.6.2 Daemon Server] - 2026-04-04T03:07:27.571Z - Serializing response for RECORD_OUTPUTS_HASH message in json mode
[NX v22.6.2 Daemon Server] - 2026-04-04T03:07:27.571Z - Responding to RECORD_OUTPUTS_HASH message
[NX v22.6.2 Daemon Server] - 2026-04-04T03:07:27.571Z - [REQUEST]: Responding to the client. recordOutputsHash
[NX v22.6.2 Daemon Server] - 2026-04-04T03:07:27.571Z - Done responding to the client recordOutputsHash
[NX v22.6.2 Daemon Server] - 2026-04-04T03:07:27.571Z - Handled json message RECORD_OUTPUTS_HASH. Handling time: 2. Response time: 0.
[NX v22.6.2 Daemon Client] - 2026-04-04T03:07:27.571Z - [Messenger] Received message, length: 2
[NX v22.6.2 Daemon Client] - 2026-04-04T03:07:27.571Z - [Messenger] Sending message type: OUTPUTS_HASHES_MATCH
[NX v22.6.2 Daemon Client] - 2026-04-04T03:07:27.571Z - [Messenger] Message sent
[NX v22.6.2 Daemon Server] - 2026-04-04T03:07:27.571Z - Received raw message of length 201
[NX v22.6.2 Daemon Server] - 2026-04-04T03:07:27.571Z - Received json message of type OUTPUTS_HASHES_MATCH
[NX v22.6.2 Daemon Server] - 2026-04-04T03:07:27.575Z - Serializing response for OUTPUTS_HASHES_MATCH message in json mode
[NX v22.6.2 Daemon Server] - 2026-04-04T03:07:27.575Z - Responding to OUTPUTS_HASHES_MATCH message
[NX v22.6.2 Daemon Server] - 2026-04-04T03:07:27.575Z - [REQUEST]: Responding to the client. outputsHashesMatch
[NX v22.6.2 Daemon Server] - 2026-04-04T03:07:27.575Z - Done responding to the client outputsHashesMatch
[NX v22.6.2 Daemon Server] - 2026-04-04T03:07:27.575Z - Handled json message OUTPUTS_HASHES_MATCH. Handling time: 4. Response time: 0.
[NX v22.6.2 Daemon Client] - 2026-04-04T03:07:27.575Z - [Messenger] Received message, length: 4
[NX v22.6.2 Daemon Client] - 2026-04-04T03:07:27.575Z - [Messenger] Sending message type: RECORD_OUTPUTS_HASH
[NX v22.6.2 Daemon Client] - 2026-04-04T03:07:27.575Z - [Messenger] Message sent
[NX v22.6.2 Daemon Server] - 2026-04-04T03:07:27.575Z - Received raw message of length 200
[NX v22.6.2 Daemon Server] - 2026-04-04T03:07:27.575Z - Received json message of type RECORD_OUTPUTS_HASH
[NX v22.6.2 Daemon Server] - 2026-04-04T03:07:27.577Z - Serializing response for RECORD_OUTPUTS_HASH message in json mode
[NX v22.6.2 Daemon Server] - 2026-04-04T03:07:27.577Z - Responding to RECORD_OUTPUTS_HASH message
[NX v22.6.2 Daemon Server] - 2026-04-04T03:07:27.577Z - [REQUEST]: Responding to the client. recordOutputsHash
[NX v22.6.2 Daemon Server] - 2026-04-04T03:07:27.577Z - Done responding to the client recordOutputsHash
[NX v22.6.2 Daemon Server] - 2026-04-04T03:07:27.577Z - Handled json message RECORD_OUTPUTS_HASH. Handling time: 2. Response time: 0.
[NX v22.6.2 Daemon Client] - 2026-04-04T03:07:27.577Z - [Messenger] Received message, length: 2
[NX v22.6.2 Daemon Client] - 2026-04-04T03:07:27.578Z - [Messenger] Sending message type: OUTPUTS_HASHES_MATCH
[NX v22.6.2 Daemon Client] - 2026-04-04T03:07:27.578Z - [Messenger] Message sent
[NX v22.6.2 Daemon Server] - 2026-04-04T03:07:27.578Z - Received raw message of length 224
[NX v22.6.2 Daemon Server] - 2026-04-04T03:07:27.578Z - Received json message of type OUTPUTS_HASHES_MATCH
[NX v22.6.2 Daemon Server] - 2026-04-04T03:07:27.580Z - Serializing response for OUTPUTS_HASHES_MATCH message in json mode
[NX v22.6.2 Daemon Server] - 2026-04-04T03:07:27.580Z - Responding to OUTPUTS_HASHES_MATCH message
[NX v22.6.2 Daemon Server] - 2026-04-04T03:07:27.580Z - [REQUEST]: Responding to the client. outputsHashesMatch
[NX v22.6.2 Daemon Server] - 2026-04-04T03:07:27.580Z - Done responding to the client outputsHashesMatch
[NX v22.6.2 Daemon Server] - 2026-04-04T03:07:27.580Z - Handled json message OUTPUTS_HASHES_MATCH. Handling time: 2. Response time: 0.
[NX v22.6.2 Daemon Client] - 2026-04-04T03:07:27.580Z - [Messenger] Received message, length: 4
[NX v22.6.2 Daemon Client] - 2026-04-04T03:07:27.580Z - [Messenger] Sending message type: RECORD_OUTPUTS_HASH
[NX v22.6.2 Daemon Client] - 2026-04-04T03:07:27.580Z - [Messenger] Message sent
[NX v22.6.2 Daemon Server] - 2026-04-04T03:07:27.580Z - Received raw message of length 223
[NX v22.6.2 Daemon Server] - 2026-04-04T03:07:27.580Z - Received json message of type RECORD_OUTPUTS_HASH
[NX v22.6.2 Daemon Server] - 2026-04-04T03:07:27.583Z - Serializing response for RECORD_OUTPUTS_HASH message in json mode
[NX v22.6.2 Daemon Server] - 2026-04-04T03:07:27.583Z - Responding to RECORD_OUTPUTS_HASH message
[NX v22.6.2 Daemon Server] - 2026-04-04T03:07:27.583Z - [REQUEST]: Responding to the client. recordOutputsHash
[NX v22.6.2 Daemon Server] - 2026-04-04T03:07:27.583Z - Done responding to the client recordOutputsHash
[NX v22.6.2 Daemon Server] - 2026-04-04T03:07:27.583Z - Handled json message RECORD_OUTPUTS_HASH. Handling time: 3. Response time: 0.
[NX v22.6.2 Daemon Client] - 2026-04-04T03:07:27.583Z - [Messenger] Received message, length: 2
[NX v22.6.2 Daemon Client] - 2026-04-04T03:07:27.585Z - [Messenger] Sending message type: OUTPUTS_HASHES_MATCH
[NX v22.6.2 Daemon Client] - 2026-04-04T03:07:27.585Z - [Messenger] Message sent
[NX v22.6.2 Daemon Server] - 2026-04-04T03:07:27.585Z - Received raw message of length 205
[NX v22.6.2 Daemon Server] - 2026-04-04T03:07:27.585Z - Received json message of type OUTPUTS_HASHES_MATCH
[NX v22.6.2 Daemon Server] - 2026-04-04T03:07:27.587Z - Serializing response for OUTPUTS_HASHES_MATCH message in json mode
[NX v22.6.2 Daemon Server] - 2026-04-04T03:07:27.587Z - Responding to OUTPUTS_HASHES_MATCH message
[NX v22.6.2 Daemon Server] - 2026-04-04T03:07:27.587Z - [REQUEST]: Responding to the client. outputsHashesMatch
[NX v22.6.2 Daemon Server] - 2026-04-04T03:07:27.587Z - Done responding to the client outputsHashesMatch
[NX v22.6.2 Daemon Server] - 2026-04-04T03:07:27.587Z - Handled json message OUTPUTS_HASHES_MATCH. Handling time: 2. Response time: 0.
[NX v22.6.2 Daemon Client] - 2026-04-04T03:07:27.587Z - [Messenger] Received message, length: 4
[NX v22.6.2 Daemon Client] - 2026-04-04T03:07:27.587Z - [Messenger] Sending message type: OUTPUTS_HASHES_MATCH
[NX v22.6.2 Daemon Server] - 2026-04-04T03:07:27.587Z - Received raw message of length 208
[NX v22.6.2 Daemon Client] - 2026-04-04T03:07:27.587Z - [Messenger] Message sent
[NX v22.6.2 Daemon Server] - 2026-04-04T03:07:27.587Z - Received json message of type OUTPUTS_HASHES_MATCH
[NX v22.6.2 Daemon Server] - 2026-04-04T03:07:27.592Z - Serializing response for OUTPUTS_HASHES_MATCH message in json mode
[NX v22.6.2 Daemon Server] - 2026-04-04T03:07:27.592Z - Responding to OUTPUTS_HASHES_MATCH message
[NX v22.6.2 Daemon Server] - 2026-04-04T03:07:27.592Z - [REQUEST]: Responding to the client. outputsHashesMatch
[NX v22.6.2 Daemon Server] - 2026-04-04T03:07:27.592Z - Done responding to the client outputsHashesMatch
[NX v22.6.2 Daemon Server] - 2026-04-04T03:07:27.592Z - Handled json message OUTPUTS_HASHES_MATCH. Handling time: 5. Response time: 0.
[NX v22.6.2 Daemon Client] - 2026-04-04T03:07:27.592Z - [Messenger] Received message, length: 4
[NX v22.6.2 Daemon Client] - 2026-04-04T03:07:27.592Z - [Messenger] Sending message type: RECORD_OUTPUTS_HASH
[NX v22.6.2 Daemon Client] - 2026-04-04T03:07:27.592Z - [Messenger] Message sent
[NX v22.6.2 Daemon Server] - 2026-04-04T03:07:27.592Z - Received raw message of length 204
[NX v22.6.2 Daemon Server] - 2026-04-04T03:07:27.592Z - Received json message of type RECORD_OUTPUTS_HASH
[NX v22.6.2 Daemon Server] - 2026-04-04T03:07:27.595Z - Serializing response for RECORD_OUTPUTS_HASH message in json mode
[NX v22.6.2 Daemon Server] - 2026-04-04T03:07:27.595Z - Responding to RECORD_OUTPUTS_HASH message
[NX v22.6.2 Daemon Server] - 2026-04-04T03:07:27.595Z - [REQUEST]: Responding to the client. recordOutputsHash
[NX v22.6.2 Daemon Server] - 2026-04-04T03:07:27.595Z - Done responding to the client recordOutputsHash
[NX v22.6.2 Daemon Server] - 2026-04-04T03:07:27.595Z - Handled json message RECORD_OUTPUTS_HASH. Handling time: 3. Response time: 0.
[NX v22.6.2 Daemon Client] - 2026-04-04T03:07:27.595Z - [Messenger] Received message, length: 2
[NX v22.6.2 Daemon Client] - 2026-04-04T03:07:27.596Z - [Messenger] Sending message type: RECORD_OUTPUTS_HASH
[NX v22.6.2 Daemon Client] - 2026-04-04T03:07:27.596Z - [Messenger] Message sent
[NX v22.6.2 Daemon Server] - 2026-04-04T03:07:27.596Z - Received raw message of length 207
[NX v22.6.2 Daemon Server] - 2026-04-04T03:07:27.596Z - Received json message of type RECORD_OUTPUTS_HASH
[NX v22.6.2 Daemon Server] - 2026-04-04T03:07:27.599Z - Serializing response for RECORD_OUTPUTS_HASH message in json mode
[NX v22.6.2 Daemon Server] - 2026-04-04T03:07:27.599Z - Responding to RECORD_OUTPUTS_HASH message
[NX v22.6.2 Daemon Server] - 2026-04-04T03:07:27.599Z - [REQUEST]: Responding to the client. recordOutputsHash
[NX v22.6.2 Daemon Server] - 2026-04-04T03:07:27.599Z - Done responding to the client recordOutputsHash
[NX v22.6.2 Daemon Server] - 2026-04-04T03:07:27.599Z - Handled json message RECORD_OUTPUTS_HASH. Handling time: 3. Response time: 0.
[NX v22.6.2 Daemon Client] - 2026-04-04T03:07:27.599Z - [Messenger] Received message, length: 2
[NX v22.6.2 Daemon Client] - 2026-04-04T03:07:27.599Z - [Messenger] Sending message type: OUTPUTS_HASHES_MATCH
[NX v22.6.2 Daemon Client] - 2026-04-04T03:07:27.599Z - [Messenger] Message sent
[NX v22.6.2 Daemon Server] - 2026-04-04T03:07:27.599Z - Received raw message of length 204
[NX v22.6.2 Daemon Server] - 2026-04-04T03:07:27.599Z - Received json message of type OUTPUTS_HASHES_MATCH
[NX v22.6.2 Daemon Server] - 2026-04-04T03:07:27.602Z - Serializing response for OUTPUTS_HASHES_MATCH message in json mode
[NX v22.6.2 Daemon Server] - 2026-04-04T03:07:27.602Z - Responding to OUTPUTS_HASHES_MATCH message
[NX v22.6.2 Daemon Server] - 2026-04-04T03:07:27.602Z - [REQUEST]: Responding to the client. outputsHashesMatch
[NX v22.6.2 Daemon Server] - 2026-04-04T03:07:27.602Z - Done responding to the client outputsHashesMatch
[NX v22.6.2 Daemon Server] - 2026-04-04T03:07:27.602Z - Handled json message OUTPUTS_HASHES_MATCH. Handling time: 3. Response time: 0.
[NX v22.6.2 Daemon Client] - 2026-04-04T03:07:27.602Z - [Messenger] Received message, length: 4
[NX v22.6.2 Daemon Client] - 2026-04-04T03:07:27.602Z - [Messenger] Sending message type: RECORD_OUTPUTS_HASH
[NX v22.6.2 Daemon Client] - 2026-04-04T03:07:27.603Z - [Messenger] Message sent
[NX v22.6.2 Daemon Server] - 2026-04-04T03:07:27.603Z - Received raw message of length 203
[NX v22.6.2 Daemon Server] - 2026-04-04T03:07:27.603Z - Received json message of type RECORD_OUTPUTS_HASH
[NX v22.6.2 Daemon Server] - 2026-04-04T03:07:27.604Z - Serializing response for RECORD_OUTPUTS_HASH message in json mode
[NX v22.6.2 Daemon Server] - 2026-04-04T03:07:27.604Z - Responding to RECORD_OUTPUTS_HASH message
[NX v22.6.2 Daemon Server] - 2026-04-04T03:07:27.604Z - [REQUEST]: Responding to the client. recordOutputsHash
[NX v22.6.2 Daemon Server] - 2026-04-04T03:07:27.604Z - Done responding to the client recordOutputsHash
[NX v22.6.2 Daemon Server] - 2026-04-04T03:07:27.604Z - Handled json message RECORD_OUTPUTS_HASH. Handling time: 1. Response time: 0.
[NX v22.6.2 Daemon Client] - 2026-04-04T03:07:27.604Z - [Messenger] Received message, length: 2
[NX v22.6.2 Daemon Client] - 2026-04-04T03:07:27.606Z - [Messenger] Sending message type: OUTPUTS_HASHES_MATCH
[NX v22.6.2 Daemon Client] - 2026-04-04T03:07:27.606Z - [Messenger] Message sent
[NX v22.6.2 Daemon Server] - 2026-04-04T03:07:27.606Z - Received raw message of length 237
[NX v22.6.2 Daemon Server] - 2026-04-04T03:07:27.606Z - Received json message of type OUTPUTS_HASHES_MATCH
[NX v22.6.2 Daemon Server] - 2026-04-04T03:07:27.611Z - Serializing response for OUTPUTS_HASHES_MATCH message in json mode
[NX v22.6.2 Daemon Server] - 2026-04-04T03:07:27.611Z - Responding to OUTPUTS_HASHES_MATCH message
[NX v22.6.2 Daemon Server] - 2026-04-04T03:07:27.611Z - [REQUEST]: Responding to the client. outputsHashesMatch
[NX v22.6.2 Daemon Server] - 2026-04-04T03:07:27.611Z - Done responding to the client outputsHashesMatch
[NX v22.6.2 Daemon Server] - 2026-04-04T03:07:27.611Z - Handled json message OUTPUTS_HASHES_MATCH. Handling time: 5. Response time: 0.
[NX v22.6.2 Daemon Client] - 2026-04-04T03:07:27.611Z - [Messenger] Received message, length: 4
[NX v22.6.2 Daemon Client] - 2026-04-04T03:07:27.611Z - [Messenger] Sending message type: OUTPUTS_HASHES_MATCH
[NX v22.6.2 Daemon Server] - 2026-04-04T03:07:27.611Z - Received raw message of length 232
[NX v22.6.2 Daemon Client] - 2026-04-04T03:07:27.611Z - [Messenger] Message sent
[NX v22.6.2 Daemon Server] - 2026-04-04T03:07:27.611Z - Received json message of type OUTPUTS_HASHES_MATCH
[NX v22.6.2 Daemon Server] - 2026-04-04T03:07:27.613Z - Serializing response for OUTPUTS_HASHES_MATCH message in json mode
[NX v22.6.2 Daemon Server] - 2026-04-04T03:07:27.613Z - Responding to OUTPUTS_HASHES_MATCH message
[NX v22.6.2 Daemon Server] - 2026-04-04T03:07:27.613Z - [REQUEST]: Responding to the client. outputsHashesMatch
[NX v22.6.2 Daemon Server] - 2026-04-04T03:07:27.613Z - Done responding to the client outputsHashesMatch
[NX v22.6.2 Daemon Server] - 2026-04-04T03:07:27.613Z - Handled json message OUTPUTS_HASHES_MATCH. Handling time: 2. Response time: 0.
[NX v22.6.2 Daemon Client] - 2026-04-04T03:07:27.613Z - [Messenger] Received message, length: 4
[NX v22.6.2 Daemon Client] - 2026-04-04T03:07:27.613Z - [Messenger] Sending message type: RECORD_OUTPUTS_HASH
[NX v22.6.2 Daemon Client] - 2026-04-04T03:07:27.613Z - [Messenger] Message sent
[NX v22.6.2 Daemon Server] - 2026-04-04T03:07:27.613Z - Received raw message of length 236
[NX v22.6.2 Daemon Server] - 2026-04-04T03:07:27.613Z - Received json message of type RECORD_OUTPUTS_HASH
[NX v22.6.2 Daemon Server] - 2026-04-04T03:07:27.616Z - Serializing response for RECORD_OUTPUTS_HASH message in json mode
[NX v22.6.2 Daemon Server] - 2026-04-04T03:07:27.616Z - Responding to RECORD_OUTPUTS_HASH message
[NX v22.6.2 Daemon Server] - 2026-04-04T03:07:27.616Z - [REQUEST]: Responding to the client. recordOutputsHash
[NX v22.6.2 Daemon Server] - 2026-04-04T03:07:27.616Z - Done responding to the client recordOutputsHash
[NX v22.6.2 Daemon Server] - 2026-04-04T03:07:27.616Z - Handled json message RECORD_OUTPUTS_HASH. Handling time: 3. Response time: 0.
[NX v22.6.2 Daemon Client] - 2026-04-04T03:07:27.616Z - [Messenger] Received message, length: 2
[NX v22.6.2 Daemon Client] - 2026-04-04T03:07:27.616Z - [Messenger] Sending message type: RECORD_OUTPUTS_HASH
[NX v22.6.2 Daemon Client] - 2026-04-04T03:07:27.617Z - [Messenger] Message sent
[NX v22.6.2 Daemon Server] - 2026-04-04T03:07:27.617Z - Received raw message of length 231
[NX v22.6.2 Daemon Server] - 2026-04-04T03:07:27.617Z - Received json message of type RECORD_OUTPUTS_HASH
[NX v22.6.2 Daemon Server] - 2026-04-04T03:07:27.619Z - Serializing response for RECORD_OUTPUTS_HASH message in json mode
[NX v22.6.2 Daemon Server] - 2026-04-04T03:07:27.619Z - Responding to RECORD_OUTPUTS_HASH message
[NX v22.6.2 Daemon Server] - 2026-04-04T03:07:27.619Z - [REQUEST]: Responding to the client. recordOutputsHash
[NX v22.6.2 Daemon Server] - 2026-04-04T03:07:27.619Z - Done responding to the client recordOutputsHash
[NX v22.6.2 Daemon Server] - 2026-04-04T03:07:27.619Z - Handled json message RECORD_OUTPUTS_HASH. Handling time: 2. Response time: 0.
[NX v22.6.2 Daemon Client] - 2026-04-04T03:07:27.619Z - [Messenger] Received message, length: 2
[NX v22.6.2 Daemon Client] - 2026-04-04T03:07:27.621Z - [Messenger] Sending message type: OUTPUTS_HASHES_MATCH
[NX v22.6.2 Daemon Client] - 2026-04-04T03:07:27.621Z - [Messenger] Message sent
[NX v22.6.2 Daemon Server] - 2026-04-04T03:07:27.621Z - Received raw message of length 196
[NX v22.6.2 Daemon Server] - 2026-04-04T03:07:27.621Z - Received json message of type OUTPUTS_HASHES_MATCH
[NX v22.6.2 Daemon Server] - 2026-04-04T03:07:27.627Z - Serializing response for OUTPUTS_HASHES_MATCH message in json mode
[NX v22.6.2 Daemon Server] - 2026-04-04T03:07:27.628Z - Responding to OUTPUTS_HASHES_MATCH message
[NX v22.6.2 Daemon Server] - 2026-04-04T03:07:27.628Z - [REQUEST]: Responding to the client. outputsHashesMatch
[NX v22.6.2 Daemon Server] - 2026-04-04T03:07:27.628Z - Done responding to the client outputsHashesMatch
[NX v22.6.2 Daemon Server] - 2026-04-04T03:07:27.628Z - Handled json message OUTPUTS_HASHES_MATCH. Handling time: 6. Response time: 1.
[NX v22.6.2 Daemon Client] - 2026-04-04T03:07:27.628Z - [Messenger] Received message, length: 4
[NX v22.6.2 Daemon Client] - 2026-04-04T03:07:27.628Z - [Messenger] Sending message type: OUTPUTS_HASHES_MATCH
[NX v22.6.2 Daemon Client] - 2026-04-04T03:07:27.628Z - [Messenger] Message sent
[NX v22.6.2 Daemon Server] - 2026-04-04T03:07:27.628Z - Received raw message of length 184
[NX v22.6.2 Daemon Server] - 2026-04-04T03:07:27.628Z - Received json message of type OUTPUTS_HASHES_MATCH
[NX v22.6.2 Daemon Server] - 2026-04-04T03:07:27.633Z - Serializing response for OUTPUTS_HASHES_MATCH message in json mode
[NX v22.6.2 Daemon Server] - 2026-04-04T03:07:27.633Z - Responding to OUTPUTS_HASHES_MATCH message
[NX v22.6.2 Daemon Server] - 2026-04-04T03:07:27.633Z - [REQUEST]: Responding to the client. outputsHashesMatch
[NX v22.6.2 Daemon Server] - 2026-04-04T03:07:27.633Z - Done responding to the client outputsHashesMatch
[NX v22.6.2 Daemon Server] - 2026-04-04T03:07:27.633Z - Handled json message OUTPUTS_HASHES_MATCH. Handling time: 5. Response time: 0.
[NX v22.6.2 Daemon Client] - 2026-04-04T03:07:27.633Z - [Messenger] Received message, length: 4
[NX v22.6.2 Daemon Client] - 2026-04-04T03:07:27.633Z - [Messenger] Sending message type: RECORD_OUTPUTS_HASH
[NX v22.6.2 Daemon Server] - 2026-04-04T03:07:27.633Z - Received raw message of length 195
[NX v22.6.2 Daemon Client] - 2026-04-04T03:07:27.633Z - [Messenger] Message sent
[NX v22.6.2 Daemon Server] - 2026-04-04T03:07:27.633Z - Received json message of type RECORD_OUTPUTS_HASH
[NX v22.6.2 Daemon Server] - 2026-04-04T03:07:27.636Z - Serializing response for RECORD_OUTPUTS_HASH message in json mode
[NX v22.6.2 Daemon Server] - 2026-04-04T03:07:27.636Z - Responding to RECORD_OUTPUTS_HASH message
[NX v22.6.2 Daemon Server] - 2026-04-04T03:07:27.636Z - [REQUEST]: Responding to the client. recordOutputsHash
[NX v22.6.2 Daemon Server] - 2026-04-04T03:07:27.636Z - Done responding to the client recordOutputsHash
[NX v22.6.2 Daemon Server] - 2026-04-04T03:07:27.636Z - Handled json message RECORD_OUTPUTS_HASH. Handling time: 3. Response time: 0.
[NX v22.6.2 Daemon Client] - 2026-04-04T03:07:27.636Z - [Messenger] Received message, length: 2
[NX v22.6.2 Daemon Client] - 2026-04-04T03:07:27.637Z - [Messenger] Sending message type: RECORD_OUTPUTS_HASH
[NX v22.6.2 Daemon Client] - 2026-04-04T03:07:27.637Z - [Messenger] Message sent
[NX v22.6.2 Daemon Server] - 2026-04-04T03:07:27.637Z - Received raw message of length 183
[NX v22.6.2 Daemon Server] - 2026-04-04T03:07:27.637Z - Received json message of type RECORD_OUTPUTS_HASH
[NX v22.6.2 Daemon Server] - 2026-04-04T03:07:27.641Z - Serializing response for RECORD_OUTPUTS_HASH message in json mode
[NX v22.6.2 Daemon Server] - 2026-04-04T03:07:27.641Z - Responding to RECORD_OUTPUTS_HASH message
[NX v22.6.2 Daemon Server] - 2026-04-04T03:07:27.641Z - [REQUEST]: Responding to the client. recordOutputsHash
[NX v22.6.2 Daemon Server] - 2026-04-04T03:07:27.641Z - Done responding to the client recordOutputsHash
[NX v22.6.2 Daemon Server] - 2026-04-04T03:07:27.641Z - Handled json message RECORD_OUTPUTS_HASH. Handling time: 4. Response time: 0.
[NX v22.6.2 Daemon Client] - 2026-04-04T03:07:27.641Z - [Messenger] Received message, length: 2
[NX v22.6.2 Daemon Client] - 2026-04-04T03:07:27.643Z - [Messenger] Sending message type: RECORD_TASK_RUNS
[NX v22.6.2 Daemon Client] - 2026-04-04T03:07:27.643Z - [Messenger] Message sent
[NX v22.6.2 Daemon Server] - 2026-04-04T03:07:27.643Z - Received raw message of length 2586
[NX v22.6.2 Daemon Server] - 2026-04-04T03:07:27.643Z - Received json message of type RECORD_TASK_RUNS
[NX v22.6.2 Daemon Server] - 2026-04-04T03:07:27.644Z - Serializing response for RECORD_TASK_RUNS message in json mode
[NX v22.6.2 Daemon Server] - 2026-04-04T03:07:27.644Z - Responding to RECORD_TASK_RUNS message
[NX v22.6.2 Daemon Server] - 2026-04-04T03:07:27.644Z - [REQUEST]: Responding to the client. handleRecordTaskRuns
[NX v22.6.2 Daemon Server] - 2026-04-04T03:07:27.644Z - Done responding to the client handleRecordTaskRuns
[NX v22.6.2 Daemon Server] - 2026-04-04T03:07:27.644Z - Handled json message RECORD_TASK_RUNS. Handling time: 1. Response time: 0.
[NX v22.6.2 Daemon Client] - 2026-04-04T03:07:27.644Z - [Messenger] Received message, length: 4
[NX v22.6.2 Daemon Client] - 2026-04-04T03:07:27.644Z - [Messenger] Sending message type: GET_FLAKY_TASKS
[NX v22.6.2 Daemon Client] - 2026-04-04T03:07:27.644Z - [Messenger] Message sent
[NX v22.6.2 Daemon Server] - 2026-04-04T03:07:27.644Z - Received raw message of length 328
[NX v22.6.2 Daemon Server] - 2026-04-04T03:07:27.644Z - Received json message of type GET_FLAKY_TASKS
[NX v22.6.2 Daemon Server] - 2026-04-04T03:07:27.644Z - Serializing response for GET_FLAKY_TASKS message in json mode
[NX v22.6.2 Daemon Server] - 2026-04-04T03:07:27.644Z - Responding to GET_FLAKY_TASKS message
[NX v22.6.2 Daemon Server] - 2026-04-04T03:07:27.644Z - [REQUEST]: Responding to the client. handleGetFlakyTasks
[NX v22.6.2 Daemon Server] - 2026-04-04T03:07:27.644Z - Done responding to the client handleGetFlakyTasks
[NX v22.6.2 Daemon Server] - 2026-04-04T03:07:27.644Z - Handled json message GET_FLAKY_TASKS. Handling time: 0. Response time: 0.
[NX v22.6.2 Daemon Client] - 2026-04-04T03:07:27.644Z - [Messenger] Received message, length: 2
[NX v22.6.2 Daemon Server] - 2026-04-04T03:07:30.687Z - Established a connection. Number of open connections: 2
[NX v22.6.2 Daemon Server] - 2026-04-04T03:07:30.687Z - Closed a connection. Number of open connections: 1
[NX v22.6.2 Daemon Client] - 2026-04-04T03:07:30.687Z - [Messenger] Sending message type: GET_CONFIGURE_AI_AGENTS_STATUS
[NX v22.6.2 Daemon Server] - 2026-04-04T03:07:30.688Z - Received raw message of length 41
[NX v22.6.2 Daemon Server] - 2026-04-04T03:07:30.688Z - Received json message of type GET_CONFIGURE_AI_AGENTS_STATUS
[NX v22.6.2 Daemon Server] - 2026-04-04T03:07:30.688Z - [AI-AGENTS]: Returning cached agent configuration status
[NX v22.6.2 Daemon Server] - 2026-04-04T03:07:30.688Z - Serializing response for GET_CONFIGURE_AI_AGENTS_STATUS message in json mode
[NX v22.6.2 Daemon Client] - 2026-04-04T03:07:30.688Z - [Messenger] Message sent
[NX v22.6.2 Daemon Server] - 2026-04-04T03:07:30.688Z - Responding to GET_CONFIGURE_AI_AGENTS_STATUS message
[NX v22.6.2 Daemon Server] - 2026-04-04T03:07:30.688Z - [REQUEST]: Responding to the client. handleGetConfigureAiAgentsStatus
[NX v22.6.2 Daemon Server] - 2026-04-04T03:07:30.688Z - Done responding to the client handleGetConfigureAiAgentsStatus
[NX v22.6.2 Daemon Server] - 2026-04-04T03:07:30.688Z - Handled json message GET_CONFIGURE_AI_AGENTS_STATUS. Handling time: 0. Response time: 0.
[NX v22.6.2 Daemon Client] - 2026-04-04T03:07:30.688Z - [Messenger] Received message, length: 342
[NX v22.6.2 Daemon Client] - 2026-04-04T03:07:30.908Z - [Messenger] Sending message type: POST_TASKS_EXECUTION
[NX v22.6.2 Daemon Client] - 2026-04-04T03:07:30.909Z - [Messenger] Message sent
[NX v22.6.2 Daemon Server] - 2026-04-04T03:07:30.911Z - Received raw message of length 453430
[NX v22.6.2 Daemon Server] - 2026-04-04T03:07:30.912Z - Received json message of type POST_TASKS_EXECUTION
[NX v22.6.2 Daemon Server] - 2026-04-04T03:07:30.912Z - Serializing response for POST_TASKS_EXECUTION message in json mode
[NX v22.6.2 Daemon Server] - 2026-04-04T03:07:30.912Z - Responding to POST_TASKS_EXECUTION message
[NX v22.6.2 Daemon Server] - 2026-04-04T03:07:30.912Z - [REQUEST]: Responding to the client. handleRunPostTasksExecution
[NX v22.6.2 Daemon Server] - 2026-04-04T03:07:30.912Z - Done responding to the client handleRunPostTasksExecution
[NX v22.6.2 Daemon Server] - 2026-04-04T03:07:30.912Z - Handled json message POST_TASKS_EXECUTION. Handling time: 0. Response time: 0.
[NX v22.6.2 Daemon Server] - 2026-04-04T03:07:30.912Z - Time taken for 'postTasksExecution' 0.10291700006928295ms
[NX v22.6.2 Daemon Client] - 2026-04-04T03:07:30.912Z - [Messenger] Received message, length: 4
[NX v22.6.2 Daemon Server] - 2026-04-04T03:07:30.921Z - Closed a connection. Number of open connections: 0
[NX v22.6.2 Daemon Server] - 2026-04-04T03:07:31.968Z - [WATCHER]: Processing file changes in outputs
[NX v22.6.2 Daemon Server] - 2026-04-04T03:07:56.314Z - [WATCHER]: Processing file changes in outputs
[NX v22.6.2 Daemon Server] - 2026-04-04T06:19:14.194Z - [WATCHER]: Stopping the watcher for /Users/thilinashashimalsenarath/Documents/thunder/frontend (sources)
[NX v22.6.2 Daemon Server] - 2026-04-04T06:19:14.204Z - [WATCHER]: Stopping the watcher for /Users/thilinashashimalsenarath/Documents/thunder/frontend (outputs)
[NX v22.6.2 Daemon Server] - 2026-04-04T06:19:14.225Z - [LATEST-NX]: Cleaning up latest Nx installation from /private/var/folders/hb/3my_1qdj0w149mpd7vs6mkn80000gn/T/tmp-15834-gj2taYkzPEws
[NX v22.6.2 Daemon Server] - 2026-04-04T06:19:14.230Z - Server stopped because: "10800000ms of inactivity"
